{"type":"FeatureCollection","metadata":{"source":"INEGI · Marco Geoestadístico 2025","official_service":"https://lcidsig.inegi.org.mx/server/rest/services/Hosted/Municipios_2025/FeatureServer/0","local_mirror":"https://github.com/MacWilliXD/INEGI-geojson/blob/main/geojson_descargas/AGEM_11.geojson","state_code":"11","feature_count":46,"simplification_tolerance_degrees":0.00032},"features":[{"type":"Feature","properties":{"cvegeo":"11001","cve_ent":"11","cve_mun":"001","nombre":"Abasolo"},"geometry":{"type":"MultiPolygon","crs":{"type":"name","properties":{"name":"EPSG:6365"}},"coordinates":[[[[-101.599129,20.776687],[-101.59698,20.776138],[-101.594458,20.774522],[-101.587024,20.763697],[-101.592952,20.761782],[-101.591529,20.758133],[-101.589294,20.754678],[-101.570544,20.753771],[-101.569536,20.751665],[-101.567042,20.740812],[-101.55734,20.742812],[-101.557601,20.759592],[-101.527131,20.749072],[-101.527729,20.74834],[-101.527261,20.748187],[-101.528112,20.747673],[-101.528798,20.747621],[-101.529055,20.748133],[-101.530506,20.747165],[-101.531947,20.747296],[-101.531961,20.746794],[-101.530695,20.746852],[-101.534738,20.740519],[-101.541526,20.73156],[-101.52835,20.717782],[-101.538165,20.709257],[-101.540085,20.702791],[-101.526873,20.705811],[-101.511098,20.67981],[-101.503046,20.680051],[-101.498852,20.666172],[-101.499673,20.665887],[-101.500294,20.659756],[-101.498733,20.659375],[-101.498048,20.657827],[-101.490017,20.648787],[-101.481746,20.649626],[-101.480272,20.650999],[-101.475903,20.652561],[-101.475302,20.651749],[-101.47694,20.650823],[-101.477576,20.6464],[-101.47882,20.64679],[-101.479997,20.639626],[-101.484064,20.6398],[-101.485696,20.644315],[-101.48704,20.644416],[-101.490317,20.643784],[-101.490781,20.640548],[-101.495654,20.639885],[-101.497381,20.596137],[-101.478002,20.590538],[-101.473442,20.593509],[-101.474741,20.588493],[-101.472296,20.572735],[-101.484478,20.564871],[-101.493587,20.565878],[-101.497841,20.561378],[-101.507523,20.561561],[-101.507599,20.561004],[-101.507794,20.552133],[-101.50482,20.543782],[-101.505044,20.534918],[-101.504392,20.531883],[-101.501512,20.52467],[-101.501057,20.519961],[-101.496105,20.514793],[-101.496415,20.512506],[-101.49464,20.512478],[-101.493552,20.508788],[-101.472275,20.502464],[-101.457029,20.504763],[-101.4473,20.507136],[-101.447824,20.505541],[-101.44438,20.501125],[-101.429237,20.505222],[-101.419764,20.50937],[-101.400522,20.515821],[-101.397934,20.503445],[-101.390392,20.501751],[-101.367035,20.504241],[-101.368987,20.497395],[-101.36888,20.49474],[-101.369766,20.491459],[-101.372775,20.486999],[-101.375123,20.486067],[-101.379157,20.48588],[-101.380949,20.48452],[-101.386002,20.482234],[-101.387764,20.482807],[-101.389891,20.485421],[-101.390691,20.485777],[-101.391384,20.484316],[-101.390164,20.481863],[-101.390241,20.480792],[-101.39204,20.478634],[-101.392534,20.476888],[-101.394814,20.47544],[-101.396431,20.475828],[-101.397584,20.477271],[-101.39769,20.480889],[-101.398543,20.482759],[-101.400689,20.483038],[-101.402629,20.481391],[-101.403046,20.479212],[-101.402667,20.476601],[-101.401162,20.474375],[-101.398676,20.472632],[-101.39274,20.462766],[-101.390646,20.460185],[-101.389659,20.457924],[-101.390031,20.452796],[-101.387089,20.448457],[-101.388598,20.444072],[-101.388613,20.442157],[-101.383925,20.434333],[-101.384491,20.430451],[-101.381684,20.428224],[-101.380817,20.426902],[-101.380883,20.423615],[-101.379961,20.416033],[-101.381714,20.413585],[-101.384264,20.412841],[-101.385804,20.413314],[-101.389123,20.416013],[-101.392581,20.415456],[-101.397238,20.413343],[-101.40022,20.409873],[-101.401085,20.40706],[-101.403418,20.406707],[-101.405846,20.407702],[-101.406922,20.407294],[-101.407383,20.406028],[-101.407231,20.403851],[-101.404684,20.400416],[-101.403557,20.397581],[-101.405164,20.394113],[-101.409934,20.394313],[-101.412638,20.392819],[-101.412744,20.391632],[-101.410898,20.387337],[-101.412095,20.385701],[-101.426626,20.398498],[-101.434361,20.402935],[-101.434158,20.403315],[-101.436598,20.404658],[-101.438429,20.406902],[-101.439584,20.406725],[-101.442226,20.40845],[-101.442116,20.409742],[-101.440466,20.410569],[-101.440802,20.410943],[-101.446698,20.411238],[-101.447243,20.412603],[-101.452652,20.413836],[-101.453087,20.414371],[-101.45299,20.41571],[-101.454063,20.415859],[-101.45533,20.415196],[-101.457781,20.417997],[-101.459044,20.417182],[-101.46048,20.414812],[-101.465021,20.413136],[-101.465212,20.411917],[-101.466536,20.411083],[-101.472678,20.412328],[-101.476794,20.411595],[-101.477961,20.411849],[-101.478409,20.410581],[-101.47823,20.41114],[-101.479812,20.410867],[-101.480055,20.411351],[-101.480565,20.410775],[-101.482426,20.41037],[-101.486316,20.414911],[-101.488583,20.412919],[-101.489303,20.410902],[-101.488224,20.407894],[-101.491496,20.405189],[-101.493365,20.406241],[-101.494382,20.405794],[-101.498069,20.406675],[-101.508454,20.406499],[-101.513257,20.401477],[-101.512848,20.397819],[-101.523878,20.402268],[-101.525192,20.398111],[-101.526619,20.396167],[-101.530639,20.398534],[-101.547622,20.399494],[-101.549156,20.399991],[-101.54915,20.401037],[-101.556075,20.40174],[-101.559696,20.394071],[-101.564637,20.395599],[-101.564664,20.392942],[-101.567488,20.391766],[-101.572611,20.392365],[-101.572286,20.393564],[-101.571052,20.394149],[-101.571186,20.394969],[-101.572805,20.394565],[-101.575068,20.390957],[-101.577475,20.382597],[-101.576756,20.367969],[-101.574882,20.363253],[-101.573647,20.363522],[-101.573934,20.364296],[-101.573497,20.36435],[-101.569938,20.363429],[-101.571062,20.363014],[-101.56944,20.359188],[-101.570555,20.355827],[-101.568396,20.34609],[-101.568088,20.341503],[-101.566669,20.341593],[-101.566735,20.334692],[-101.567295,20.334644],[-101.56739,20.333569],[-101.56681,20.329201],[-101.566145,20.327371],[-101.563388,20.325369],[-101.562425,20.32549],[-101.564022,20.320134],[-101.56364,20.320474],[-101.562649,20.318327],[-101.561231,20.316982],[-101.561435,20.316589],[-101.56339,20.31644],[-101.564487,20.317004],[-101.565782,20.315741],[-101.566567,20.315681],[-101.567852,20.316791],[-101.568874,20.316731],[-101.570248,20.315721],[-101.570798,20.315938],[-101.571625,20.317968],[-101.571606,20.320713],[-101.573176,20.321398],[-101.575743,20.321324],[-101.576887,20.325521],[-101.577833,20.326384],[-101.580545,20.327134],[-101.583591,20.327182],[-101.584213,20.325748],[-101.584072,20.319552],[-101.58506,20.318105],[-101.584442,20.316722],[-101.586794,20.314295],[-101.588811,20.313345],[-101.588954,20.310002],[-101.589758,20.30934],[-101.592674,20.309904],[-101.596008,20.311845],[-101.600666,20.310374],[-101.600757,20.308729],[-101.599107,20.30656],[-101.600575,20.302544],[-101.60028,20.298418],[-101.602936,20.297934],[-101.605003,20.298667],[-101.605679,20.299771],[-101.60589,20.302697],[-101.604685,20.309424],[-101.605299,20.309814],[-101.608515,20.309748],[-101.611271,20.312725],[-101.614794,20.311733],[-101.617775,20.312403],[-101.619927,20.315503],[-101.621296,20.315576],[-101.624654,20.31458],[-101.62686,20.311497],[-101.627546,20.309559],[-101.627266,20.307359],[-101.625792,20.305605],[-101.627094,20.303421],[-101.627349,20.304508],[-101.628203,20.305288],[-101.628003,20.308315],[-101.629065,20.308764],[-101.629908,20.308398],[-101.633596,20.308966],[-101.63093,20.311529],[-101.631376,20.312663],[-101.632612,20.313645],[-101.63156,20.315841],[-101.630856,20.314949],[-101.630295,20.314989],[-101.627101,20.316553],[-101.629062,20.318356],[-101.629288,20.319051],[-101.628591,20.320021],[-101.629193,20.322083],[-101.628224,20.321858],[-101.625085,20.322871],[-101.625206,20.324112],[-101.621355,20.325861],[-101.626647,20.329271],[-101.62752,20.333019],[-101.625925,20.333502],[-101.624794,20.334913],[-101.621235,20.335868],[-101.620123,20.337028],[-101.620097,20.338263],[-101.621493,20.340057],[-101.62754,20.339507],[-101.629876,20.337148],[-101.628893,20.336137],[-101.628568,20.333824],[-101.634127,20.333447],[-101.636104,20.334013],[-101.637318,20.334646],[-101.639125,20.337306],[-101.638712,20.338912],[-101.63606,20.339306],[-101.635687,20.339972],[-101.636549,20.341039],[-101.636543,20.342973],[-101.641496,20.347458],[-101.641161,20.348786],[-101.640176,20.34932],[-101.640915,20.349738],[-101.643051,20.349223],[-101.643704,20.35005],[-101.646102,20.350651],[-101.645804,20.352736],[-101.644973,20.353525],[-101.643713,20.353201],[-101.641923,20.353538],[-101.642074,20.356087],[-101.643993,20.355521],[-101.644663,20.356082],[-101.642932,20.358876],[-101.641535,20.359983],[-101.642211,20.361393],[-101.641047,20.363791],[-101.642201,20.3646],[-101.642302,20.365663],[-101.64176,20.366529],[-101.643157,20.366605],[-101.642509,20.36829],[-101.640944,20.368844],[-101.638939,20.367822],[-101.638236,20.368337],[-101.639049,20.370167],[-101.638524,20.37102],[-101.63871,20.37237],[-101.638012,20.372765],[-101.635031,20.371613],[-101.633368,20.369383],[-101.632342,20.370649],[-101.628473,20.373284],[-101.625928,20.373463],[-101.623748,20.37284],[-101.622854,20.373165],[-101.622136,20.374896],[-101.621094,20.375417],[-101.620195,20.376773],[-101.618636,20.377361],[-101.62046,20.379839],[-101.619532,20.380602],[-101.619492,20.383511],[-101.617997,20.384089],[-101.616789,20.383897],[-101.615044,20.386657],[-101.613433,20.386929],[-101.613006,20.390036],[-101.6109,20.392533],[-101.610836,20.395214],[-101.607831,20.396976],[-101.60639,20.399215],[-101.604063,20.398998],[-101.602823,20.399755],[-101.601585,20.39969],[-101.601573,20.400507],[-101.603145,20.400549],[-101.603418,20.401607],[-101.600052,20.403159],[-101.601264,20.405222],[-101.600381,20.406747],[-101.600531,20.407286],[-101.601121,20.407861],[-101.602548,20.407266],[-101.603338,20.407594],[-101.603088,20.40852],[-101.602087,20.40914],[-101.602926,20.41008],[-101.602042,20.411365],[-101.603948,20.411962],[-101.603777,20.41369],[-101.603082,20.414236],[-101.601804,20.412935],[-101.601242,20.413057],[-101.600857,20.414759],[-101.59823,20.415124],[-101.59772,20.41736],[-101.598791,20.417848],[-101.600509,20.420356],[-101.602259,20.41992],[-101.602672,20.421351],[-101.6008,20.421961],[-101.59963,20.42143],[-101.601101,20.423459],[-101.60065,20.4243],[-101.598937,20.423302],[-101.595438,20.42491],[-101.596637,20.425639],[-101.595057,20.426668],[-101.595078,20.427044],[-101.596159,20.427113],[-101.596253,20.427838],[-101.594902,20.429285],[-101.59551,20.430474],[-101.594965,20.431748],[-101.595717,20.432236],[-101.597151,20.431814],[-101.599553,20.432748],[-101.599826,20.433468],[-101.599019,20.435199],[-101.60138,20.43596],[-101.601297,20.437766],[-101.603343,20.437045],[-101.604717,20.437424],[-101.605983,20.439765],[-101.605435,20.440464],[-101.605527,20.441301],[-101.606778,20.442123],[-101.607693,20.444487],[-101.609843,20.446311],[-101.609651,20.447372],[-101.61044,20.449524],[-101.60716,20.450675],[-101.606937,20.451147],[-101.607447,20.453404],[-101.610889,20.454862],[-101.610198,20.456488],[-101.610795,20.457464],[-101.609416,20.461084],[-101.609892,20.461855],[-101.611308,20.462415],[-101.61033,20.467417],[-101.61188,20.46819],[-101.61392,20.467476],[-101.6141,20.468511],[-101.614711,20.468911],[-101.614666,20.469883],[-101.611706,20.472135],[-101.610217,20.471532],[-101.608975,20.471869],[-101.60405,20.471513],[-101.603601,20.471725],[-101.603907,20.472787],[-101.603524,20.473823],[-101.604204,20.474825],[-101.602836,20.475424],[-101.603364,20.480611],[-101.604554,20.482613],[-101.60359,20.483953],[-101.604078,20.485015],[-101.601798,20.489645],[-101.602572,20.49192],[-101.601577,20.492714],[-101.602237,20.495098],[-101.601249,20.496345],[-101.600727,20.498456],[-101.601486,20.500834],[-101.600772,20.502338],[-101.602014,20.502895],[-101.601708,20.505148],[-101.604235,20.506748],[-101.6048,20.506375],[-101.60707,20.506876],[-101.607863,20.507941],[-101.605957,20.509076],[-101.608405,20.513949],[-101.608729,20.516365],[-101.608411,20.517453],[-101.607563,20.518169],[-101.607651,20.521489],[-101.607086,20.52257],[-101.604862,20.522025],[-101.604956,20.52393],[-101.604241,20.524762],[-101.605015,20.526828],[-101.603526,20.528129],[-101.602069,20.528668],[-101.600458,20.528223],[-101.599383,20.530159],[-101.597909,20.530015],[-101.597212,20.530891],[-101.595869,20.53091],[-101.59534,20.531849],[-101.593266,20.532036],[-101.591171,20.534459],[-101.59071,20.534612],[-101.589947,20.533501],[-101.58881,20.534384],[-101.587856,20.534121],[-101.586494,20.534543],[-101.585482,20.535663],[-101.586536,20.537179],[-101.586392,20.539791],[-101.587078,20.541173],[-101.584788,20.546106],[-101.586675,20.547973],[-101.587619,20.54663],[-101.588631,20.546445],[-101.5893,20.546989],[-101.589386,20.548473],[-101.590414,20.550162],[-101.588952,20.552241],[-101.588898,20.554437],[-101.58998,20.556452],[-101.588984,20.556621],[-101.587868,20.555307],[-101.587555,20.555685],[-101.588221,20.557428],[-101.58642,20.55827],[-101.587686,20.559586],[-101.589188,20.558703],[-101.589139,20.560417],[-101.590631,20.560641],[-101.591269,20.562476],[-101.593851,20.562779],[-101.595366,20.565604],[-101.594682,20.567967],[-101.595178,20.569754],[-101.593652,20.570097],[-101.59457,20.573035],[-101.592418,20.575152],[-101.592255,20.57931],[-101.591579,20.579225],[-101.590135,20.577752],[-101.587693,20.578176],[-101.586786,20.579116],[-101.586694,20.580677],[-101.584185,20.580332],[-101.581384,20.582757],[-101.579476,20.582747],[-101.579119,20.583137],[-101.580241,20.584146],[-101.582021,20.58938],[-101.583408,20.590394],[-101.583447,20.590982],[-101.582339,20.592058],[-101.582826,20.593622],[-101.58155,20.594778],[-101.582423,20.599413],[-101.580579,20.601725],[-101.580707,20.604031],[-101.581615,20.605658],[-101.579573,20.610741],[-101.578219,20.611065],[-101.577532,20.612162],[-101.578741,20.616355],[-101.577817,20.619468],[-101.580415,20.621565],[-101.582348,20.621212],[-101.583559,20.623547],[-101.58524,20.622905],[-101.586031,20.623364],[-101.586421,20.62483],[-101.58948,20.625341],[-101.589303,20.626646],[-101.590386,20.629914],[-101.588698,20.633974],[-101.58754,20.63502],[-101.5867,20.633895],[-101.58731,20.631323],[-101.585946,20.630229],[-101.584844,20.630035],[-101.584301,20.630556],[-101.583409,20.631932],[-101.58361,20.633127],[-101.581688,20.633454],[-101.580443,20.632796],[-101.580993,20.634467],[-101.580136,20.635083],[-101.579544,20.636619],[-101.580192,20.637567],[-101.580329,20.639012],[-101.586146,20.639655],[-101.588345,20.641515],[-101.590543,20.642362],[-101.59233,20.647943],[-101.593826,20.648438],[-101.596914,20.651252],[-101.598982,20.654223],[-101.600511,20.654522],[-101.602226,20.653572],[-101.606781,20.656361],[-101.60724,20.657752],[-101.608247,20.658573],[-101.610069,20.65799],[-101.610151,20.655289],[-101.611675,20.655492],[-101.612561,20.657655],[-101.614845,20.657713],[-101.616125,20.656206],[-101.617577,20.656421],[-101.61911,20.659258],[-101.621641,20.660796],[-101.621342,20.662236],[-101.619104,20.662682],[-101.618392,20.664311],[-101.620895,20.667443],[-101.620347,20.670781],[-101.621052,20.671765],[-101.622843,20.671651],[-101.623922,20.672394],[-101.624025,20.674223],[-101.622988,20.677646],[-101.623575,20.679048],[-101.627082,20.680448],[-101.629241,20.682182],[-101.630617,20.685276],[-101.633971,20.685828],[-101.636483,20.686875],[-101.636945,20.688389],[-101.635252,20.689508],[-101.635763,20.692177],[-101.637106,20.694403],[-101.635736,20.706621],[-101.635303,20.706573],[-101.635571,20.710119],[-101.62598,20.709433],[-101.626983,20.710374],[-101.626911,20.713172],[-101.624863,20.718536],[-101.624142,20.718905],[-101.623629,20.721164],[-101.625676,20.721385],[-101.627775,20.722707],[-101.637582,20.722576],[-101.638716,20.725571],[-101.638625,20.731285],[-101.641289,20.737898],[-101.645232,20.743502],[-101.644758,20.747584],[-101.643317,20.749183],[-101.641057,20.750038],[-101.639052,20.757148],[-101.63374,20.761503],[-101.633773,20.762036],[-101.626062,20.765942],[-101.612463,20.770883],[-101.602323,20.776396],[-101.600506,20.776791],[-101.599129,20.776687]]]]}},{"type":"Feature","properties":{"cvegeo":"11019","cve_ent":"11","cve_mun":"019","nombre":"Jerécuaro"},"geometry":{"type":"MultiPolygon","crs":{"type":"name","properties":{"name":"EPSG:6365"}},"coordinates":[[[[-100.443511,20.387041],[-100.429089,20.382209],[-100.421336,20.378731],[-100.41537,20.378102],[-100.40979,20.375756],[-100.409543,20.370692],[-100.404709,20.366692],[-100.404636,20.364559],[-100.403062,20.36378],[-100.403928,20.362447],[-100.403279,20.360823],[-100.400667,20.358627],[-100.400812,20.35802],[-100.39892,20.355108],[-100.39681,20.353388],[-100.394807,20.350431],[-100.394016,20.350232],[-100.39336,20.347869],[-100.393045,20.342914],[-100.391867,20.337397],[-100.391016,20.336411],[-100.392364,20.32321],[-100.392032,20.314639],[-100.388383,20.309017],[-100.386379,20.306849],[-100.387003,20.304639],[-100.388117,20.305012],[-100.389087,20.302423],[-100.38958,20.302622],[-100.390896,20.301397],[-100.389211,20.299489],[-100.379429,20.294905],[-100.377541,20.296286],[-100.375367,20.295683],[-100.373592,20.295996],[-100.361671,20.285759],[-100.363414,20.284797],[-100.374628,20.281864],[-100.376676,20.284414],[-100.379283,20.285395],[-100.379936,20.287874],[-100.395454,20.286449],[-100.399095,20.282934],[-100.402137,20.28182],[-100.401715,20.281222],[-100.402783,20.27953],[-100.408156,20.277371],[-100.405411,20.275353],[-100.404027,20.273037],[-100.407288,20.2717],[-100.409339,20.271616],[-100.408816,20.259175],[-100.409281,20.255681],[-100.415082,20.237527],[-100.418785,20.230135],[-100.421661,20.229036],[-100.421494,20.228176],[-100.426255,20.225401],[-100.425869,20.223278],[-100.430467,20.222441],[-100.429972,20.221053],[-100.43004,20.217973],[-100.434208,20.218357],[-100.434579,20.217522],[-100.432603,20.20757],[-100.433089,20.207097],[-100.432695,20.204932],[-100.428956,20.206223],[-100.429464,20.203271],[-100.431077,20.203503],[-100.431176,20.203146],[-100.429458,20.190205],[-100.446154,20.187644],[-100.446492,20.183393],[-100.445613,20.182595],[-100.446285,20.177633],[-100.448112,20.178122],[-100.449426,20.175477],[-100.445548,20.173951],[-100.443495,20.175862],[-100.43713,20.175812],[-100.433356,20.174972],[-100.431693,20.175563],[-100.429148,20.175398],[-100.424531,20.174443],[-100.422464,20.174623],[-100.419885,20.173005],[-100.419267,20.173423],[-100.418912,20.175163],[-100.418007,20.175454],[-100.416508,20.174712],[-100.416142,20.173492],[-100.413472,20.17118],[-100.412214,20.171691],[-100.411618,20.173127],[-100.409911,20.174098],[-100.40793,20.176114],[-100.404991,20.177036],[-100.403569,20.180553],[-100.4023,20.180496],[-100.401558,20.179349],[-100.400556,20.179728],[-100.400614,20.178371],[-100.398929,20.177218],[-100.398958,20.176471],[-100.397639,20.175255],[-100.396613,20.175004],[-100.396841,20.173735],[-100.396066,20.170961],[-100.394599,20.169697],[-100.394362,20.167843],[-100.396176,20.166641],[-100.396474,20.163953],[-100.396268,20.162564],[-100.395029,20.161344],[-100.396637,20.160663],[-100.397737,20.161166],[-100.40141,20.161153],[-100.401916,20.15891],[-100.401294,20.158074],[-100.401803,20.157568],[-100.401734,20.156733],[-100.402498,20.156337],[-100.403589,20.154397],[-100.404331,20.15146],[-100.403741,20.150915],[-100.40388,20.150295],[-100.405874,20.15111],[-100.409852,20.150143],[-100.423416,20.15006],[-100.422197,20.146853],[-100.421814,20.140739],[-100.420178,20.13917],[-100.401234,20.126486],[-100.393609,20.132795],[-100.39274,20.140809],[-100.392055,20.141357],[-100.390251,20.141593],[-100.388771,20.143256],[-100.387109,20.141772],[-100.387254,20.141003],[-100.384886,20.140781],[-100.384465,20.140171],[-100.381799,20.142396],[-100.381183,20.142228],[-100.382529,20.137928],[-100.38312,20.129393],[-100.380929,20.130047],[-100.383608,20.129146],[-100.391512,20.121033],[-100.388462,20.114164],[-100.385292,20.104506],[-100.393859,20.098967],[-100.393797,20.098289],[-100.397055,20.09715],[-100.397188,20.096698],[-100.394652,20.093449],[-100.389751,20.080823],[-100.367475,20.067676],[-100.358264,20.064916],[-100.359768,20.05749],[-100.360988,20.055936],[-100.360639,20.054277],[-100.36137,20.054619],[-100.362041,20.053437],[-100.360598,20.052153],[-100.358706,20.04774],[-100.354384,20.027791],[-100.35497,20.01012],[-100.359274,20.009742],[-100.360744,20.020422],[-100.360505,20.023961],[-100.361943,20.023849],[-100.364708,20.019708],[-100.367711,20.02095],[-100.368013,20.020586],[-100.369472,20.021719],[-100.370403,20.021266],[-100.36996,20.015663],[-100.362931,19.989861],[-100.370706,19.989134],[-100.386829,19.988907],[-100.391167,19.988249],[-100.399341,19.985283],[-100.405019,19.983832],[-100.408113,19.985898],[-100.408935,19.987194],[-100.410615,19.987445],[-100.414001,19.985725],[-100.420358,19.985613],[-100.42478,19.984082],[-100.427862,19.985402],[-100.431236,19.985175],[-100.435916,19.983134],[-100.43679,19.983356],[-100.438321,19.9828],[-100.440168,19.982844],[-100.440528,19.983543],[-100.443584,19.982285],[-100.444424,19.983271],[-100.448532,19.982756],[-100.447864,19.984048],[-100.447817,19.986066],[-100.450043,19.988152],[-100.451644,19.988776],[-100.452346,19.990347],[-100.454456,19.991469],[-100.454881,19.994002],[-100.454038,19.996556],[-100.457266,19.999795],[-100.457029,20.001188],[-100.454471,20.001756],[-100.453436,20.002839],[-100.453571,20.003764],[-100.456039,20.007446],[-100.459569,20.007118],[-100.463108,20.009249],[-100.465007,20.009773],[-100.46653,20.008907],[-100.466508,20.006987],[-100.46763,20.006621],[-100.469408,20.007881],[-100.469913,20.008832],[-100.469684,20.010902],[-100.471602,20.012002],[-100.472822,20.01092],[-100.473647,20.011462],[-100.475678,20.007493],[-100.476618,20.00814],[-100.477574,20.007567],[-100.477354,20.007969],[-100.480926,20.010179],[-100.483712,20.011076],[-100.486404,20.013537],[-100.489417,20.014451],[-100.490653,20.016173],[-100.490521,20.018929],[-100.494213,20.020371],[-100.494512,20.021894],[-100.494101,20.023259],[-100.491628,20.025584],[-100.492338,20.026604],[-100.494251,20.027896],[-100.496541,20.028137],[-100.499127,20.027301],[-100.500779,20.028309],[-100.500133,20.030661],[-100.498679,20.031888],[-100.49767,20.03458],[-100.498979,20.038039],[-100.500804,20.038689],[-100.501313,20.040022],[-100.500889,20.04073],[-100.501007,20.044946],[-100.503052,20.047829],[-100.500619,20.050282],[-100.497058,20.048625],[-100.498826,20.05158],[-100.498626,20.052099],[-100.497407,20.052147],[-100.496832,20.055199],[-100.497157,20.056108],[-100.495146,20.055623],[-100.494458,20.054915],[-100.492488,20.051213],[-100.490693,20.053884],[-100.49128,20.054361],[-100.4897,20.054363],[-100.489078,20.054879],[-100.483565,20.052492],[-100.482726,20.051601],[-100.481869,20.052114],[-100.482221,20.053005],[-100.481722,20.053424],[-100.484148,20.055033],[-100.484623,20.055853],[-100.487024,20.057572],[-100.490251,20.058554],[-100.491595,20.061302],[-100.492878,20.062632],[-100.492988,20.06551],[-100.495508,20.063834],[-100.499193,20.064012],[-100.502841,20.065739],[-100.503494,20.066558],[-100.505132,20.065776],[-100.505445,20.066066],[-100.505437,20.066923],[-100.503259,20.068793],[-100.501034,20.069815],[-100.497648,20.070393],[-100.495441,20.069657],[-100.495505,20.070358],[-100.494146,20.070941],[-100.494999,20.070878],[-100.496222,20.072899],[-100.495171,20.072576],[-100.495442,20.073976],[-100.494489,20.074322],[-100.494755,20.073212],[-100.49356,20.072508],[-100.493452,20.075137],[-100.491951,20.075519],[-100.492112,20.075798],[-100.494511,20.07667],[-100.496025,20.076065],[-100.500396,20.076893],[-100.501752,20.078566],[-100.500922,20.080543],[-100.501836,20.082537],[-100.502168,20.08006],[-100.50327,20.078825],[-100.502859,20.077505],[-100.503229,20.077292],[-100.50421,20.077385],[-100.505535,20.079052],[-100.50582,20.07861],[-100.508178,20.078227],[-100.509745,20.079357],[-100.508169,20.076909],[-100.508336,20.07579],[-100.510023,20.072821],[-100.512502,20.070792],[-100.514213,20.070738],[-100.515006,20.071212],[-100.515547,20.072649],[-100.519489,20.075922],[-100.522583,20.075312],[-100.523369,20.076408],[-100.523044,20.080147],[-100.522316,20.08165],[-100.520153,20.082491],[-100.521087,20.083072],[-100.521291,20.083923],[-100.51773,20.08554],[-100.516057,20.085364],[-100.516715,20.086359],[-100.515909,20.087383],[-100.517336,20.086477],[-100.519702,20.086299],[-100.5213,20.086764],[-100.521186,20.088392],[-100.523044,20.089239],[-100.523725,20.087582],[-100.526578,20.086512],[-100.52636,20.084723],[-100.527908,20.083983],[-100.529534,20.085153],[-100.529327,20.088445],[-100.531621,20.08652],[-100.53321,20.086038],[-100.534062,20.086322],[-100.533818,20.0895],[-100.535715,20.089105],[-100.537314,20.09067],[-100.536958,20.091838],[-100.535661,20.092855],[-100.536676,20.094091],[-100.536345,20.09479],[-100.533669,20.096237],[-100.532469,20.098392],[-100.531319,20.099033],[-100.532146,20.100222],[-100.531441,20.101049],[-100.533971,20.102077],[-100.536524,20.102619],[-100.537508,20.10227],[-100.537959,20.102871],[-100.537911,20.102217],[-100.539069,20.101357],[-100.539584,20.09929],[-100.540429,20.098425],[-100.54134,20.098127],[-100.543036,20.098572],[-100.542604,20.09477],[-100.543767,20.094174],[-100.545853,20.094192],[-100.54305,20.091656],[-100.543293,20.091128],[-100.545384,20.091137],[-100.545178,20.089416],[-100.546929,20.088623],[-100.545514,20.085081],[-100.543217,20.081341],[-100.545748,20.081263],[-100.546383,20.08165],[-100.550818,20.079677],[-100.554193,20.082172],[-100.554734,20.078058],[-100.556469,20.078537],[-100.55791,20.077973],[-100.560575,20.078663],[-100.560883,20.080305],[-100.562137,20.080974],[-100.563683,20.079192],[-100.565161,20.078646],[-100.567089,20.080006],[-100.568968,20.083332],[-100.569012,20.084115],[-100.567856,20.084746],[-100.568354,20.087291],[-100.569066,20.08564],[-100.571769,20.084829],[-100.571215,20.081168],[-100.569672,20.077311],[-100.569269,20.074943],[-100.570273,20.072419],[-100.5721,20.072666],[-100.573776,20.07165],[-100.57518,20.068746],[-100.576515,20.069354],[-100.576801,20.071113],[-100.576247,20.07677],[-100.574752,20.081243],[-100.575703,20.081207],[-100.577247,20.080006],[-100.57943,20.077142],[-100.581722,20.070011],[-100.583597,20.069071],[-100.584317,20.062412],[-100.58502,20.060495],[-100.589867,20.061457],[-100.592294,20.059914],[-100.593227,20.060121],[-100.593425,20.063087],[-100.595107,20.063662],[-100.595384,20.064699],[-100.596683,20.065022],[-100.597247,20.065837],[-100.596966,20.066945],[-100.595424,20.067967],[-100.596616,20.072843],[-100.595976,20.076342],[-100.596136,20.078391],[-100.5942,20.079373],[-100.592601,20.077431],[-100.591468,20.077056],[-100.589849,20.078896],[-100.589115,20.078873],[-100.588755,20.079991],[-100.587787,20.079625],[-100.58743,20.081264],[-100.584096,20.079654],[-100.583838,20.079895],[-100.584891,20.082029],[-100.581754,20.082301],[-100.580964,20.084115],[-100.580151,20.0845],[-100.581057,20.086597],[-100.57986,20.086538],[-100.579328,20.087046],[-100.579916,20.088669],[-100.579484,20.090241],[-100.586801,20.091745],[-100.595096,20.111737],[-100.596803,20.117227],[-100.599703,20.123229],[-100.601846,20.133691],[-100.601099,20.143357],[-100.605474,20.147797],[-100.605382,20.148382],[-100.603573,20.149868],[-100.602174,20.150506],[-100.602611,20.15249],[-100.606494,20.154655],[-100.613158,20.150707],[-100.614792,20.147312],[-100.6186,20.149494],[-100.620836,20.151741],[-100.620508,20.148975],[-100.621177,20.148493],[-100.623834,20.148689],[-100.624179,20.15101],[-100.625906,20.15098],[-100.62828,20.152627],[-100.651272,20.15436],[-100.653466,20.179393],[-100.650211,20.180132],[-100.647373,20.182789],[-100.640479,20.184634],[-100.636785,20.191456],[-100.634608,20.197316],[-100.629635,20.198638],[-100.636241,20.206378],[-100.641499,20.214098],[-100.651596,20.219796],[-100.65339,20.220278],[-100.661732,20.224598],[-100.669288,20.226755],[-100.671552,20.226482],[-100.676116,20.228511],[-100.678005,20.229895],[-100.677876,20.257434],[-100.674233,20.26451],[-100.676146,20.266888],[-100.674221,20.267752],[-100.67253,20.272782],[-100.669942,20.276753],[-100.669803,20.27777],[-100.67053,20.279222],[-100.672484,20.280755],[-100.679868,20.280733],[-100.683208,20.283706],[-100.683314,20.285932],[-100.680928,20.287871],[-100.678946,20.291234],[-100.676293,20.293061],[-100.675749,20.294042],[-100.678176,20.294701],[-100.681281,20.294364],[-100.681363,20.30165],[-100.677665,20.303989],[-100.677617,20.306968],[-100.68692,20.321281],[-100.666332,20.338015],[-100.669937,20.34153],[-100.67062,20.342808],[-100.665735,20.346716],[-100.664417,20.347465],[-100.663478,20.347499],[-100.662741,20.346915],[-100.66104,20.342309],[-100.653599,20.348143],[-100.643077,20.348139],[-100.603298,20.330449],[-100.593345,20.325837],[-100.586017,20.310537],[-100.55438,20.325919],[-100.54849,20.328235],[-100.547756,20.328747],[-100.547602,20.330004],[-100.545749,20.331173],[-100.546505,20.332583],[-100.5418,20.334634],[-100.508704,20.332406],[-100.502181,20.33669],[-100.491514,20.34613],[-100.480661,20.354839],[-100.47815,20.361993],[-100.479106,20.362748],[-100.477645,20.363867],[-100.478351,20.365921],[-100.478478,20.372421],[-100.475977,20.377438],[-100.472551,20.380839],[-100.469764,20.382596],[-100.468785,20.384],[-100.469539,20.386921],[-100.456752,20.386305],[-100.444362,20.387172],[-100.443511,20.387041]]]]}},{"type":"Feature","properties":{"cvegeo":"11030","cve_ent":"11","cve_mun":"030","nombre":"San Felipe"},"geometry":{"type":"MultiPolygon","crs":{"type":"name","properties":{"name":"EPSG:6365"}},"coordinates":[[[[-101.36146,21.839121],[-101.319484,21.835334],[-101.305876,21.827015],[-101.296958,21.819267],[-101.292805,21.813896],[-101.289685,21.81214],[-101.287285,21.812078],[-101.286411,21.816275],[-101.285547,21.81793],[-101.283455,21.820635],[-101.281527,21.821468],[-101.278289,21.821194],[-101.27676,21.82215],[-101.274367,21.822423],[-101.266108,21.821524],[-101.264299,21.822966],[-101.26231,21.823444],[-101.250978,21.822486],[-101.247774,21.821648],[-101.246603,21.822199],[-101.245054,21.822092],[-101.241639,21.820493],[-101.229035,21.81783],[-101.217152,21.816077],[-101.219795,21.8022],[-101.190164,21.777478],[-101.161465,21.757643],[-101.14322,21.755557],[-101.136139,21.753226],[-101.08454,21.760502],[-101.082337,21.761494],[-101.05934,21.765421],[-101.03798,21.762219],[-101.034495,21.762968],[-101.031495,21.761305],[-101.005173,21.757231],[-101.00612,21.75191],[-101.002303,21.750817],[-101.000029,21.756407],[-100.981974,21.753527],[-100.971138,21.744895],[-100.965552,21.734926],[-100.943503,21.732622],[-100.938055,21.720535],[-100.918001,21.714455],[-100.912578,21.713649],[-100.921202,21.69996],[-100.920444,21.699733],[-100.918003,21.697156],[-100.917339,21.695569],[-100.916172,21.695156],[-100.913023,21.692465],[-100.911193,21.691972],[-100.909331,21.692266],[-100.908392,21.691665],[-100.908097,21.686179],[-100.907183,21.681637],[-100.903372,21.681034],[-100.902375,21.682018],[-100.870112,21.672494],[-100.86515,21.68708],[-100.861858,21.684199],[-100.852166,21.67335],[-100.841219,21.66744],[-100.834606,21.664653],[-100.850061,21.635072],[-100.857782,21.618682],[-100.872573,21.594328],[-100.930078,21.598695],[-100.933903,21.561855],[-100.965632,21.54483],[-100.983383,21.537436],[-101.004329,21.539628],[-101.009204,21.493722],[-101.026107,21.488796],[-101.01887,21.480705],[-101.020027,21.479204],[-101.022109,21.478146],[-101.02327,21.478352],[-101.027656,21.476639],[-101.030446,21.474677],[-101.039555,21.44547],[-101.030415,21.441701],[-101.023704,21.421529],[-101.025895,21.402157],[-101.036417,21.378763],[-101.041387,21.365567],[-101.037984,21.356781],[-101.03777,21.354997],[-101.039035,21.348946],[-101.040589,21.347806],[-101.039717,21.344348],[-101.040544,21.340146],[-101.038898,21.3356],[-101.039129,21.330759],[-101.040481,21.326125],[-101.046264,21.326812],[-101.047985,21.324034],[-101.048047,21.320755],[-101.049267,21.3192],[-101.049548,21.317422],[-101.05118,21.288593],[-101.054178,21.287537],[-101.071854,21.277854],[-101.087045,21.280472],[-101.081932,21.3127],[-101.083379,21.313945],[-101.094053,21.317457],[-101.0952,21.318299],[-101.096237,21.317981],[-101.09804,21.318375],[-101.098722,21.316986],[-101.10028,21.316461],[-101.102208,21.314685],[-101.102233,21.312736],[-101.102797,21.311739],[-101.104326,21.310491],[-101.105514,21.310564],[-101.105235,21.309177],[-101.106467,21.305604],[-101.105842,21.304074],[-101.107259,21.301398],[-101.109121,21.299207],[-101.111471,21.298099],[-101.110459,21.296366],[-101.110178,21.29462],[-101.109315,21.293609],[-101.107519,21.293384],[-101.104668,21.294457],[-101.102938,21.293721],[-101.101737,21.289525],[-101.100206,21.286608],[-101.100401,21.285267],[-101.101948,21.2828],[-101.105372,21.273981],[-101.105588,21.257977],[-101.151966,21.238743],[-101.156643,21.238341],[-101.169603,21.235025],[-101.184786,21.233509],[-101.188035,21.230378],[-101.189382,21.230852],[-101.191173,21.230663],[-101.193321,21.228034],[-101.193739,21.226328],[-101.193247,21.225379],[-101.194037,21.221981],[-101.196263,21.220404],[-101.196223,21.219757],[-101.203877,21.207644],[-101.205889,21.209818],[-101.214365,21.228018],[-101.219137,21.21613],[-101.222861,21.208569],[-101.243727,21.206349],[-101.268302,21.20579],[-101.275753,21.20454],[-101.285941,21.204494],[-101.28999,21.203393],[-101.295725,21.202812],[-101.298597,21.198801],[-101.298018,21.192609],[-101.297295,21.191906],[-101.297378,21.190461],[-101.300099,21.1898],[-101.301392,21.188186],[-101.304394,21.188496],[-101.306732,21.18985],[-101.313866,21.190626],[-101.313511,21.187813],[-101.309943,21.184822],[-101.306964,21.184054],[-101.30628,21.182938],[-101.303479,21.181322],[-101.319109,21.181215],[-101.319092,21.15913],[-101.324904,21.160108],[-101.32539,21.159523],[-101.329553,21.15811],[-101.32728,21.157006],[-101.326383,21.155765],[-101.322939,21.15734],[-101.324767,21.154032],[-101.327974,21.153179],[-101.329117,21.152546],[-101.330462,21.150768],[-101.332243,21.150255],[-101.33299,21.146029],[-101.335173,21.146657],[-101.340945,21.147043],[-101.344109,21.149806],[-101.345473,21.149586],[-101.358939,21.145867],[-101.36288,21.140283],[-101.369357,21.143238],[-101.372382,21.143762],[-101.373489,21.1418],[-101.372704,21.141283],[-101.37341,21.140444],[-101.377036,21.142473],[-101.377732,21.140558],[-101.376582,21.139509],[-101.378533,21.138087],[-101.38058,21.137589],[-101.382191,21.136239],[-101.383544,21.136584],[-101.385676,21.136286],[-101.386918,21.139565],[-101.385856,21.143512],[-101.387176,21.144933],[-101.386895,21.146086],[-101.387569,21.147431],[-101.384817,21.147809],[-101.385055,21.149139],[-101.383969,21.150269],[-101.384471,21.151267],[-101.386513,21.151684],[-101.386969,21.152843],[-101.388263,21.15373],[-101.386502,21.155425],[-101.383231,21.161279],[-101.379734,21.165188],[-101.379473,21.167669],[-101.377729,21.169035],[-101.37225,21.177028],[-101.372599,21.179613],[-101.376921,21.181101],[-101.377965,21.183439],[-101.380115,21.184184],[-101.38592,21.188722],[-101.386009,21.189095],[-101.383541,21.190939],[-101.391156,21.212872],[-101.392656,21.213054],[-101.39402,21.214549],[-101.397411,21.21507],[-101.406673,21.21492],[-101.409595,21.216751],[-101.411469,21.219435],[-101.410856,21.221884],[-101.412656,21.223178],[-101.412989,21.224744],[-101.412541,21.227075],[-101.418488,21.226794],[-101.41872,21.226396],[-101.422847,21.228246],[-101.426965,21.227811],[-101.429601,21.235177],[-101.430265,21.236019],[-101.431448,21.235595],[-101.43246,21.239671],[-101.431676,21.239976],[-101.433218,21.243915],[-101.438719,21.249545],[-101.440233,21.251954],[-101.44192,21.252383],[-101.443124,21.254017],[-101.443844,21.254014],[-101.444969,21.252947],[-101.447416,21.252637],[-101.449388,21.25166],[-101.454794,21.251735],[-101.458051,21.253321],[-101.459251,21.25478],[-101.461944,21.256324],[-101.467973,21.258988],[-101.473815,21.255515],[-101.479465,21.254276],[-101.484003,21.251877],[-101.488211,21.251012],[-101.488917,21.251173],[-101.489242,21.25238],[-101.497275,21.255177],[-101.498385,21.255111],[-101.49915,21.252737],[-101.501367,21.251461],[-101.505649,21.244625],[-101.500879,21.245813],[-101.500084,21.243723],[-101.502642,21.240963],[-101.502952,21.240043],[-101.502724,21.238441],[-101.501635,21.237728],[-101.502046,21.236163],[-101.501554,21.233136],[-101.511251,21.226725],[-101.512748,21.228385],[-101.51829,21.229128],[-101.52033,21.230217],[-101.522205,21.232227],[-101.523297,21.245516],[-101.527739,21.245429],[-101.528214,21.255447],[-101.537398,21.257116],[-101.537315,21.272479],[-101.543744,21.27074],[-101.547964,21.27171],[-101.548594,21.273214],[-101.549647,21.273101],[-101.555115,21.275393],[-101.557738,21.275939],[-101.558951,21.277995],[-101.558871,21.279719],[-101.559705,21.280875],[-101.562896,21.283154],[-101.57332,21.287626],[-101.574908,21.287026],[-101.57635,21.287509],[-101.579829,21.290049],[-101.582862,21.2932],[-101.582891,21.294107],[-101.584421,21.294586],[-101.586069,21.297518],[-101.586434,21.301378],[-101.585086,21.306292],[-101.586151,21.308501],[-101.586092,21.309699],[-101.586872,21.310498],[-101.588724,21.310901],[-101.589992,21.311844],[-101.601523,21.314635],[-101.601159,21.313958],[-101.602704,21.313504],[-101.602822,21.312973],[-101.606768,21.313246],[-101.609413,21.314728],[-101.610965,21.314155],[-101.612602,21.31487],[-101.615544,21.318293],[-101.615247,21.32025],[-101.616241,21.324414],[-101.630018,21.325477],[-101.630225,21.326351],[-101.632046,21.327048],[-101.633575,21.326796],[-101.63448,21.325797],[-101.636841,21.32577],[-101.639343,21.328939],[-101.642272,21.329345],[-101.64379,21.330122],[-101.64416,21.330123],[-101.643886,21.329353],[-101.644744,21.329301],[-101.645885,21.328334],[-101.646525,21.329593],[-101.645388,21.334402],[-101.646573,21.338061],[-101.644694,21.339636],[-101.64456,21.342148],[-101.643465,21.345837],[-101.643566,21.348713],[-101.642542,21.350304],[-101.643238,21.352337],[-101.642845,21.355106],[-101.645229,21.357069],[-101.644981,21.358316],[-101.645398,21.359554],[-101.649044,21.361733],[-101.651586,21.36527],[-101.651931,21.367115],[-101.651604,21.369636],[-101.652682,21.369252],[-101.654448,21.370029],[-101.655617,21.373283],[-101.657,21.373691],[-101.659533,21.376143],[-101.662051,21.376534],[-101.668743,21.380914],[-101.672417,21.386448],[-101.675172,21.386609],[-101.676232,21.389812],[-101.677963,21.38816],[-101.679763,21.390261],[-101.678942,21.393436],[-101.677608,21.394281],[-101.677583,21.395142],[-101.675587,21.395479],[-101.671914,21.398224],[-101.670385,21.400457],[-101.670378,21.402346],[-101.669675,21.401695],[-101.668757,21.401844],[-101.667569,21.403272],[-101.665162,21.404363],[-101.662141,21.404725],[-101.66113,21.405183],[-101.660667,21.406035],[-101.658516,21.4068],[-101.654237,21.407496],[-101.651014,21.406902],[-101.638406,21.410002],[-101.632912,21.407478],[-101.630944,21.407313],[-101.626688,21.409243],[-101.618817,21.415388],[-101.615997,21.415056],[-101.614298,21.415444],[-101.611539,21.414675],[-101.606634,21.414966],[-101.606122,21.416959],[-101.602052,21.419915],[-101.597565,21.420977],[-101.596637,21.420756],[-101.594939,21.41851],[-101.589139,21.415131],[-101.587686,21.415626],[-101.585509,21.415416],[-101.581641,21.417797],[-101.578749,21.41844],[-101.571538,21.418356],[-101.569028,21.41876],[-101.562101,21.425621],[-101.556153,21.42465],[-101.553908,21.422979],[-101.551617,21.426151],[-101.54647,21.426249],[-101.535692,21.430437],[-101.527337,21.430725],[-101.526605,21.431844],[-101.522594,21.419898],[-101.525874,21.413037],[-101.527571,21.411103],[-101.527965,21.408996],[-101.529736,21.408129],[-101.529298,21.406036],[-101.53033,21.404157],[-101.529396,21.401459],[-101.532471,21.399541],[-101.530943,21.393915],[-101.528138,21.393709],[-101.518302,21.397988],[-101.508373,21.394736],[-101.512537,21.3911],[-101.514644,21.391461],[-101.509595,21.381979],[-101.509341,21.382544],[-101.502548,21.380518],[-101.501438,21.378186],[-101.500239,21.379092],[-101.49679,21.379342],[-101.493473,21.380366],[-101.493118,21.381738],[-101.485615,21.385115],[-101.487159,21.383298],[-101.484841,21.38348],[-101.48398,21.385827],[-101.482168,21.386657],[-101.480404,21.383939],[-101.477392,21.385042],[-101.478828,21.38824],[-101.469372,21.392254],[-101.46995,21.391316],[-101.468629,21.38992],[-101.4628,21.396588],[-101.461702,21.39608],[-101.461439,21.396421],[-101.460817,21.396089],[-101.454415,21.396548],[-101.453213,21.400693],[-101.444462,21.410257],[-101.440846,21.411603],[-101.439864,21.414517],[-101.436549,21.416103],[-101.433702,21.418438],[-101.433335,21.418396],[-101.433392,21.417193],[-101.421833,21.41484],[-101.422149,21.414552],[-101.42081,21.413863],[-101.407319,21.409707],[-101.405493,21.420765],[-101.404196,21.420799],[-101.401637,21.41943],[-101.401652,21.418022],[-101.398704,21.415451],[-101.398285,21.414131],[-101.396211,21.413147],[-101.392686,21.410152],[-101.390387,21.405355],[-101.388482,21.404991],[-101.380103,21.40668],[-101.379937,21.404743],[-101.377963,21.403735],[-101.376934,21.403943],[-101.371147,21.397455],[-101.365785,21.39821],[-101.328717,21.409698],[-101.333098,21.447838],[-101.334826,21.45266],[-101.334846,21.456041],[-101.339148,21.463672],[-101.335071,21.472508],[-101.33101,21.476888],[-101.325035,21.488035],[-101.320168,21.48134],[-101.316635,21.507184],[-101.314723,21.508249],[-101.313901,21.509467],[-101.310214,21.510546],[-101.307758,21.512468],[-101.306321,21.512677],[-101.305112,21.513591],[-101.305594,21.514324],[-101.303762,21.514969],[-101.302405,21.516899],[-101.301341,21.516564],[-101.299884,21.51734],[-101.298869,21.516293],[-101.297282,21.516362],[-101.285706,21.523271],[-101.285283,21.524276],[-101.288883,21.528403],[-101.289009,21.531188],[-101.292625,21.532766],[-101.292395,21.535018],[-101.290682,21.53721],[-101.295066,21.538906],[-101.295139,21.541047],[-101.297439,21.538799],[-101.299354,21.537897],[-101.299677,21.536324],[-101.304274,21.537578],[-101.307602,21.537634],[-101.307787,21.539905],[-101.306971,21.54145],[-101.306691,21.543643],[-101.310515,21.546084],[-101.311938,21.549037],[-101.314,21.549146],[-101.31598,21.550335],[-101.322676,21.551752],[-101.320205,21.555183],[-101.321942,21.555933],[-101.348355,21.559599],[-101.353832,21.565562],[-101.357946,21.560343],[-101.363533,21.561396],[-101.362085,21.57074],[-101.364484,21.570787],[-101.369388,21.571892],[-101.363424,21.596304],[-101.3576,21.596205],[-101.355573,21.609243],[-101.349498,21.625743],[-101.338198,21.677765],[-101.439393,21.666739],[-101.439867,21.666812],[-101.440405,21.670392],[-101.442747,21.690538],[-101.443415,21.70994],[-101.443374,21.735871],[-101.432272,21.73577],[-101.432065,21.744316],[-101.420225,21.74428],[-101.416948,21.748132],[-101.416771,21.753538],[-101.426534,21.754945],[-101.426109,21.76483],[-101.422732,21.764575],[-101.422507,21.768824],[-101.425925,21.768978],[-101.426038,21.766863],[-101.429393,21.767166],[-101.429067,21.773389],[-101.424373,21.773181],[-101.423589,21.788263],[-101.425449,21.788352],[-101.4252,21.79335],[-101.423422,21.79325],[-101.42279,21.824857],[-101.407004,21.831455],[-101.385514,21.836006],[-101.371446,21.838341],[-101.37138,21.837725],[-101.369692,21.838669],[-101.365274,21.839417],[-101.36146,21.839121]]]]}},{"type":"Feature","properties":{"cvegeo":"11007","cve_ent":"11","cve_mun":"007","nombre":"Celaya"},"geometry":{"type":"MultiPolygon","crs":{"type":"name","properties":{"name":"EPSG:6365"}},"coordinates":[[[[-100.666625,20.688367],[-100.652522,20.671183],[-100.646035,20.667035],[-100.634883,20.666767],[-100.635548,20.663388],[-100.635267,20.662139],[-100.642988,20.652886],[-100.646617,20.654589],[-100.650261,20.657236],[-100.651826,20.657543],[-100.653627,20.659286],[-100.672315,20.664095],[-100.667858,20.646843],[-100.659571,20.646013],[-100.662669,20.629092],[-100.667179,20.629786],[-100.667372,20.628006],[-100.666517,20.623067],[-100.672143,20.621327],[-100.675433,20.621412],[-100.676121,20.618064],[-100.679865,20.618625],[-100.693789,20.618868],[-100.696316,20.62118],[-100.698334,20.621167],[-100.71095,20.583356],[-100.712654,20.567798],[-100.723671,20.56941],[-100.729893,20.569206],[-100.738865,20.559302],[-100.739587,20.554916],[-100.741603,20.552693],[-100.741345,20.554675],[-100.743015,20.554939],[-100.743501,20.552772],[-100.742151,20.551689],[-100.743567,20.552159],[-100.744164,20.549816],[-100.750781,20.549586],[-100.751861,20.546325],[-100.751318,20.545285],[-100.752131,20.544291],[-100.753511,20.54041],[-100.757352,20.537543],[-100.757486,20.53652],[-100.758939,20.535105],[-100.758515,20.534022],[-100.759444,20.531145],[-100.759219,20.529913],[-100.760017,20.529708],[-100.759645,20.530837],[-100.760985,20.527994],[-100.761698,20.527647],[-100.764861,20.514686],[-100.762927,20.514932],[-100.764464,20.50809],[-100.741394,20.498237],[-100.743328,20.495679],[-100.742605,20.495687],[-100.748981,20.485324],[-100.738208,20.483394],[-100.739503,20.479728],[-100.739067,20.479387],[-100.734485,20.478166],[-100.733157,20.47844],[-100.732458,20.477766],[-100.730412,20.477559],[-100.7297,20.476955],[-100.725918,20.485427],[-100.720684,20.484533],[-100.719535,20.48647],[-100.712596,20.483251],[-100.693904,20.479035],[-100.693312,20.4708],[-100.692691,20.468604],[-100.693424,20.461312],[-100.693599,20.447177],[-100.691774,20.440783],[-100.695688,20.440573],[-100.695857,20.438903],[-100.693926,20.427058],[-100.694001,20.424881],[-100.690696,20.424026],[-100.692942,20.420872],[-100.694029,20.420811],[-100.698735,20.415991],[-100.69811,20.415007],[-100.698343,20.410623],[-100.697261,20.407883],[-100.701119,20.40653],[-100.699959,20.40126],[-100.701557,20.400942],[-100.706561,20.402508],[-100.708885,20.402638],[-100.708669,20.403587],[-100.709346,20.406363],[-100.710501,20.408164],[-100.710274,20.409154],[-100.712311,20.410823],[-100.71476,20.41165],[-100.716249,20.411464],[-100.717617,20.410457],[-100.71866,20.40827],[-100.719676,20.407452],[-100.71984,20.405772],[-100.727797,20.405228],[-100.726667,20.401447],[-100.729287,20.399734],[-100.730155,20.399992],[-100.730337,20.399388],[-100.730027,20.398382],[-100.72788,20.398216],[-100.725869,20.396797],[-100.725955,20.393454],[-100.724979,20.391644],[-100.726015,20.391507],[-100.726108,20.39031],[-100.727405,20.390387],[-100.728204,20.389387],[-100.728445,20.388],[-100.730725,20.386281],[-100.731358,20.384619],[-100.732254,20.384316],[-100.732211,20.383573],[-100.732678,20.38377],[-100.734386,20.38202],[-100.734699,20.382255],[-100.739927,20.379475],[-100.737428,20.373858],[-100.744851,20.373276],[-100.761972,20.374337],[-100.78012,20.374744],[-100.781243,20.375178],[-100.781795,20.374979],[-100.783146,20.369767],[-100.784848,20.356051],[-100.794852,20.361779],[-100.796433,20.358792],[-100.801533,20.362897],[-100.823608,20.375154],[-100.84441,20.391807],[-100.826675,20.431461],[-100.839593,20.433755],[-100.848981,20.437144],[-100.851965,20.439097],[-100.846633,20.475604],[-100.846219,20.475618],[-100.845584,20.479534],[-100.845735,20.481383],[-100.845324,20.482254],[-100.846641,20.484267],[-100.852575,20.486177],[-100.855498,20.487884],[-100.862936,20.488283],[-100.865322,20.491085],[-100.866354,20.491516],[-100.869892,20.490767],[-100.87213,20.491637],[-100.8758,20.491518],[-100.877404,20.492554],[-100.880352,20.493322],[-100.880594,20.494359],[-100.879824,20.495817],[-100.880765,20.4963],[-100.882324,20.495912],[-100.885531,20.497063],[-100.887638,20.496508],[-100.88981,20.49781],[-100.891503,20.499765],[-100.892177,20.499832],[-100.89345,20.495315],[-100.897253,20.496301],[-100.901997,20.496134],[-100.901536,20.500441],[-100.904133,20.500592],[-100.904375,20.501414],[-100.903815,20.50301],[-100.907475,20.50221],[-100.909378,20.520395],[-100.908123,20.520011],[-100.903847,20.520577],[-100.898687,20.519816],[-100.898536,20.526527],[-100.886955,20.526549],[-100.886548,20.537335],[-100.893277,20.535474],[-100.908671,20.529961],[-100.910414,20.549968],[-100.910526,20.569621],[-100.91152,20.571235],[-100.908129,20.571502],[-100.903463,20.570044],[-100.902752,20.576364],[-100.889213,20.575264],[-100.888029,20.586474],[-100.874059,20.585059],[-100.884965,20.628757],[-100.876477,20.629062],[-100.870479,20.628558],[-100.869725,20.636125],[-100.868001,20.636068],[-100.866886,20.636606],[-100.868498,20.641075],[-100.867531,20.642294],[-100.867558,20.643442],[-100.868828,20.646396],[-100.868784,20.6497],[-100.866179,20.652208],[-100.865424,20.652096],[-100.862282,20.655723],[-100.862618,20.657356],[-100.864644,20.659491],[-100.865435,20.659638],[-100.864688,20.661107],[-100.863991,20.661639],[-100.861255,20.660999],[-100.860264,20.661215],[-100.857331,20.663956],[-100.855768,20.664321],[-100.85349,20.663957],[-100.851395,20.666689],[-100.847932,20.665214],[-100.824668,20.66519],[-100.823371,20.664371],[-100.820028,20.667877],[-100.812868,20.673391],[-100.81063,20.681595],[-100.812824,20.68392],[-100.812508,20.686338],[-100.809901,20.685323],[-100.809329,20.688253],[-100.799922,20.684722],[-100.793404,20.681497],[-100.790983,20.679977],[-100.790236,20.676875],[-100.782794,20.676364],[-100.778834,20.677022],[-100.776804,20.672799],[-100.777983,20.671274],[-100.769013,20.670904],[-100.771365,20.66795],[-100.774813,20.661999],[-100.774526,20.660566],[-100.771047,20.656487],[-100.768573,20.650954],[-100.76694,20.649909],[-100.767147,20.645349],[-100.766661,20.643019],[-100.763999,20.646075],[-100.763588,20.647834],[-100.762253,20.649634],[-100.759075,20.649357],[-100.758828,20.648565],[-100.758224,20.648345],[-100.757747,20.64959],[-100.755422,20.65146],[-100.74739,20.653292],[-100.743545,20.655419],[-100.742443,20.653997],[-100.739623,20.658013],[-100.738214,20.657874],[-100.739598,20.661123],[-100.741134,20.662178],[-100.738311,20.663915],[-100.722346,20.679782],[-100.695084,20.682528],[-100.680785,20.688059],[-100.678329,20.684392],[-100.677165,20.68376],[-100.675775,20.683743],[-100.666847,20.688636],[-100.666625,20.688367]]]]}},{"type":"Feature","properties":{"cvegeo":"11036","cve_ent":"11","cve_mun":"036","nombre":"Santiago Maravatío"},"geometry":{"type":"MultiPolygon","crs":{"type":"name","properties":{"name":"EPSG:6365"}},"coordinates":[[[[-101.020637,20.210412],[-100.993061,20.208003],[-100.992649,20.207908],[-100.993422,20.205425],[-100.969023,20.201892],[-100.96884,20.198481],[-100.959403,20.198387],[-100.958163,20.19791],[-100.944058,20.188738],[-100.943619,20.189262],[-100.943497,20.188367],[-100.941575,20.187066],[-100.940139,20.16668],[-100.938039,20.166101],[-100.938661,20.162849],[-100.936709,20.16221],[-100.935931,20.162471],[-100.929417,20.157592],[-100.928712,20.151064],[-100.929128,20.15077],[-100.931236,20.151863],[-100.945354,20.153406],[-100.943367,20.126283],[-100.947166,20.125786],[-100.94747,20.133307],[-100.950464,20.133976],[-100.958631,20.133831],[-100.960394,20.132591],[-100.961927,20.129096],[-100.96784,20.131264],[-100.975652,20.129749],[-100.976617,20.130054],[-100.977521,20.131381],[-100.978824,20.131825],[-100.978763,20.118311],[-100.993901,20.120548],[-101.000528,20.1096],[-101.002978,20.108326],[-101.005416,20.104466],[-101.00947,20.104036],[-101.012471,20.1052],[-101.019271,20.106031],[-101.018947,20.109856],[-101.019939,20.114819],[-101.017512,20.116274],[-101.016967,20.115767],[-101.015043,20.115886],[-101.014804,20.117686],[-101.01235,20.122035],[-101.012071,20.123831],[-101.015066,20.124684],[-101.01747,20.124233],[-101.019195,20.122387],[-101.019202,20.121376],[-101.020156,20.123463],[-101.024098,20.124412],[-101.0254,20.124028],[-101.025497,20.122733],[-101.026523,20.121384],[-101.026645,20.119361],[-101.027319,20.118741],[-101.030618,20.119401],[-101.03123,20.120327],[-101.03209,20.120239],[-101.032912,20.118135],[-101.034515,20.117547],[-101.039302,20.119238],[-101.040338,20.119018],[-101.040666,20.12],[-101.041078,20.119822],[-101.041866,20.122898],[-101.042536,20.122498],[-101.042769,20.123709],[-101.046807,20.123842],[-101.047581,20.130634],[-101.052955,20.12996],[-101.054296,20.141932],[-101.047618,20.143767],[-101.042818,20.146832],[-101.037291,20.14676],[-101.036518,20.154292],[-101.034932,20.156528],[-101.032509,20.156622],[-101.032406,20.157201],[-101.023663,20.155957],[-101.023483,20.157474],[-101.025046,20.161422],[-101.023913,20.164456],[-101.024198,20.165603],[-101.023704,20.167149],[-101.023252,20.166622],[-101.02173,20.167237],[-101.019919,20.169497],[-101.01006,20.184966],[-101.018308,20.198457],[-101.020257,20.200637],[-101.021273,20.210474],[-101.020637,20.210412]]]]}},{"type":"Feature","properties":{"cvegeo":"11018","cve_ent":"11","cve_mun":"018","nombre":"Jaral del Progreso"},"geometry":{"type":"MultiPolygon","crs":{"type":"name","properties":{"name":"EPSG:6365"}},"coordinates":[[[[-101.069867,20.454115],[-101.062453,20.453051],[-101.060761,20.450609],[-101.054573,20.448651],[-101.051486,20.451948],[-101.044002,20.451593],[-101.042992,20.441434],[-101.037501,20.438673],[-101.033319,20.434267],[-101.02838,20.414423],[-101.028256,20.408075],[-101.02554,20.407445],[-101.023991,20.403845],[-101.02186,20.402454],[-101.019857,20.399743],[-101.019476,20.399772],[-101.018915,20.403745],[-101.018296,20.404655],[-101.019028,20.407377],[-101.011246,20.406904],[-101.012435,20.403103],[-101.011136,20.398888],[-101.011249,20.392819],[-101.012099,20.390259],[-101.012084,20.387065],[-101.013409,20.383065],[-101.017944,20.378568],[-101.018778,20.374484],[-101.018666,20.373635],[-101.017901,20.373436],[-101.020567,20.37065],[-101.021158,20.369126],[-101.01661,20.369686],[-101.015314,20.363664],[-101.013946,20.363826],[-101.010523,20.358192],[-101.008799,20.358512],[-101.007211,20.359731],[-101.006837,20.361672],[-101.005039,20.364207],[-101.002047,20.365965],[-101.000301,20.366257],[-101.000128,20.365819],[-100.999129,20.365706],[-100.998321,20.362967],[-100.987387,20.352656],[-100.986969,20.348419],[-100.979901,20.348828],[-100.978945,20.338775],[-100.977399,20.335306],[-100.987464,20.33161],[-100.981431,20.325507],[-100.981734,20.323273],[-100.978785,20.317722],[-100.981567,20.313354],[-100.987608,20.314035],[-100.989438,20.307966],[-100.994729,20.30807],[-100.99494,20.307212],[-100.997526,20.307429],[-100.99963,20.306838],[-101.005629,20.285516],[-101.021355,20.287543],[-101.021409,20.283626],[-101.024789,20.284504],[-101.026924,20.284323],[-101.028061,20.283427],[-101.028367,20.282101],[-101.032134,20.281183],[-101.032168,20.280291],[-101.034929,20.279976],[-101.035029,20.280399],[-101.036935,20.278937],[-101.039388,20.280101],[-101.04165,20.277645],[-101.04435,20.279084],[-101.044682,20.278298],[-101.046607,20.277879],[-101.047135,20.276012],[-101.049006,20.275034],[-101.05092,20.277607],[-101.052273,20.277523],[-101.05309,20.276576],[-101.05471,20.277134],[-101.05503,20.277465],[-101.054645,20.278983],[-101.055738,20.280924],[-101.058402,20.281194],[-101.066703,20.28483],[-101.068484,20.284649],[-101.070054,20.285519],[-101.0715,20.287126],[-101.073424,20.29222],[-101.07551,20.294373],[-101.075308,20.296272],[-101.075932,20.300475],[-101.078529,20.300651],[-101.079418,20.306883],[-101.096716,20.309066],[-101.098512,20.316779],[-101.104869,20.316238],[-101.106082,20.317034],[-101.10951,20.317196],[-101.109524,20.326664],[-101.106206,20.342381],[-101.106105,20.3461],[-101.107984,20.359188],[-101.108299,20.365064],[-101.110137,20.372053],[-101.112681,20.387056],[-101.113472,20.395541],[-101.11305,20.39805],[-101.111723,20.401246],[-101.105998,20.403277],[-101.102033,20.405546],[-101.100175,20.405741],[-101.098064,20.404154],[-101.094715,20.406158],[-101.089957,20.407063],[-101.08913,20.407448],[-101.089182,20.408158],[-101.087425,20.40775],[-101.086252,20.409101],[-101.087254,20.415199],[-101.093089,20.415596],[-101.100148,20.416806],[-101.093982,20.424954],[-101.10149,20.435163],[-101.09644,20.436193],[-101.09333,20.435535],[-101.094009,20.440655],[-101.091224,20.43905],[-101.084578,20.444948],[-101.081765,20.44088],[-101.08107,20.438759],[-101.079039,20.436889],[-101.073996,20.436865],[-101.070272,20.454177],[-101.069867,20.454115]]]]}},{"type":"Feature","properties":{"cvegeo":"11045","cve_ent":"11","cve_mun":"045","nombre":"Xichú"},"geometry":{"type":"MultiPolygon","crs":{"type":"name","properties":{"name":"EPSG:6365"}},"coordinates":[[[[-99.967985,21.527013],[-99.957019,21.526219],[-99.956551,21.524489],[-99.957055,21.521135],[-99.956109,21.51941],[-99.956316,21.518239],[-99.957078,21.51776],[-99.95754,21.51591],[-99.958898,21.514848],[-99.959554,21.511905],[-99.963047,21.507183],[-99.964786,21.506363],[-99.965111,21.505121],[-99.962538,21.50306],[-99.962152,21.503519],[-99.961305,21.503197],[-99.959871,21.500463],[-99.950815,21.494783],[-99.945705,21.497432],[-99.945921,21.493975],[-99.947943,21.490688],[-99.951743,21.487712],[-99.957675,21.484893],[-99.959346,21.483514],[-99.957392,21.482045],[-99.956322,21.479187],[-99.954672,21.477456],[-99.952959,21.474063],[-99.951477,21.472268],[-99.953214,21.469817],[-99.952055,21.467119],[-99.950291,21.466309],[-99.949989,21.46566],[-99.94963,21.462851],[-99.950648,21.461526],[-99.949803,21.46081],[-99.94919,21.458802],[-99.947784,21.458478],[-99.947451,21.45773],[-99.949043,21.457152],[-99.949252,21.456002],[-99.946738,21.455574],[-99.947597,21.454346],[-99.945133,21.452785],[-99.942333,21.44962],[-99.940271,21.450097],[-99.938964,21.449789],[-99.94316,21.459026],[-99.943766,21.461211],[-99.943328,21.461704],[-99.934083,21.458808],[-99.905174,21.448159],[-99.903409,21.449025],[-99.889825,21.459343],[-99.875093,21.467837],[-99.866978,21.473392],[-99.863775,21.47431],[-99.834929,21.478116],[-99.83724,21.471588],[-99.839284,21.462579],[-99.83719,21.464315],[-99.834035,21.464482],[-99.828655,21.466359],[-99.825292,21.466522],[-99.823531,21.465613],[-99.822299,21.463528],[-99.817074,21.461691],[-99.816349,21.461962],[-99.814849,21.464081],[-99.807929,21.468418],[-99.806853,21.469846],[-99.806531,21.471244],[-99.805708,21.471846],[-99.804936,21.47222],[-99.802323,21.471929],[-99.794747,21.473389],[-99.792284,21.474483],[-99.787988,21.477506],[-99.787522,21.479026],[-99.787961,21.480549],[-99.791006,21.483491],[-99.792204,21.486743],[-99.792128,21.488867],[-99.79104,21.490672],[-99.785232,21.493342],[-99.781607,21.494438],[-99.778154,21.49437],[-99.77735,21.495023],[-99.776081,21.494537],[-99.774102,21.491239],[-99.774982,21.490394],[-99.775267,21.488744],[-99.772877,21.487103],[-99.773054,21.48505],[-99.774493,21.484592],[-99.77464,21.482872],[-99.774605,21.481633],[-99.773467,21.480771],[-99.774072,21.478766],[-99.773106,21.476344],[-99.774363,21.475321],[-99.775239,21.472584],[-99.77727,21.470221],[-99.776333,21.46973],[-99.774082,21.47037],[-99.774526,21.46928],[-99.7722,21.467312],[-99.771778,21.466309],[-99.773683,21.464298],[-99.773251,21.463092],[-99.777124,21.459601],[-99.774303,21.456279],[-99.775174,21.455187],[-99.774626,21.454603],[-99.775876,21.452503],[-99.776727,21.448839],[-99.777905,21.447833],[-99.77816,21.446514],[-99.777028,21.443234],[-99.776163,21.442522],[-99.778763,21.440875],[-99.779659,21.439288],[-99.778947,21.438259],[-99.780588,21.434397],[-99.780382,21.433772],[-99.778675,21.43328],[-99.779706,21.429937],[-99.777841,21.427961],[-99.776148,21.426981],[-99.780387,21.414893],[-99.777771,21.409848],[-99.775817,21.407253],[-99.774909,21.40787],[-99.773703,21.407856],[-99.772177,21.406732],[-99.772042,21.405538],[-99.773102,21.404267],[-99.773269,21.400763],[-99.779101,21.394928],[-99.781891,21.396345],[-99.784877,21.396656],[-99.7941,21.395847],[-99.79694,21.394792],[-99.796926,21.393714],[-99.798633,21.393069],[-99.799877,21.391524],[-99.8026,21.389521],[-99.803467,21.389558],[-99.812775,21.383163],[-99.818426,21.38394],[-99.819351,21.382922],[-99.821,21.383182],[-99.821718,21.382541],[-99.825192,21.383925],[-99.82665,21.383448],[-99.827381,21.384025],[-99.829479,21.384188],[-99.830752,21.383658],[-99.830111,21.38351],[-99.830206,21.382379],[-99.831042,21.382039],[-99.829978,21.379614],[-99.830886,21.379164],[-99.829739,21.377375],[-99.859262,21.340312],[-99.8695,21.306534],[-99.873305,21.28908],[-99.871936,21.289255],[-99.871655,21.288274],[-99.872413,21.283676],[-99.871848,21.282149],[-99.873783,21.276275],[-99.873434,21.27467],[-99.874485,21.273255],[-99.874329,21.272393],[-99.87517,21.270829],[-99.874704,21.269636],[-99.876992,21.264228],[-99.877315,21.261616],[-99.878679,21.261295],[-99.879101,21.260346],[-99.878895,21.258772],[-99.880577,21.257674],[-99.880699,21.256342],[-99.879957,21.254659],[-99.881171,21.253095],[-99.881271,21.251042],[-99.882831,21.250536],[-99.883546,21.248864],[-99.884602,21.2485],[-99.884247,21.24773],[-99.88914,21.234542],[-99.890891,21.228379],[-99.894579,21.212461],[-99.895205,21.20444],[-99.90367,21.185541],[-99.904222,21.185323],[-99.921993,21.190518],[-99.92722,21.191082],[-99.929516,21.190746],[-99.933108,21.192406],[-99.942646,21.194418],[-99.944554,21.19987],[-99.944729,21.208827],[-99.945362,21.209885],[-99.947086,21.210396],[-99.949027,21.210125],[-99.954714,21.205672],[-99.955095,21.207041],[-99.947865,21.212375],[-99.978583,21.215973],[-99.986368,21.21831],[-100.011086,21.189464],[-100.021161,21.191431],[-100.023075,21.192737],[-100.023991,21.19441],[-100.02593,21.195192],[-100.025513,21.195353],[-100.025075,21.197472],[-100.027164,21.201206],[-100.029388,21.203503],[-100.029177,21.205851],[-100.029969,21.207727],[-100.034586,21.210811],[-100.036529,21.213232],[-100.039907,21.213022],[-100.03947,21.213782],[-100.04025,21.21582],[-100.041185,21.215877],[-100.041955,21.214646],[-100.04128,21.213966],[-100.041315,21.2129],[-100.044265,21.212935],[-100.044962,21.214495],[-100.047415,21.213842],[-100.04878,21.214302],[-100.051362,21.213041],[-100.052437,21.211905],[-100.053218,21.20991],[-100.054406,21.210633],[-100.054398,21.210274],[-100.056745,21.210053],[-100.057905,21.210117],[-100.057499,21.210535],[-100.058227,21.210964],[-100.060931,21.210854],[-100.061925,21.211407],[-100.063531,21.211009],[-100.063066,21.212057],[-100.069561,21.218573],[-100.069996,21.219653],[-100.069421,21.222928],[-100.07076,21.224099],[-100.071311,21.227774],[-100.072025,21.228161],[-100.072084,21.229195],[-100.074134,21.229466],[-100.076982,21.228737],[-100.077299,21.229462],[-100.078621,21.229919],[-100.083109,21.22881],[-100.085578,21.22946],[-100.084722,21.231366],[-100.087548,21.232109],[-100.093476,21.231549],[-100.096104,21.22979],[-100.098208,21.23609],[-100.102544,21.234748],[-100.104087,21.23388],[-100.103922,21.233514],[-100.10899,21.231299],[-100.112253,21.227496],[-100.119077,21.228707],[-100.122934,21.224414],[-100.124053,21.224617],[-100.125085,21.224047],[-100.121768,21.219027],[-100.127546,21.21549],[-100.130263,21.215542],[-100.13409,21.218816],[-100.141839,21.21872],[-100.147401,21.216704],[-100.148755,21.226833],[-100.145849,21.228019],[-100.14592,21.229408],[-100.14672,21.230533],[-100.146622,21.231644],[-100.149513,21.233861],[-100.149834,21.236143],[-100.150754,21.236465],[-100.150714,21.237181],[-100.147612,21.239258],[-100.148037,21.241373],[-100.14693,21.242879],[-100.148074,21.244438],[-100.149359,21.244584],[-100.149267,21.244973],[-100.148454,21.245892],[-100.142833,21.246161],[-100.141866,21.247446],[-100.14023,21.247288],[-100.138417,21.248131],[-100.136744,21.249295],[-100.137533,21.249747],[-100.13656,21.251545],[-100.125731,21.258371],[-100.129344,21.267065],[-100.129651,21.269575],[-100.133323,21.267758],[-100.134467,21.269153],[-100.137198,21.28063],[-100.137144,21.281227],[-100.133056,21.283605],[-100.135073,21.286223],[-100.135248,21.287695],[-100.137736,21.28953],[-100.139432,21.289305],[-100.140467,21.289742],[-100.140257,21.290417],[-100.141292,21.291144],[-100.144863,21.291745],[-100.146133,21.292868],[-100.147244,21.298675],[-100.149191,21.300813],[-100.149663,21.302069],[-100.152073,21.302899],[-100.152509,21.303679],[-100.150289,21.310955],[-100.14768,21.31116],[-100.149178,21.314737],[-100.147286,21.316842],[-100.144818,21.31767],[-100.145089,21.318407],[-100.148116,21.31822],[-100.148393,21.320559],[-100.150097,21.321299],[-100.150087,21.322546],[-100.148989,21.324581],[-100.14679,21.324725],[-100.141855,21.327753],[-100.140392,21.330282],[-100.139166,21.329706],[-100.137345,21.329926],[-100.136085,21.330957],[-100.135183,21.330787],[-100.134695,21.331739],[-100.128971,21.33503],[-100.128967,21.338964],[-100.127773,21.339123],[-100.128823,21.341172],[-100.12403,21.354376],[-100.122502,21.352891],[-100.117391,21.354057],[-100.11765,21.364518],[-100.112188,21.366231],[-100.110776,21.367945],[-100.107227,21.368605],[-100.105198,21.371364],[-100.11649,21.378303],[-100.119954,21.388536],[-100.122463,21.38876],[-100.118597,21.3917],[-100.133223,21.400204],[-100.133431,21.401074],[-100.132776,21.40324],[-100.13356,21.404574],[-100.133403,21.405245],[-100.131961,21.407208],[-100.105331,21.409323],[-100.083298,21.402906],[-100.087532,21.415172],[-100.08879,21.422165],[-100.088707,21.43206],[-100.090322,21.444739],[-100.086036,21.453385],[-100.106015,21.465685],[-100.103305,21.464921],[-100.099493,21.464802],[-100.098117,21.46284],[-100.096358,21.462021],[-100.09265,21.463286],[-100.089896,21.466171],[-100.088961,21.46843],[-100.08803,21.468729],[-100.081404,21.478021],[-100.074387,21.475207],[-100.066798,21.483567],[-100.067166,21.490707],[-100.06105,21.491351],[-100.058064,21.495644],[-100.064097,21.513271],[-100.062188,21.523082],[-100.050849,21.524245],[-100.044103,21.525561],[-100.001121,21.524118],[-99.998669,21.524182],[-99.994786,21.525138],[-99.989155,21.524758],[-99.984625,21.525049],[-99.973612,21.527095],[-99.96921,21.52708],[-99.967985,21.527013]]]]}},{"type":"Feature","properties":{"cvegeo":"11015","cve_ent":"11","cve_mun":"015","nombre":"Guanajuato"},"geometry":{"type":"MultiPolygon","crs":{"type":"name","properties":{"name":"EPSG:6365"}},"coordinates":[[[[-101.205889,21.209818],[-101.200789,21.204717],[-101.173172,21.211417],[-101.172789,21.207007],[-101.171058,21.200432],[-101.176407,21.199729],[-101.171215,21.186833],[-101.15277,21.188191],[-101.152689,21.173807],[-101.140629,21.17401],[-101.147345,21.158552],[-101.140665,21.157404],[-101.139153,21.153599],[-101.13618,21.154212],[-101.130639,21.157051],[-101.127629,21.156985],[-101.121328,21.155372],[-101.116591,21.151648],[-101.115612,21.149056],[-101.116714,21.148531],[-101.113976,21.146288],[-101.112695,21.146387],[-101.111543,21.148028],[-101.110593,21.147708],[-101.109181,21.14846],[-101.106406,21.146042],[-101.106599,21.14025],[-101.108182,21.13977],[-101.107676,21.139008],[-101.107788,21.137355],[-101.108995,21.136493],[-101.10868,21.134749],[-101.110346,21.132728],[-101.109768,21.131487],[-101.110028,21.130782],[-101.109029,21.130201],[-101.108822,21.128761],[-101.11347,21.126807],[-101.115038,21.127119],[-101.115818,21.125709],[-101.116626,21.126286],[-101.117682,21.126085],[-101.117601,21.125494],[-101.119715,21.122658],[-101.119649,21.119958],[-101.121267,21.117315],[-101.120405,21.117532],[-101.118165,21.113582],[-101.12109,21.11155],[-101.120146,21.108611],[-101.124053,21.10685],[-101.122867,21.104838],[-101.123761,21.10476],[-101.125854,21.103101],[-101.1259,21.099441],[-101.124624,21.097991],[-101.125337,21.096429],[-101.124005,21.094508],[-101.125716,21.092403],[-101.125291,21.091212],[-101.127852,21.089694],[-101.129794,21.089742],[-101.130752,21.08887],[-101.130156,21.087506],[-101.127539,21.087238],[-101.12655,21.086619],[-101.129992,21.081022],[-101.135913,21.081222],[-101.137374,21.080417],[-101.13779,21.078226],[-101.13671,21.077978],[-101.133017,21.074819],[-101.130128,21.073685],[-101.127854,21.071972],[-101.125493,21.069763],[-101.125801,21.067834],[-101.126904,21.066958],[-101.120912,21.062821],[-101.122157,21.062663],[-101.123569,21.061582],[-101.122677,21.053626],[-101.1247,21.051585],[-101.128894,21.052641],[-101.130422,21.051806],[-101.133029,21.048324],[-101.137381,21.050285],[-101.145993,21.045548],[-101.144107,21.03879],[-101.13958,21.030717],[-101.134842,21.026263],[-101.131816,21.021852],[-101.132326,21.020669],[-101.133524,21.020591],[-101.13561,21.015527],[-101.126929,21.007692],[-101.124291,21.009341],[-101.123474,21.010487],[-101.122188,21.010756],[-101.120727,21.01191],[-101.118978,21.01178],[-101.117927,21.010673],[-101.115434,21.012025],[-101.107835,21.013456],[-101.103694,21.01276],[-101.105152,21.012055],[-101.105101,21.011449],[-101.082753,21.004755],[-101.083831,21.00103],[-101.082217,20.99951],[-101.081691,20.997948],[-101.083358,20.998625],[-101.084262,20.998089],[-101.084581,20.998349],[-101.083357,20.996743],[-101.084059,20.996874],[-101.084216,20.996047],[-101.085138,20.995628],[-101.083986,20.994898],[-101.084458,20.994687],[-101.082998,20.99489],[-101.080819,20.993736],[-101.079813,20.993998],[-101.079199,20.9935],[-101.078758,20.991332],[-101.077712,20.990993],[-101.077208,20.990118],[-101.075524,20.990429],[-101.073461,20.990094],[-101.071538,20.988484],[-101.068421,20.988811],[-101.066157,20.988392],[-101.06665,20.987651],[-101.068889,20.987375],[-101.068141,20.987136],[-101.067196,20.985188],[-101.0646,20.982738],[-101.057163,20.979334],[-101.06855,20.969192],[-101.073913,20.962934],[-101.104742,20.956089],[-101.112615,20.953507],[-101.111588,20.949],[-101.108998,20.941745],[-101.121035,20.940359],[-101.1211,20.939759],[-101.122354,20.939321],[-101.122615,20.932214],[-101.105676,20.932412],[-101.104557,20.931527],[-101.107407,20.929965],[-101.107065,20.92869],[-101.105994,20.927784],[-101.103892,20.924219],[-101.10111,20.918608],[-101.099296,20.913191],[-101.096074,20.909824],[-101.100309,20.910462],[-101.099488,20.90791],[-101.09462,20.907909],[-101.09496,20.906423],[-101.091133,20.906032],[-101.093752,20.905208],[-101.092886,20.901827],[-101.097278,20.899217],[-101.087911,20.873381],[-101.088699,20.872387],[-101.091898,20.871007],[-101.09224,20.869449],[-101.089164,20.867593],[-101.088963,20.865091],[-101.092853,20.865154],[-101.097316,20.866309],[-101.098488,20.865615],[-101.103141,20.866128],[-101.103843,20.866888],[-101.107399,20.8653],[-101.1093,20.865465],[-101.110426,20.864652],[-101.113009,20.864596],[-101.116273,20.865378],[-101.118612,20.864534],[-101.120656,20.864464],[-101.124721,20.861142],[-101.125082,20.85993],[-101.126518,20.859046],[-101.127198,20.857235],[-101.128977,20.855462],[-101.14136,20.847815],[-101.141689,20.847754],[-101.141476,20.848279],[-101.175597,20.84135],[-101.178794,20.841134],[-101.209274,20.833149],[-101.207911,20.830473],[-101.21434,20.824787],[-101.218693,20.824457],[-101.219766,20.82495],[-101.223781,20.8249],[-101.226275,20.82549],[-101.226669,20.82484],[-101.239594,20.827809],[-101.251488,20.841001],[-101.252951,20.828527],[-101.276353,20.836489],[-101.295769,20.837154],[-101.299711,20.836922],[-101.299981,20.828325],[-101.302492,20.828216],[-101.304819,20.82915],[-101.317958,20.831003],[-101.317645,20.834869],[-101.324734,20.835439],[-101.326618,20.835335],[-101.327264,20.834777],[-101.329348,20.835611],[-101.342097,20.836475],[-101.341885,20.838857],[-101.358819,20.840004],[-101.355341,20.84425],[-101.35303,20.844706],[-101.349773,20.861167],[-101.347059,20.861625],[-101.339544,20.870015],[-101.330709,20.871543],[-101.330321,20.875088],[-101.3279,20.875627],[-101.32711,20.878503],[-101.323387,20.880916],[-101.321629,20.884478],[-101.318421,20.88401],[-101.317832,20.89504],[-101.325705,20.896137],[-101.324124,20.90251],[-101.326446,20.901894],[-101.328418,20.902672],[-101.328895,20.90363],[-101.329951,20.903537],[-101.331142,20.90451],[-101.329464,20.906246],[-101.327393,20.906455],[-101.326892,20.910485],[-101.321856,20.910667],[-101.322548,20.916159],[-101.326409,20.916135],[-101.32793,20.916826],[-101.32786,20.919587],[-101.327259,20.920585],[-101.326063,20.921104],[-101.325737,20.922009],[-101.332749,20.922034],[-101.343172,20.92311],[-101.343448,20.917405],[-101.346719,20.91766],[-101.350892,20.927412],[-101.349008,20.927285],[-101.348783,20.928139],[-101.342708,20.927694],[-101.34136,20.933908],[-101.340151,20.944854],[-101.340546,20.945213],[-101.351095,20.94308],[-101.350673,20.945034],[-101.35625,20.945704],[-101.360728,20.948059],[-101.361682,20.949388],[-101.358408,20.954344],[-101.339688,20.952517],[-101.334928,20.988996],[-101.335406,20.990672],[-101.332601,20.992969],[-101.334234,20.993353],[-101.339626,20.996333],[-101.339246,20.996386],[-101.342106,20.998881],[-101.348155,21.001435],[-101.346374,21.002991],[-101.347251,21.004583],[-101.347014,21.006642],[-101.352718,21.009539],[-101.353796,21.011443],[-101.354883,21.011538],[-101.357463,21.013308],[-101.360186,21.014174],[-101.361218,21.015185],[-101.359971,21.014931],[-101.359323,21.015934],[-101.359522,21.014382],[-101.358432,21.014991],[-101.357092,21.017139],[-101.354682,21.019393],[-101.350028,21.028609],[-101.348669,21.032911],[-101.354559,21.036604],[-101.35453,21.037749],[-101.355528,21.037549],[-101.358156,21.038811],[-101.367887,21.045381],[-101.374002,21.054065],[-101.398625,21.068938],[-101.402017,21.071586],[-101.404833,21.086104],[-101.401391,21.086003],[-101.401404,21.086655],[-101.399972,21.087495],[-101.401008,21.089285],[-101.402335,21.090296],[-101.402658,21.092484],[-101.404087,21.093301],[-101.404863,21.095568],[-101.403582,21.09691],[-101.40211,21.097094],[-101.401382,21.098676],[-101.403131,21.099076],[-101.404525,21.10062],[-101.405604,21.100748],[-101.403566,21.101869],[-101.406019,21.102776],[-101.406284,21.103825],[-101.407032,21.103785],[-101.407945,21.102804],[-101.409417,21.102516],[-101.410018,21.101456],[-101.412037,21.100574],[-101.412598,21.098448],[-101.415598,21.096706],[-101.416846,21.096595],[-101.417379,21.097352],[-101.418899,21.097731],[-101.42045,21.097307],[-101.421221,21.09801],[-101.422851,21.098006],[-101.423251,21.097428],[-101.422562,21.096522],[-101.422763,21.095737],[-101.424399,21.094491],[-101.425953,21.094556],[-101.426233,21.096295],[-101.427565,21.097649],[-101.429921,21.09697],[-101.430499,21.097745],[-101.436333,21.098953],[-101.429401,21.124541],[-101.431435,21.126743],[-101.431673,21.128158],[-101.4331,21.128546],[-101.434183,21.129718],[-101.433972,21.130656],[-101.435481,21.131124],[-101.43624,21.131946],[-101.436059,21.13325],[-101.435007,21.134481],[-101.435654,21.13521],[-101.434777,21.137286],[-101.432383,21.139517],[-101.43109,21.138611],[-101.429569,21.138702],[-101.428238,21.137475],[-101.42742,21.137828],[-101.42585,21.136993],[-101.426162,21.136719],[-101.425792,21.136357],[-101.424612,21.135911],[-101.424582,21.134961],[-101.422851,21.132954],[-101.42253,21.130982],[-101.421581,21.130158],[-101.420506,21.130674],[-101.420121,21.131301],[-101.420806,21.13145],[-101.418705,21.133033],[-101.416597,21.133208],[-101.416224,21.134215],[-101.411605,21.136172],[-101.411019,21.134698],[-101.410275,21.134934],[-101.409473,21.134555],[-101.409142,21.133623],[-101.408794,21.133989],[-101.407045,21.1334],[-101.405274,21.131042],[-101.402116,21.129788],[-101.40063,21.128552],[-101.401075,21.130703],[-101.399744,21.13159],[-101.398209,21.131851],[-101.394767,21.128915],[-101.393147,21.132546],[-101.389566,21.132157],[-101.388663,21.132667],[-101.388953,21.132875],[-101.387743,21.134673],[-101.388402,21.137307],[-101.387831,21.138359],[-101.386697,21.138488],[-101.385676,21.136286],[-101.382404,21.136295],[-101.38058,21.137589],[-101.378339,21.138151],[-101.378402,21.138528],[-101.37671,21.139427],[-101.377747,21.140755],[-101.377036,21.142473],[-101.373569,21.140441],[-101.372704,21.141283],[-101.373489,21.1418],[-101.372382,21.143762],[-101.369398,21.143275],[-101.362989,21.140323],[-101.358939,21.145867],[-101.344109,21.149806],[-101.340945,21.147043],[-101.335173,21.146657],[-101.333057,21.14584],[-101.332243,21.150255],[-101.330462,21.150768],[-101.329117,21.152546],[-101.327974,21.153179],[-101.324767,21.154032],[-101.322939,21.15734],[-101.326383,21.155765],[-101.32728,21.157006],[-101.329553,21.15811],[-101.32539,21.159523],[-101.324904,21.160108],[-101.319092,21.15913],[-101.319109,21.181215],[-101.303479,21.181322],[-101.30628,21.182938],[-101.306964,21.184054],[-101.309943,21.184822],[-101.313511,21.187813],[-101.313866,21.190626],[-101.306732,21.18985],[-101.303397,21.188194],[-101.301392,21.188186],[-101.300099,21.1898],[-101.297378,21.190461],[-101.297295,21.191906],[-101.298018,21.192609],[-101.298597,21.198801],[-101.295725,21.202812],[-101.28999,21.203393],[-101.285941,21.204494],[-101.276052,21.204539],[-101.268432,21.205788],[-101.243727,21.206349],[-101.222861,21.208569],[-101.219137,21.21613],[-101.214365,21.228018],[-101.205889,21.209818]]]]}},{"type":"Feature","properties":{"cvegeo":"11038","cve_ent":"11","cve_mun":"038","nombre":"Tarandacuao"},"geometry":{"type":"MultiPolygon","crs":{"type":"name","properties":{"name":"EPSG:6365"}},"coordinates":[[[[-100.531201,20.078105],[-100.529028,20.076304],[-100.531993,20.072248],[-100.528419,20.073767],[-100.511952,20.06613],[-100.509946,20.064405],[-100.509374,20.063281],[-100.516082,20.061075],[-100.51958,20.061435],[-100.517904,20.059757],[-100.519435,20.058972],[-100.517101,20.058601],[-100.515626,20.05907],[-100.508278,20.059353],[-100.505923,20.060903],[-100.502487,20.062081],[-100.502008,20.060776],[-100.504842,20.060315],[-100.508286,20.058528],[-100.508678,20.05642],[-100.507749,20.054253],[-100.50618,20.05449],[-100.504625,20.05351],[-100.506625,20.052122],[-100.508617,20.053036],[-100.507871,20.051942],[-100.508741,20.050729],[-100.506863,20.049124],[-100.507079,20.041919],[-100.506236,20.039579],[-100.504866,20.038804],[-100.504917,20.03699],[-100.503411,20.036662],[-100.502744,20.035406],[-100.499863,20.032842],[-100.500341,20.031321],[-100.502343,20.029901],[-100.502707,20.027764],[-100.50327,20.027124],[-100.500039,20.025296],[-100.495107,20.025164],[-100.493964,20.023482],[-100.494507,20.020916],[-100.493892,20.02014],[-100.490521,20.018929],[-100.490653,20.016173],[-100.489915,20.014902],[-100.486482,20.013586],[-100.483723,20.011085],[-100.480926,20.010179],[-100.479714,20.009043],[-100.477434,20.008245],[-100.477125,20.00757],[-100.476869,20.008055],[-100.475678,20.007493],[-100.475783,20.008055],[-100.473647,20.011462],[-100.472467,20.011064],[-100.471602,20.012002],[-100.469817,20.011059],[-100.470078,20.009405],[-100.469675,20.00836],[-100.467388,20.00657],[-100.46645,20.007236],[-100.46648,20.008997],[-100.464834,20.009772],[-100.459569,20.007118],[-100.456191,20.007587],[-100.455054,20.006389],[-100.453365,20.003067],[-100.454303,20.001829],[-100.456516,20.001529],[-100.457387,20.000554],[-100.456765,19.999087],[-100.45409,19.9967],[-100.454881,19.994002],[-100.454755,19.992067],[-100.454291,19.99123],[-100.452346,19.990347],[-100.451855,19.989016],[-100.448331,19.986796],[-100.447773,19.985587],[-100.44812,19.983262],[-100.449672,19.982678],[-100.453858,19.985169],[-100.462712,19.988497],[-100.464545,19.987282],[-100.465824,19.987398],[-100.46203,19.983486],[-100.461584,19.980195],[-100.462456,19.979268],[-100.466016,19.978906],[-100.469419,19.980247],[-100.47017,19.979984],[-100.470646,19.978738],[-100.469982,19.975562],[-100.473597,19.972334],[-100.480111,19.969016],[-100.483209,19.968509],[-100.483783,19.967342],[-100.486558,19.96731],[-100.488996,19.966208],[-100.498184,19.958043],[-100.505583,19.957943],[-100.508817,19.959355],[-100.510849,19.959049],[-100.511687,19.958216],[-100.511759,19.957316],[-100.510407,19.955539],[-100.510316,19.953493],[-100.511838,19.942221],[-100.513937,19.940836],[-100.515704,19.940454],[-100.516005,19.936606],[-100.51746,19.936576],[-100.520584,19.93074],[-100.520629,19.929225],[-100.521759,19.926717],[-100.521849,19.925875],[-100.52143,19.925216],[-100.520751,19.925492],[-100.52065,19.923992],[-100.520068,19.923448],[-100.519946,19.91882],[-100.525412,19.919636],[-100.526291,19.92056],[-100.529261,19.920226],[-100.531038,19.921382],[-100.535859,19.922957],[-100.534083,19.932384],[-100.53473,19.936286],[-100.533462,19.936478],[-100.531824,19.937536],[-100.530021,19.93926],[-100.529326,19.94098],[-100.528843,19.948144],[-100.529279,19.951721],[-100.526779,19.96576],[-100.527357,19.971737],[-100.528201,19.974257],[-100.530585,19.975197],[-100.531722,19.976297],[-100.533979,19.974828],[-100.53568,19.97436],[-100.539607,19.974207],[-100.540048,19.975209],[-100.540631,19.974929],[-100.542428,19.972831],[-100.539306,19.972855],[-100.535041,19.971974],[-100.533675,19.970687],[-100.533934,19.969215],[-100.541249,19.964585],[-100.543473,19.961254],[-100.546962,19.960583],[-100.548386,19.959251],[-100.550263,19.959077],[-100.550191,19.958304],[-100.550717,19.957966],[-100.552381,19.957587],[-100.555662,19.957816],[-100.559312,19.959446],[-100.559885,19.959002],[-100.562652,19.962585],[-100.563525,19.964799],[-100.565454,19.965398],[-100.565969,19.966133],[-100.566961,19.965603],[-100.567885,19.965915],[-100.568379,19.965223],[-100.569661,19.965393],[-100.570848,19.964416],[-100.571462,19.964747],[-100.573821,19.963338],[-100.575056,19.961983],[-100.575796,19.961929],[-100.57726,19.95918],[-100.580136,19.957517],[-100.581161,19.9574],[-100.583946,19.958974],[-100.584897,19.957779],[-100.586995,19.958162],[-100.589468,19.956681],[-100.590297,19.957123],[-100.590714,19.956839],[-100.593076,19.95828],[-100.592947,19.962688],[-100.593856,19.963931],[-100.592674,19.966467],[-100.587594,19.97139],[-100.58062,19.975041],[-100.575469,19.975692],[-100.571153,19.975374],[-100.566696,19.97413],[-100.565699,19.974531],[-100.563012,19.977627],[-100.562294,19.980321],[-100.56058,19.981104],[-100.558632,19.982837],[-100.559453,19.983125],[-100.558793,19.983671],[-100.558976,19.984513],[-100.556782,19.985298],[-100.556745,19.98719],[-100.557342,19.988087],[-100.557895,19.991716],[-100.563197,19.991395],[-100.570319,19.991931],[-100.57671,19.993061],[-100.582956,19.991952],[-100.595603,19.991662],[-100.595245,19.990631],[-100.594369,19.990448],[-100.594723,19.989491],[-100.598523,19.988301],[-100.59925,19.986616],[-100.601893,19.985893],[-100.600529,19.986607],[-100.597393,19.992941],[-100.595828,19.997293],[-100.595931,19.998396],[-100.594337,20.000254],[-100.593165,20.000209],[-100.591914,20.000868],[-100.58836,20.004077],[-100.58789,20.00738],[-100.588634,20.007653],[-100.588403,20.008697],[-100.582546,20.020806],[-100.575893,20.019745],[-100.574812,20.048166],[-100.570492,20.045756],[-100.56988,20.041027],[-100.567592,20.034998],[-100.567984,20.032621],[-100.566969,20.035311],[-100.567865,20.041316],[-100.566633,20.045595],[-100.565357,20.046994],[-100.565317,20.048608],[-100.564833,20.04922],[-100.558856,20.047933],[-100.556365,20.045538],[-100.556634,20.040269],[-100.557311,20.038145],[-100.557048,20.035787],[-100.554789,20.038757],[-100.552686,20.044259],[-100.547276,20.045519],[-100.551447,20.048021],[-100.551906,20.048971],[-100.550716,20.050375],[-100.550916,20.050749],[-100.555008,20.050827],[-100.563677,20.054828],[-100.565752,20.054802],[-100.56967,20.053413],[-100.573774,20.054631],[-100.576266,20.05605],[-100.574645,20.057667],[-100.573525,20.058012],[-100.572796,20.056947],[-100.572136,20.057313],[-100.571048,20.056585],[-100.570772,20.057989],[-100.568615,20.057684],[-100.568605,20.058538],[-100.566829,20.058742],[-100.56681,20.05979],[-100.567441,20.060357],[-100.56646,20.060703],[-100.566215,20.06137],[-100.563463,20.060775],[-100.561405,20.062732],[-100.558374,20.059936],[-100.557411,20.060534],[-100.556081,20.060395],[-100.555612,20.059795],[-100.550741,20.05818],[-100.55089,20.05896],[-100.549481,20.060318],[-100.545018,20.062297],[-100.551558,20.062017],[-100.551451,20.063305],[-100.549404,20.065658],[-100.554569,20.06583],[-100.557473,20.066658],[-100.558328,20.068342],[-100.561702,20.070689],[-100.56374,20.072463],[-100.563901,20.07314],[-100.561653,20.073503],[-100.553455,20.073036],[-100.544802,20.076821],[-100.540931,20.077389],[-100.536274,20.077307],[-100.532715,20.07854],[-100.531201,20.078105]]]]}},{"type":"Feature","properties":{"cvegeo":"11012","cve_ent":"11","cve_mun":"012","nombre":"Cuerámaro"},"geometry":{"type":"MultiPolygon","crs":{"type":"name","properties":{"name":"EPSG:6365"}},"coordinates":[[[[-101.708862,20.703604],[-101.707768,20.701484],[-101.705537,20.701911],[-101.695727,20.700366],[-101.693552,20.700511],[-101.693211,20.69696],[-101.690671,20.696049],[-101.689506,20.693772],[-101.686911,20.693697],[-101.685214,20.692855],[-101.683228,20.692894],[-101.679926,20.691928],[-101.6781,20.692094],[-101.677228,20.691255],[-101.676234,20.691561],[-101.673771,20.691008],[-101.670641,20.691158],[-101.666768,20.690286],[-101.665294,20.691928],[-101.664319,20.692151],[-101.662827,20.691608],[-101.662109,20.690131],[-101.661113,20.690054],[-101.660929,20.6904],[-101.658685,20.690272],[-101.655731,20.691502],[-101.652971,20.689878],[-101.648951,20.688757],[-101.648035,20.687824],[-101.646507,20.687429],[-101.645796,20.687773],[-101.644075,20.691228],[-101.640374,20.69207],[-101.639114,20.693915],[-101.637389,20.694675],[-101.635261,20.690445],[-101.635406,20.689227],[-101.636945,20.688389],[-101.636638,20.686996],[-101.634155,20.685874],[-101.630754,20.685408],[-101.629241,20.682182],[-101.627082,20.680448],[-101.623575,20.679048],[-101.623071,20.67809],[-101.624025,20.674223],[-101.623922,20.672394],[-101.622843,20.671651],[-101.621052,20.671765],[-101.620347,20.670781],[-101.620895,20.667443],[-101.618392,20.664311],[-101.619104,20.662682],[-101.621342,20.662236],[-101.621641,20.660796],[-101.61911,20.659258],[-101.617577,20.656421],[-101.616125,20.656206],[-101.614845,20.657713],[-101.612561,20.657655],[-101.611675,20.655492],[-101.610151,20.655289],[-101.610069,20.65799],[-101.608781,20.658655],[-101.60724,20.657752],[-101.60622,20.655921],[-101.604403,20.65527],[-101.602226,20.653572],[-101.600511,20.654522],[-101.599186,20.654386],[-101.596914,20.651252],[-101.593826,20.648438],[-101.592538,20.648127],[-101.590543,20.642362],[-101.588345,20.641515],[-101.586146,20.639655],[-101.580329,20.639012],[-101.579516,20.636472],[-101.580136,20.635083],[-101.580971,20.634644],[-101.580303,20.632938],[-101.582137,20.63344],[-101.583533,20.633233],[-101.583409,20.631932],[-101.584732,20.630035],[-101.586505,20.630339],[-101.587405,20.631706],[-101.5867,20.633895],[-101.587277,20.635103],[-101.588698,20.633974],[-101.590386,20.629914],[-101.589374,20.626933],[-101.589328,20.625168],[-101.586421,20.62483],[-101.585825,20.623157],[-101.58524,20.622905],[-101.583559,20.623547],[-101.582545,20.622115],[-101.582539,20.621257],[-101.580855,20.621733],[-101.577891,20.619724],[-101.578741,20.616355],[-101.577559,20.61183],[-101.578021,20.611185],[-101.579573,20.610741],[-101.581542,20.605899],[-101.580749,20.604285],[-101.58048,20.601961],[-101.582423,20.599413],[-101.581455,20.59501],[-101.582826,20.593622],[-101.582259,20.59236],[-101.583447,20.590982],[-101.583408,20.590394],[-101.582172,20.589649],[-101.580404,20.584342],[-101.57909,20.583375],[-101.579923,20.582708],[-101.581613,20.582668],[-101.58232,20.581554],[-101.584185,20.580332],[-101.586479,20.580823],[-101.586968,20.578707],[-101.587693,20.578176],[-101.589875,20.577714],[-101.592255,20.57931],[-101.592418,20.575152],[-101.59457,20.573035],[-101.59445,20.571656],[-101.59361,20.570363],[-101.593836,20.569931],[-101.595178,20.569754],[-101.594682,20.567967],[-101.595366,20.565604],[-101.593851,20.562779],[-101.591532,20.562595],[-101.590952,20.562159],[-101.590883,20.560778],[-101.589316,20.560638],[-101.589314,20.558831],[-101.587686,20.559586],[-101.58642,20.55827],[-101.588179,20.557692],[-101.587685,20.555424],[-101.588203,20.555336],[-101.589312,20.55678],[-101.58998,20.556452],[-101.588898,20.554437],[-101.588952,20.552241],[-101.590414,20.550162],[-101.589405,20.548681],[-101.589401,20.547285],[-101.588877,20.546493],[-101.587214,20.546863],[-101.586675,20.547973],[-101.584788,20.546106],[-101.587078,20.541173],[-101.586466,20.540072],[-101.586536,20.537179],[-101.585482,20.535663],[-101.586087,20.534814],[-101.587602,20.534111],[-101.588541,20.534447],[-101.589947,20.533501],[-101.59071,20.534612],[-101.591171,20.534459],[-101.593027,20.532127],[-101.595152,20.531953],[-101.595869,20.53091],[-101.597007,20.53094],[-101.597909,20.530015],[-101.59915,20.530305],[-101.600458,20.528223],[-101.602263,20.528656],[-101.604802,20.527181],[-101.63521,20.528393],[-101.634483,20.535341],[-101.634194,20.547728],[-101.634496,20.547485],[-101.634986,20.548656],[-101.640627,20.549706],[-101.644152,20.551281],[-101.645837,20.550519],[-101.648425,20.550929],[-101.652214,20.552864],[-101.654465,20.551792],[-101.6554,20.552337],[-101.656306,20.551688],[-101.658071,20.551596],[-101.658396,20.550894],[-101.659903,20.550461],[-101.660079,20.548523],[-101.660822,20.54736],[-101.663523,20.547789],[-101.663966,20.547351],[-101.664046,20.545571],[-101.665718,20.54455],[-101.667401,20.542188],[-101.667385,20.541393],[-101.669467,20.540233],[-101.669602,20.536557],[-101.689799,20.536085],[-101.708751,20.537873],[-101.722324,20.538158],[-101.721968,20.546992],[-101.723945,20.553917],[-101.742206,20.555457],[-101.74386,20.563778],[-101.733291,20.563732],[-101.726255,20.564467],[-101.711266,20.564313],[-101.711392,20.568442],[-101.713407,20.569054],[-101.71685,20.572104],[-101.713722,20.574306],[-101.712718,20.57447],[-101.712722,20.57495],[-101.709608,20.576972],[-101.70778,20.584382],[-101.710105,20.585321],[-101.710618,20.586759],[-101.712543,20.589118],[-101.712107,20.594658],[-101.715179,20.604045],[-101.717857,20.603095],[-101.718044,20.608247],[-101.722342,20.607465],[-101.73061,20.603307],[-101.731741,20.60232],[-101.736075,20.601322],[-101.741445,20.60182],[-101.740921,20.604856],[-101.741683,20.605316],[-101.742738,20.603356],[-101.743172,20.603342],[-101.745359,20.604578],[-101.746591,20.604436],[-101.747787,20.606343],[-101.748582,20.606673],[-101.751205,20.6069],[-101.753672,20.606349],[-101.753596,20.605489],[-101.754371,20.605947],[-101.755975,20.60552],[-101.758682,20.608153],[-101.76014,20.611705],[-101.760594,20.611657],[-101.763659,20.614661],[-101.766411,20.619232],[-101.770693,20.617277],[-101.776167,20.622726],[-101.77107,20.624724],[-101.770401,20.623611],[-101.767314,20.624028],[-101.767442,20.627953],[-101.762216,20.629364],[-101.761818,20.629885],[-101.762218,20.632356],[-101.763628,20.633309],[-101.775141,20.63479],[-101.776072,20.635281],[-101.776928,20.637224],[-101.775419,20.63904],[-101.767043,20.639077],[-101.760413,20.640501],[-101.760155,20.642295],[-101.758518,20.643389],[-101.757938,20.644456],[-101.757187,20.648735],[-101.75736,20.651326],[-101.758855,20.655212],[-101.756366,20.656036],[-101.756228,20.657991],[-101.749989,20.658038],[-101.753469,20.664642],[-101.743575,20.675657],[-101.743878,20.663929],[-101.742733,20.664199],[-101.742982,20.66591],[-101.74203,20.666163],[-101.741769,20.669155],[-101.739468,20.670124],[-101.739937,20.672346],[-101.73312,20.678993],[-101.731842,20.683281],[-101.733925,20.687403],[-101.742449,20.689091],[-101.736025,20.695292],[-101.728907,20.691655],[-101.726748,20.693609],[-101.727557,20.694715],[-101.726114,20.694987],[-101.726691,20.695367],[-101.724391,20.696612],[-101.724429,20.695249],[-101.724164,20.69654],[-101.722919,20.696821],[-101.723715,20.697338],[-101.722567,20.699673],[-101.719828,20.702039],[-101.719036,20.701858],[-101.712396,20.703515],[-101.708901,20.703608],[-101.708862,20.703604]]]]}},{"type":"Feature","properties":{"cvegeo":"11003","cve_ent":"11","cve_mun":"003","nombre":"San Miguel de Allende"},"geometry":{"type":"MultiPolygon","crs":{"type":"name","properties":{"name":"EPSG:6365"}},"coordinates":[[[[-100.628111,21.109052],[-100.618486,21.106723],[-100.61116,21.105974],[-100.600098,21.103283],[-100.593265,21.101045],[-100.580023,21.101157],[-100.573393,21.100639],[-100.566558,21.100976],[-100.558099,21.099325],[-100.553583,21.097407],[-100.550778,21.089303],[-100.5396,21.079078],[-100.537528,21.077608],[-100.528768,21.074411],[-100.527689,21.052968],[-100.529725,21.052981],[-100.530052,21.051593],[-100.532291,21.050823],[-100.531927,21.049285],[-100.534478,21.048516],[-100.532428,21.042857],[-100.531329,21.043631],[-100.529068,21.042967],[-100.529351,21.039382],[-100.528377,21.03469],[-100.526431,21.03188],[-100.526544,21.031065],[-100.525723,21.029697],[-100.525995,21.027907],[-100.524416,21.026374],[-100.525002,21.023982],[-100.521967,21.019211],[-100.522134,21.017967],[-100.523256,21.018351],[-100.523542,21.017731],[-100.521496,21.016192],[-100.521444,21.014627],[-100.519382,21.010706],[-100.518138,21.010518],[-100.51781,21.011343],[-100.516761,21.010672],[-100.515062,21.004775],[-100.513622,21.003515],[-100.515146,21.002979],[-100.515394,21.002293],[-100.5188,21.000107],[-100.518836,20.999313],[-100.520451,21.000873],[-100.52219,21.00147],[-100.529563,20.999175],[-100.528964,20.992325],[-100.526044,20.991347],[-100.524911,20.990368],[-100.524752,20.989284],[-100.524027,20.989385],[-100.515218,20.97565],[-100.515569,20.975576],[-100.515371,20.974351],[-100.512918,20.972822],[-100.510539,20.970128],[-100.502714,20.977251],[-100.502143,20.976826],[-100.501365,20.97487],[-100.500159,20.973564],[-100.499181,20.96949],[-100.495543,20.963934],[-100.495865,20.96234],[-100.494978,20.958702],[-100.495618,20.957736],[-100.495554,20.956764],[-100.492617,20.95786],[-100.486318,20.956101],[-100.484583,20.954173],[-100.485072,20.952413],[-100.484216,20.95048],[-100.48428,20.949318],[-100.482806,20.94863],[-100.48202,20.94449],[-100.483895,20.942887],[-100.484386,20.941008],[-100.48345,20.939914],[-100.483215,20.938637],[-100.480698,20.937297],[-100.480694,20.93385],[-100.479978,20.930168],[-100.4747,20.93028],[-100.47224,20.928416],[-100.469958,20.907039],[-100.479453,20.909061],[-100.485367,20.9088],[-100.485304,20.904451],[-100.484598,20.901605],[-100.484996,20.900785],[-100.488206,20.89969],[-100.491587,20.89619],[-100.492289,20.892616],[-100.495736,20.88627],[-100.502736,20.875521],[-100.509024,20.870707],[-100.507287,20.869538],[-100.502049,20.85292],[-100.517194,20.847046],[-100.524958,20.844985],[-100.525457,20.844006],[-100.531849,20.840225],[-100.540366,20.836563],[-100.559332,20.829915],[-100.566283,20.82081],[-100.569677,20.821249],[-100.571131,20.81963],[-100.575456,20.81842],[-100.576565,20.816808],[-100.577303,20.816763],[-100.576688,20.81359],[-100.577726,20.810991],[-100.577815,20.808445],[-100.573937,20.805281],[-100.573364,20.803674],[-100.572798,20.804601],[-100.570705,20.805863],[-100.558429,20.804583],[-100.56072,20.790653],[-100.564077,20.774697],[-100.562894,20.768547],[-100.559468,20.762591],[-100.548121,20.749561],[-100.548915,20.736383],[-100.552984,20.735803],[-100.556573,20.734515],[-100.568823,20.732816],[-100.584415,20.728937],[-100.585546,20.72813],[-100.585804,20.726059],[-100.588285,20.72241],[-100.596648,20.717326],[-100.612648,20.718268],[-100.614005,20.718122],[-100.61856,20.716088],[-100.622656,20.721791],[-100.618487,20.725464],[-100.618233,20.728318],[-100.619016,20.729004],[-100.618117,20.732403],[-100.621945,20.743828],[-100.628158,20.742944],[-100.632729,20.744998],[-100.635257,20.747672],[-100.634059,20.747884],[-100.632472,20.749613],[-100.631589,20.749625],[-100.62902,20.748698],[-100.627349,20.746859],[-100.625748,20.747091],[-100.625309,20.747515],[-100.625522,20.749698],[-100.62376,20.750098],[-100.621705,20.751358],[-100.621256,20.752126],[-100.621444,20.753823],[-100.619452,20.755957],[-100.620342,20.758593],[-100.617391,20.760581],[-100.615765,20.76288],[-100.617067,20.764155],[-100.61834,20.763744],[-100.633593,20.769789],[-100.631843,20.792003],[-100.640936,20.793642],[-100.643257,20.794584],[-100.645281,20.793694],[-100.645602,20.794389],[-100.647721,20.794651],[-100.647665,20.794996],[-100.651999,20.792946],[-100.652271,20.793728],[-100.657043,20.796264],[-100.660318,20.795742],[-100.660988,20.79668],[-100.66646,20.795233],[-100.674493,20.793967],[-100.677449,20.799923],[-100.678925,20.801788],[-100.678849,20.802715],[-100.680397,20.802706],[-100.681619,20.804038],[-100.682624,20.804339],[-100.684364,20.806741],[-100.68688,20.808319],[-100.686995,20.809411],[-100.687943,20.810695],[-100.69488,20.816632],[-100.695634,20.819504],[-100.705075,20.827438],[-100.707705,20.827847],[-100.70871,20.827196],[-100.710172,20.828209],[-100.710759,20.829413],[-100.712051,20.829913],[-100.713718,20.829768],[-100.718248,20.831267],[-100.719573,20.83115],[-100.72181,20.828941],[-100.724082,20.828557],[-100.725062,20.827319],[-100.727572,20.82597],[-100.727457,20.822925],[-100.728285,20.819823],[-100.730163,20.819195],[-100.732532,20.817389],[-100.733056,20.816441],[-100.732381,20.816127],[-100.741363,20.807894],[-100.771241,20.793656],[-100.772686,20.794467],[-100.77614,20.791633],[-100.776654,20.787565],[-100.779583,20.786225],[-100.783506,20.783214],[-100.7851,20.78308],[-100.786157,20.782226],[-100.787125,20.782127],[-100.790612,20.783175],[-100.793875,20.785368],[-100.795363,20.787197],[-100.798246,20.792789],[-100.800341,20.794634],[-100.80095,20.792721],[-100.804078,20.799201],[-100.803249,20.807376],[-100.803817,20.808123],[-100.807035,20.80868],[-100.813102,20.805404],[-100.81212,20.80423],[-100.811889,20.80453],[-100.811373,20.804079],[-100.810379,20.802306],[-100.809707,20.798291],[-100.811618,20.797849],[-100.811358,20.797484],[-100.812665,20.796699],[-100.815037,20.798325],[-100.814454,20.800381],[-100.815574,20.803263],[-100.824124,20.805906],[-100.832797,20.801645],[-100.847638,20.7969],[-100.850087,20.797214],[-100.860843,20.796422],[-100.869527,20.799332],[-100.873103,20.796917],[-100.889676,20.79347],[-100.89183,20.798304],[-100.892699,20.798693],[-100.892994,20.798363],[-100.897521,20.801393],[-100.89765,20.802403],[-100.899245,20.802414],[-100.90029,20.803247],[-100.900211,20.804006],[-100.902204,20.80405],[-100.904183,20.803428],[-100.904961,20.80388],[-100.906693,20.803672],[-100.908385,20.8029],[-100.910357,20.80045],[-100.910887,20.800477],[-100.911134,20.80561],[-100.913779,20.808066],[-100.914479,20.807434],[-100.920344,20.805912],[-100.921454,20.804569],[-100.923714,20.804852],[-100.925127,20.803157],[-100.926242,20.803492],[-100.932351,20.79974],[-100.937976,20.799337],[-100.939251,20.799904],[-100.942248,20.798992],[-100.951999,20.79898],[-100.952501,20.799864],[-100.954605,20.79941],[-100.960587,20.802109],[-100.972285,20.810298],[-100.974713,20.814256],[-100.97588,20.813806],[-100.977101,20.81207],[-100.977839,20.812237],[-100.977754,20.811911],[-100.978602,20.812267],[-100.979129,20.811669],[-100.979966,20.812301],[-100.980279,20.811656],[-100.981437,20.812272],[-100.984926,20.812124],[-100.986514,20.811816],[-100.986694,20.81125],[-100.988609,20.811415],[-100.98778,20.809388],[-100.986491,20.808719],[-100.986181,20.807709],[-100.987781,20.807318],[-100.989707,20.808703],[-100.991125,20.807979],[-100.99082,20.806937],[-100.98881,20.807819],[-100.988006,20.806946],[-100.990537,20.80599],[-100.989102,20.803866],[-100.990259,20.803947],[-100.990202,20.797865],[-100.992847,20.799502],[-100.988946,20.78871],[-100.993987,20.787237],[-101.002298,20.782336],[-101.013336,20.784858],[-101.033099,20.784783],[-101.033175,20.7904],[-101.034215,20.796968],[-101.034101,20.800219],[-101.035306,20.800427],[-101.040398,20.803212],[-101.067075,20.813922],[-101.067206,20.815298],[-101.069419,20.817588],[-101.071727,20.821597],[-101.072659,20.82227],[-101.071465,20.839893],[-101.072118,20.843082],[-101.080693,20.858064],[-101.086681,20.860048],[-101.082998,20.85987],[-101.081866,20.861039],[-101.081409,20.862388],[-101.077855,20.86443],[-101.077642,20.865196],[-101.074895,20.866965],[-101.071794,20.868409],[-101.069486,20.867491],[-101.064883,20.870624],[-101.051955,20.87395],[-101.040798,20.878544],[-101.029102,20.885647],[-101.014576,20.898596],[-100.99839,20.915272],[-100.993814,20.921205],[-100.986859,20.91757],[-100.984793,20.917624],[-100.983822,20.920484],[-100.984654,20.920939],[-100.984587,20.921478],[-100.983946,20.921783],[-100.982483,20.92801],[-100.981066,20.927699],[-100.980339,20.926833],[-100.979982,20.927776],[-100.977904,20.927647],[-100.975787,20.929017],[-100.973991,20.927439],[-100.969604,20.927593],[-100.969852,20.928617],[-100.96936,20.930764],[-100.970789,20.931354],[-100.971541,20.932315],[-100.969079,20.932522],[-100.964878,20.935058],[-100.966978,20.935651],[-100.967415,20.934493],[-100.969648,20.934472],[-100.970871,20.935579],[-100.969611,20.936348],[-100.969832,20.938018],[-100.971886,20.940019],[-100.970987,20.942015],[-100.97214,20.942248],[-100.970941,20.944583],[-100.96961,20.945535],[-100.969883,20.942132],[-100.96798,20.942881],[-100.968131,20.943603],[-100.969091,20.944038],[-100.967036,20.945927],[-100.966763,20.946745],[-100.965114,20.944796],[-100.965041,20.943982],[-100.963602,20.944189],[-100.962638,20.943166],[-100.962316,20.943372],[-100.963286,20.945045],[-100.962132,20.946334],[-100.962748,20.949416],[-100.961586,20.950344],[-100.962008,20.951369],[-100.9613,20.951901],[-100.958347,20.951716],[-100.955409,20.950585],[-100.95405,20.949214],[-100.952588,20.948756],[-100.951841,20.947235],[-100.950083,20.946125],[-100.946194,20.945276],[-100.944301,20.945545],[-100.942351,20.945146],[-100.94227,20.946043],[-100.94135,20.94445],[-100.940853,20.945091],[-100.941781,20.946102],[-100.941563,20.946836],[-100.940552,20.947044],[-100.940121,20.94806],[-100.940517,20.950273],[-100.93641,20.951359],[-100.937302,20.956324],[-100.934861,20.959445],[-100.932185,20.959537],[-100.93033,20.960747],[-100.925889,20.960617],[-100.926128,20.961118],[-100.922445,20.962259],[-100.924657,20.98223],[-100.923716,20.992344],[-100.918034,20.986588],[-100.903848,20.974427],[-100.901636,20.975168],[-100.90135,20.975952],[-100.903238,20.975804],[-100.902546,20.977608],[-100.904108,20.978159],[-100.903934,20.979024],[-100.900145,20.977804],[-100.899185,20.980805],[-100.899395,20.981741],[-100.897845,20.981445],[-100.897767,20.981989],[-100.898425,20.984368],[-100.90342,20.986699],[-100.904492,20.987926],[-100.904684,20.989206],[-100.907979,20.990272],[-100.908985,20.991657],[-100.910243,20.992046],[-100.910319,20.996717],[-100.90947,20.996599],[-100.909152,20.997768],[-100.910003,20.998084],[-100.910356,20.999377],[-100.910339,21.003533],[-100.909559,21.003535],[-100.909374,21.004143],[-100.910063,21.005859],[-100.898362,21.003277],[-100.898889,21.009825],[-100.895503,21.009034],[-100.894139,21.008122],[-100.892991,21.008947],[-100.891699,21.008871],[-100.891306,21.011601],[-100.88332,21.010198],[-100.885495,21.014239],[-100.886001,21.019232],[-100.889011,21.025162],[-100.885938,21.023929],[-100.883496,21.021142],[-100.868114,21.011421],[-100.863442,21.01183],[-100.85475,21.018636],[-100.852918,21.017873],[-100.838694,21.019139],[-100.846254,21.02815],[-100.847876,21.039145],[-100.850109,21.047233],[-100.851489,21.049094],[-100.850783,21.050243],[-100.852157,21.053114],[-100.851885,21.055864],[-100.853555,21.060316],[-100.853307,21.063435],[-100.854072,21.064392],[-100.854376,21.066076],[-100.852731,21.067878],[-100.844329,21.069661],[-100.840333,21.071065],[-100.83195,21.070226],[-100.824801,21.065508],[-100.8212,21.061425],[-100.815424,21.058856],[-100.813966,21.060398],[-100.812197,21.059991],[-100.811527,21.062999],[-100.80951,21.066145],[-100.80687,21.067791],[-100.805486,21.06904],[-100.805741,21.069251],[-100.799148,21.074526],[-100.791714,21.079718],[-100.787728,21.092011],[-100.782388,21.089983],[-100.777834,21.09096],[-100.76499,21.090802],[-100.756021,21.093651],[-100.752761,21.09338],[-100.750712,21.094286],[-100.735015,21.098249],[-100.728638,21.101186],[-100.719003,21.102389],[-100.709437,21.102458],[-100.702927,21.105343],[-100.700471,21.105954],[-100.689564,21.105008],[-100.681606,21.105748],[-100.673879,21.105699],[-100.64411,21.108825],[-100.634328,21.108566],[-100.62877,21.10911],[-100.628111,21.109052]]]]}},{"type":"Feature","properties":{"cvegeo":"11034","cve_ent":"11","cve_mun":"034","nombre":"Santa Catarina"},"geometry":{"type":"MultiPolygon","crs":{"type":"name","properties":{"name":"EPSG:6365"}},"coordinates":[[[[-100.097769,21.235397],[-100.096104,21.22979],[-100.093476,21.231549],[-100.087548,21.232109],[-100.084722,21.231366],[-100.085578,21.22946],[-100.084111,21.229435],[-100.083109,21.22881],[-100.079064,21.229861],[-100.077299,21.229462],[-100.076318,21.228546],[-100.074134,21.229466],[-100.072277,21.229417],[-100.072025,21.228161],[-100.071311,21.227774],[-100.070801,21.224182],[-100.069421,21.222928],[-100.069996,21.219653],[-100.069561,21.218573],[-100.06333,21.212115],[-100.063531,21.211009],[-100.061501,21.211379],[-100.060993,21.210839],[-100.057561,21.210782],[-100.057905,21.210117],[-100.054339,21.210359],[-100.053322,21.209729],[-100.052223,21.212194],[-100.04878,21.214302],[-100.047415,21.213842],[-100.044962,21.214495],[-100.043944,21.212809],[-100.041136,21.21282],[-100.041828,21.214644],[-100.041185,21.215877],[-100.04025,21.21582],[-100.03947,21.213782],[-100.039907,21.213022],[-100.036529,21.213232],[-100.034586,21.210811],[-100.02942,21.207008],[-100.029388,21.203503],[-100.027269,21.201395],[-100.025075,21.197472],[-100.025513,21.195353],[-100.025896,21.195279],[-100.023991,21.19441],[-100.023075,21.192737],[-100.021161,21.191431],[-100.011086,21.189464],[-100.001222,21.188524],[-99.999422,21.186852],[-99.998038,21.184317],[-99.996484,21.182665],[-99.998178,21.180348],[-99.998788,21.1805],[-100.003974,21.173835],[-100.002387,21.168697],[-100.005909,21.161108],[-100.002878,21.159011],[-100.002991,21.157424],[-100.004973,21.15665],[-100.006852,21.157249],[-100.007104,21.156685],[-100.008883,21.149958],[-100.008372,21.148375],[-100.009936,21.147028],[-100.009666,21.145899],[-100.012918,21.138507],[-100.013421,21.136982],[-100.012895,21.135674],[-100.013868,21.133778],[-100.013855,21.131704],[-100.015741,21.129531],[-100.015701,21.126301],[-100.016702,21.124695],[-100.016771,21.123027],[-100.018209,21.121232],[-100.018802,21.119273],[-100.019968,21.11881],[-100.020017,21.117402],[-100.020815,21.116648],[-100.021302,21.114748],[-100.020778,21.113832],[-100.024503,21.109463],[-100.02469,21.106463],[-100.02632,21.103996],[-100.027543,21.100253],[-100.021878,21.100084],[-100.021466,21.09666],[-100.021917,21.093003],[-100.023606,21.089209],[-100.023758,21.08523],[-100.024734,21.082839],[-100.023474,21.080255],[-100.023318,21.078048],[-100.025243,21.075941],[-100.026419,21.073562],[-100.025762,21.071573],[-100.023308,21.069441],[-100.02303,21.067862],[-100.020313,21.064002],[-100.021714,21.061349],[-100.021061,21.060164],[-100.020074,21.059796],[-100.019765,21.05513],[-100.014724,21.050985],[-100.015951,21.050579],[-100.015883,21.048985],[-100.017657,21.047637],[-100.021382,21.046958],[-100.022272,21.047906],[-100.023959,21.048123],[-100.024763,21.049214],[-100.028004,21.050753],[-100.03456,21.052107],[-100.036249,21.048979],[-100.038853,21.049531],[-100.040144,21.048757],[-100.041326,21.049],[-100.043148,21.047458],[-100.043378,21.04672],[-100.045465,21.049332],[-100.048319,21.049073],[-100.051848,21.053673],[-100.053431,21.053407],[-100.054646,21.050209],[-100.055516,21.051678],[-100.0592,21.054553],[-100.059856,21.054136],[-100.063034,21.054741],[-100.062485,21.059749],[-100.06446,21.060606],[-100.065117,21.06025],[-100.069232,21.061419],[-100.073408,21.058879],[-100.074527,21.058717],[-100.075031,21.059358],[-100.074831,21.060791],[-100.075408,21.062194],[-100.076953,21.063365],[-100.078002,21.065421],[-100.078758,21.06573],[-100.078919,21.066976],[-100.079723,21.067564],[-100.080201,21.070481],[-100.07689,21.072563],[-100.076575,21.077289],[-100.069967,21.076579],[-100.069454,21.079624],[-100.067933,21.080177],[-100.071361,21.086081],[-100.071123,21.091045],[-100.07297,21.0926],[-100.076795,21.093479],[-100.077243,21.09421],[-100.079286,21.093443],[-100.079816,21.094029],[-100.080773,21.094014],[-100.081497,21.095922],[-100.086494,21.097304],[-100.089797,21.09712],[-100.110243,21.107009],[-100.110439,21.108761],[-100.111633,21.108619],[-100.111767,21.109326],[-100.106142,21.111743],[-100.105981,21.112385],[-100.104332,21.1135],[-100.104929,21.114766],[-100.107013,21.112784],[-100.108055,21.11264],[-100.108638,21.121814],[-100.10792,21.126268],[-100.111145,21.125996],[-100.114343,21.127113],[-100.118504,21.127737],[-100.118731,21.128315],[-100.123853,21.129336],[-100.127259,21.130962],[-100.129324,21.135115],[-100.130704,21.144111],[-100.141218,21.140892],[-100.142802,21.14165],[-100.142394,21.142778],[-100.147542,21.144178],[-100.148941,21.147551],[-100.14775,21.151037],[-100.147865,21.152522],[-100.152125,21.155109],[-100.153781,21.162032],[-100.146805,21.164104],[-100.151828,21.182405],[-100.151709,21.183409],[-100.15064,21.184384],[-100.150951,21.185432],[-100.150555,21.186049],[-100.149747,21.185763],[-100.147121,21.184395],[-100.146943,21.183653],[-100.145939,21.183497],[-100.14065,21.184262],[-100.142031,21.18735],[-100.137837,21.189455],[-100.13838,21.190833],[-100.140375,21.19254],[-100.140621,21.195454],[-100.139811,21.196303],[-100.137774,21.196874],[-100.140848,21.199763],[-100.137493,21.200322],[-100.137675,21.206483],[-100.136234,21.205932],[-100.13049,21.207956],[-100.130271,21.211826],[-100.130453,21.213162],[-100.131094,21.213494],[-100.130263,21.215542],[-100.127546,21.21549],[-100.122038,21.218898],[-100.125057,21.22396],[-100.124053,21.224617],[-100.123131,21.224191],[-100.118879,21.228852],[-100.112253,21.227496],[-100.10899,21.231299],[-100.103922,21.233514],[-100.104087,21.23388],[-100.102544,21.234748],[-100.098208,21.23609],[-100.097769,21.235397]]]]}},{"type":"Feature","properties":{"cvegeo":"11010","cve_ent":"11","cve_mun":"010","nombre":"Coroneo"},"geometry":{"type":"MultiPolygon","crs":{"type":"name","properties":{"name":"EPSG:6365"}},"coordinates":[[[[-100.38605,20.306493],[-100.379186,20.301932],[-100.369474,20.302521],[-100.364319,20.297512],[-100.359237,20.293531],[-100.34813,20.28658],[-100.345858,20.284443],[-100.346677,20.284354],[-100.347311,20.28323],[-100.347542,20.282399],[-100.346567,20.281855],[-100.347416,20.280472],[-100.344088,20.272944],[-100.343265,20.273862],[-100.341909,20.273621],[-100.339353,20.271438],[-100.339108,20.271845],[-100.338104,20.270161],[-100.338099,20.26927],[-100.334232,20.265374],[-100.331635,20.26616],[-100.331791,20.266521],[-100.331109,20.266749],[-100.329838,20.265379],[-100.329378,20.26305],[-100.325763,20.26102],[-100.3273,20.257728],[-100.323633,20.25205],[-100.325914,20.250956],[-100.326149,20.249927],[-100.329627,20.246514],[-100.331631,20.245237],[-100.332811,20.242649],[-100.335515,20.241081],[-100.341499,20.239113],[-100.341849,20.232149],[-100.343518,20.228964],[-100.346142,20.227704],[-100.347468,20.224694],[-100.349959,20.224247],[-100.349685,20.222985],[-100.350221,20.221412],[-100.352717,20.221295],[-100.353924,20.220114],[-100.354502,20.220136],[-100.354481,20.219471],[-100.355237,20.219018],[-100.355254,20.216523],[-100.35388,20.213245],[-100.355225,20.211875],[-100.355288,20.211165],[-100.354097,20.209859],[-100.353392,20.20678],[-100.352632,20.206328],[-100.35328,20.204481],[-100.352386,20.203969],[-100.352775,20.201359],[-100.352343,20.200461],[-100.350237,20.199069],[-100.348876,20.200559],[-100.347389,20.200588],[-100.346398,20.201245],[-100.34597,20.20098],[-100.345421,20.196549],[-100.344929,20.195939],[-100.342976,20.195987],[-100.342334,20.195489],[-100.342025,20.19284],[-100.34156,20.192669],[-100.340308,20.189737],[-100.355837,20.182386],[-100.354034,20.180622],[-100.353887,20.179523],[-100.354808,20.177687],[-100.356566,20.176914],[-100.357007,20.17594],[-100.358601,20.175424],[-100.360044,20.173163],[-100.360995,20.172826],[-100.361241,20.169496],[-100.358925,20.167222],[-100.35989,20.164333],[-100.366515,20.153635],[-100.369879,20.146667],[-100.370887,20.136185],[-100.379692,20.130666],[-100.38312,20.129393],[-100.382554,20.137683],[-100.381183,20.142228],[-100.381799,20.142396],[-100.384465,20.140171],[-100.384886,20.140781],[-100.387278,20.140721],[-100.387109,20.141772],[-100.388771,20.143256],[-100.390251,20.141593],[-100.391362,20.141768],[-100.39274,20.140809],[-100.393609,20.132795],[-100.401234,20.126486],[-100.421445,20.140074],[-100.422197,20.146853],[-100.423504,20.149557],[-100.423416,20.15006],[-100.409852,20.150143],[-100.405874,20.15111],[-100.40388,20.150295],[-100.403741,20.150915],[-100.404331,20.15146],[-100.404075,20.152995],[-100.401294,20.158074],[-100.401916,20.15891],[-100.401627,20.161013],[-100.397834,20.161153],[-100.396808,20.160683],[-100.395136,20.161201],[-100.39507,20.161671],[-100.396268,20.162564],[-100.396474,20.163953],[-100.396176,20.166641],[-100.394348,20.167979],[-100.394599,20.169697],[-100.396066,20.170961],[-100.396841,20.173735],[-100.39653,20.174871],[-100.398512,20.176002],[-100.398881,20.177143],[-100.400712,20.178486],[-100.400556,20.179728],[-100.401558,20.179349],[-100.4023,20.180496],[-100.403422,20.180604],[-100.404801,20.178308],[-100.404833,20.177247],[-100.40793,20.176114],[-100.411782,20.172949],[-100.412055,20.171827],[-100.413634,20.171196],[-100.416142,20.173492],[-100.416744,20.17489],[-100.417776,20.17541],[-100.419005,20.175041],[-100.4194,20.173167],[-100.419885,20.173005],[-100.422848,20.174722],[-100.424531,20.174443],[-100.428918,20.175395],[-100.432023,20.175507],[-100.433356,20.174972],[-100.43713,20.175812],[-100.443495,20.175862],[-100.445548,20.173951],[-100.449426,20.175477],[-100.448112,20.178122],[-100.446285,20.177633],[-100.445846,20.178585],[-100.445638,20.182387],[-100.446492,20.183393],[-100.446202,20.187648],[-100.429457,20.190009],[-100.431221,20.203523],[-100.429661,20.203299],[-100.428956,20.206223],[-100.432695,20.204932],[-100.433382,20.21185],[-100.434782,20.217454],[-100.434307,20.218135],[-100.43004,20.217973],[-100.429972,20.221053],[-100.430467,20.222441],[-100.425869,20.223278],[-100.426255,20.225401],[-100.421494,20.228176],[-100.421661,20.229036],[-100.419344,20.229591],[-100.415167,20.237273],[-100.409198,20.256166],[-100.408816,20.259175],[-100.409339,20.271616],[-100.407288,20.2717],[-100.404027,20.273037],[-100.405318,20.275253],[-100.408156,20.277371],[-100.402783,20.27953],[-100.401715,20.281222],[-100.402137,20.28182],[-100.399369,20.282833],[-100.395454,20.286449],[-100.379936,20.287874],[-100.379307,20.285453],[-100.376703,20.284447],[-100.374628,20.281864],[-100.362919,20.284941],[-100.361671,20.285759],[-100.373592,20.295996],[-100.375367,20.295683],[-100.377541,20.296286],[-100.37916,20.294956],[-100.38913,20.299451],[-100.390896,20.301397],[-100.389692,20.302692],[-100.389137,20.302341],[-100.388117,20.305012],[-100.387003,20.304639],[-100.386379,20.306849],[-100.38605,20.306493]]]]}},{"type":"Feature","properties":{"cvegeo":"11046","cve_ent":"11","cve_mun":"046","nombre":"Yuriria"},"geometry":{"type":"MultiPolygon","crs":{"type":"name","properties":{"name":"EPSG:6365"}},"coordinates":[[[[-101.111856,20.301726],[-101.107286,20.299704],[-101.106204,20.297219],[-101.105165,20.298588],[-101.094378,20.291044],[-101.084526,20.301154],[-101.075932,20.300475],[-101.075454,20.294208],[-101.073733,20.292702],[-101.072156,20.289557],[-101.071625,20.287317],[-101.069546,20.285134],[-101.067594,20.284393],[-101.066862,20.284851],[-101.058418,20.281193],[-101.055778,20.280936],[-101.054645,20.278983],[-101.054813,20.277225],[-101.05309,20.276576],[-101.052273,20.277523],[-101.05092,20.277607],[-101.049214,20.275256],[-101.048506,20.275056],[-101.046898,20.276347],[-101.046827,20.277688],[-101.044441,20.278496],[-101.044354,20.279087],[-101.041815,20.277499],[-101.042999,20.276075],[-101.049571,20.256224],[-101.050069,20.256285],[-101.049841,20.252846],[-101.034644,20.250583],[-101.036305,20.241906],[-101.040477,20.241349],[-101.046952,20.230046],[-101.048781,20.220183],[-101.050648,20.219014],[-101.051088,20.21702],[-101.051853,20.216916],[-101.05183,20.216426],[-101.046691,20.211676],[-101.038592,20.209238],[-101.033184,20.206161],[-101.021447,20.201264],[-101.018308,20.198457],[-101.01006,20.184966],[-101.019804,20.169678],[-101.02173,20.167237],[-101.022993,20.166685],[-101.023525,20.167095],[-101.025044,20.161742],[-101.023483,20.157474],[-101.023663,20.155957],[-101.032406,20.157201],[-101.032509,20.156622],[-101.034932,20.156528],[-101.036518,20.154292],[-101.037291,20.14676],[-101.042818,20.146832],[-101.047618,20.143767],[-101.054296,20.141932],[-101.052955,20.12996],[-101.047581,20.130634],[-101.047024,20.123836],[-101.042818,20.123959],[-101.042536,20.122498],[-101.042042,20.122913],[-101.041078,20.119822],[-101.040666,20.12],[-101.040368,20.119107],[-101.039302,20.119238],[-101.034515,20.117547],[-101.033004,20.117865],[-101.03209,20.120239],[-101.03123,20.120327],[-101.030618,20.119401],[-101.027319,20.118741],[-101.026645,20.119361],[-101.026523,20.121384],[-101.025497,20.122733],[-101.0254,20.124028],[-101.024098,20.124412],[-101.020156,20.123463],[-101.019473,20.12147],[-101.01747,20.124233],[-101.015066,20.124684],[-101.011894,20.123675],[-101.013933,20.11873],[-101.014804,20.117686],[-101.015043,20.115886],[-101.016967,20.115767],[-101.017512,20.116274],[-101.019939,20.114819],[-101.018947,20.109856],[-101.019271,20.106031],[-101.012471,20.1052],[-101.00947,20.104036],[-101.005416,20.104466],[-101.002978,20.108326],[-101.001502,20.109162],[-100.999982,20.109106],[-100.998421,20.107153],[-100.99839,20.10415],[-101.00734,20.099777],[-101.00751,20.089143],[-101.006205,20.087988],[-101.006442,20.085722],[-101.008853,20.082643],[-101.009639,20.081987],[-101.011785,20.081523],[-101.017278,20.085695],[-101.021353,20.086945],[-101.025795,20.086636],[-101.028137,20.087914],[-101.0327,20.087198],[-101.03526,20.087336],[-101.036649,20.088361],[-101.040087,20.088978],[-101.040333,20.090632],[-101.042901,20.091954],[-101.043015,20.091391],[-101.045756,20.090826],[-101.045998,20.090282],[-101.047059,20.090308],[-101.047412,20.089845],[-101.048879,20.090207],[-101.048834,20.08961],[-101.050813,20.089792],[-101.051036,20.091088],[-101.07486,20.088388],[-101.078837,20.085086],[-101.080242,20.08285],[-101.08057,20.089106],[-101.079928,20.091061],[-101.081322,20.094017],[-101.081877,20.09724],[-101.086127,20.0957],[-101.086975,20.097678],[-101.086568,20.097902],[-101.088161,20.099889],[-101.090535,20.106151],[-101.093163,20.104269],[-101.093483,20.106395],[-101.098397,20.110426],[-101.096614,20.112435],[-101.099492,20.11379],[-101.098119,20.114998],[-101.093394,20.114194],[-101.091781,20.118655],[-101.0928,20.119204],[-101.089771,20.120723],[-101.090356,20.122136],[-101.09185,20.122764],[-101.091619,20.123548],[-101.090223,20.12458],[-101.094226,20.125018],[-101.095978,20.126451],[-101.094652,20.130086],[-101.095845,20.131474],[-101.102075,20.128972],[-101.104315,20.134369],[-101.103105,20.134593],[-101.103416,20.136506],[-101.104947,20.136654],[-101.106996,20.136061],[-101.108109,20.138218],[-101.106848,20.139012],[-101.10727,20.14017],[-101.109416,20.140028],[-101.109984,20.142243],[-101.10959,20.143348],[-101.11584,20.14101],[-101.115829,20.142688],[-101.116919,20.144289],[-101.115641,20.144744],[-101.114743,20.145822],[-101.114839,20.146424],[-101.115437,20.146603],[-101.115384,20.147476],[-101.117284,20.149037],[-101.119066,20.151885],[-101.119298,20.155181],[-101.122974,20.154273],[-101.123652,20.155944],[-101.1242,20.15587],[-101.124726,20.158462],[-101.124129,20.159937],[-101.125404,20.162451],[-101.125847,20.164564],[-101.128749,20.164672],[-101.130833,20.16562],[-101.137332,20.166363],[-101.139968,20.163771],[-101.140936,20.163849],[-101.140971,20.165028],[-101.141798,20.16457],[-101.142683,20.165132],[-101.144924,20.164905],[-101.146419,20.164234],[-101.14818,20.164261],[-101.152461,20.162437],[-101.155306,20.159967],[-101.1565,20.159971],[-101.157403,20.160608],[-101.159323,20.16032],[-101.15781,20.16948],[-101.156895,20.17136],[-101.155571,20.177221],[-101.153291,20.180441],[-101.147216,20.185289],[-101.146298,20.18821],[-101.145166,20.18978],[-101.148197,20.190499],[-101.150226,20.188631],[-101.150715,20.188684],[-101.151311,20.186817],[-101.152422,20.186521],[-101.155156,20.18751],[-101.155588,20.185079],[-101.159,20.185603],[-101.159723,20.18525],[-101.159897,20.183156],[-101.160857,20.182138],[-101.161702,20.182931],[-101.162012,20.185146],[-101.16505,20.185504],[-101.16538,20.183267],[-101.165979,20.183135],[-101.165049,20.180069],[-101.170312,20.179341],[-101.175048,20.189637],[-101.174102,20.18997],[-101.174192,20.19177],[-101.18,20.192057],[-101.180161,20.189689],[-101.176411,20.18975],[-101.176056,20.188661],[-101.176848,20.188394],[-101.177305,20.187215],[-101.177215,20.182834],[-101.178363,20.181371],[-101.196976,20.182343],[-101.19635,20.189454],[-101.198857,20.189448],[-101.198005,20.197364],[-101.203576,20.200334],[-101.204685,20.200081],[-101.205171,20.199048],[-101.205697,20.197226],[-101.205472,20.194444],[-101.207478,20.192954],[-101.205717,20.189114],[-101.206822,20.187258],[-101.20591,20.18488],[-101.206815,20.181856],[-101.208111,20.1809],[-101.209079,20.178326],[-101.212359,20.174136],[-101.211128,20.172216],[-101.21152,20.171127],[-101.210596,20.169555],[-101.211297,20.168846],[-101.210877,20.167765],[-101.211257,20.166281],[-101.209088,20.163584],[-101.209421,20.16147],[-101.202371,20.160826],[-101.197986,20.162105],[-101.194254,20.16025],[-101.194995,20.159003],[-101.196177,20.158596],[-101.199081,20.159692],[-101.19873,20.155861],[-101.199307,20.153444],[-101.201085,20.153665],[-101.202767,20.152937],[-101.203188,20.15198],[-101.202513,20.150238],[-101.203625,20.1495],[-101.203932,20.147355],[-101.209044,20.145128],[-101.208268,20.143056],[-101.210324,20.144743],[-101.212891,20.145122],[-101.219247,20.1478],[-101.222879,20.147038],[-101.226356,20.148209],[-101.229033,20.150264],[-101.229535,20.15113],[-101.229424,20.152655],[-101.230513,20.154607],[-101.232997,20.157311],[-101.234527,20.158326],[-101.236609,20.158823],[-101.237195,20.160131],[-101.239884,20.159633],[-101.237035,20.155576],[-101.237507,20.154157],[-101.241796,20.151051],[-101.242035,20.155092],[-101.243219,20.154987],[-101.243375,20.15861],[-101.245793,20.160425],[-101.250459,20.161644],[-101.252207,20.161861],[-101.252884,20.161424],[-101.253234,20.160243],[-101.252775,20.15916],[-101.257221,20.15806],[-101.258805,20.155987],[-101.265814,20.155262],[-101.26577,20.151745],[-101.266504,20.151615],[-101.266033,20.150069],[-101.266351,20.150145],[-101.264734,20.148302],[-101.262696,20.147563],[-101.263037,20.146992],[-101.26249,20.146243],[-101.264012,20.144803],[-101.266017,20.14603],[-101.268113,20.1463],[-101.268862,20.139949],[-101.267352,20.138978],[-101.268158,20.137314],[-101.268101,20.13394],[-101.268742,20.134169],[-101.268845,20.133055],[-101.269529,20.132662],[-101.269594,20.129738],[-101.271612,20.1269],[-101.275711,20.126243],[-101.275743,20.124564],[-101.276816,20.123331],[-101.280516,20.124002],[-101.281794,20.123302],[-101.281831,20.122288],[-101.282792,20.123406],[-101.283861,20.123584],[-101.285032,20.124584],[-101.288656,20.124071],[-101.290504,20.119977],[-101.289578,20.119239],[-101.28821,20.114225],[-101.302273,20.107572],[-101.301444,20.105219],[-101.301817,20.103126],[-101.303111,20.101808],[-101.303593,20.100097],[-101.306477,20.098258],[-101.307277,20.097961],[-101.310918,20.100139],[-101.315573,20.097466],[-101.314283,20.092646],[-101.310595,20.092884],[-101.310385,20.091801],[-101.311409,20.090794],[-101.311671,20.087059],[-101.322774,20.085478],[-101.324255,20.084057],[-101.324335,20.080723],[-101.323546,20.079067],[-101.322769,20.079187],[-101.321916,20.078423],[-101.323172,20.07341],[-101.324219,20.074309],[-101.324666,20.073845],[-101.32515,20.070677],[-101.32456,20.069235],[-101.324692,20.067555],[-101.323238,20.06503],[-101.322371,20.061603],[-101.321437,20.060059],[-101.321601,20.05823],[-101.320939,20.054391],[-101.31959,20.049825],[-101.318298,20.048671],[-101.31539,20.048928],[-101.310071,20.051437],[-101.305125,20.051815],[-101.304286,20.050476],[-101.304317,20.048434],[-101.302697,20.046802],[-101.303875,20.042303],[-101.301109,20.042904],[-101.291214,20.047413],[-101.291666,20.036065],[-101.29646,20.038645],[-101.301138,20.038026],[-101.301802,20.037373],[-101.303273,20.037844],[-101.306828,20.037725],[-101.308756,20.036248],[-101.316475,20.037424],[-101.319166,20.035769],[-101.321372,20.033166],[-101.326711,20.032062],[-101.331418,20.032089],[-101.334039,20.031523],[-101.337264,20.03278],[-101.339801,20.031781],[-101.348207,20.032111],[-101.350743,20.034462],[-101.35134,20.034375],[-101.354072,20.038398],[-101.358431,20.038582],[-101.363229,20.037602],[-101.36324,20.036903],[-101.36593,20.036018],[-101.367539,20.036114],[-101.370434,20.036641],[-101.37155,20.03831],[-101.373015,20.038549],[-101.374947,20.040429],[-101.381712,20.033518],[-101.388136,20.03041],[-101.389338,20.030866],[-101.390226,20.032764],[-101.391994,20.033841],[-101.394146,20.033583],[-101.397641,20.034139],[-101.399719,20.036319],[-101.40168,20.035009],[-101.402593,20.046973],[-101.401158,20.048333],[-101.399867,20.048471],[-101.396418,20.050628],[-101.394278,20.052912],[-101.395836,20.060798],[-101.3951,20.062214],[-101.396217,20.064937],[-101.394992,20.068636],[-101.395447,20.06996],[-101.39425,20.072498],[-101.393898,20.075013],[-101.392511,20.076199],[-101.392179,20.077196],[-101.388946,20.078492],[-101.387513,20.082961],[-101.392315,20.083308],[-101.394348,20.082399],[-101.397288,20.08241],[-101.398839,20.081313],[-101.402592,20.081031],[-101.404696,20.080195],[-101.404272,20.087566],[-101.40453,20.09568],[-101.405522,20.097599],[-101.404819,20.097817],[-101.404063,20.099621],[-101.403334,20.100069],[-101.404716,20.101488],[-101.405736,20.101151],[-101.408342,20.102633],[-101.40738,20.105706],[-101.404844,20.105942],[-101.404326,20.106791],[-101.405325,20.107157],[-101.405877,20.109194],[-101.408689,20.123134],[-101.404514,20.126869],[-101.402827,20.127295],[-101.399508,20.127469],[-101.395607,20.128419],[-101.394599,20.127522],[-101.391008,20.127121],[-101.390599,20.128731],[-101.389398,20.130141],[-101.389376,20.134864],[-101.38999,20.137193],[-101.392265,20.13943],[-101.391233,20.13974],[-101.392375,20.144029],[-101.396636,20.142216],[-101.400286,20.141435],[-101.403604,20.142116],[-101.403545,20.142894],[-101.406346,20.144321],[-101.409061,20.152288],[-101.409751,20.151984],[-101.414433,20.156133],[-101.416182,20.158963],[-101.415226,20.159371],[-101.416471,20.161676],[-101.418094,20.162777],[-101.422498,20.163226],[-101.423689,20.169891],[-101.422538,20.171442],[-101.419891,20.201591],[-101.411779,20.203342],[-101.405602,20.203323],[-101.387988,20.201328],[-101.385394,20.199958],[-101.378156,20.198242],[-101.37,20.196563],[-101.363198,20.195794],[-101.352618,20.234932],[-101.353317,20.234923],[-101.35323,20.237325],[-101.353603,20.237835],[-101.357964,20.241579],[-101.359891,20.245397],[-101.361051,20.246308],[-101.360519,20.249056],[-101.361442,20.24905],[-101.360952,20.249981],[-101.361768,20.251596],[-101.363446,20.252864],[-101.359676,20.252625],[-101.359366,20.254069],[-101.356707,20.254008],[-101.353225,20.25727],[-101.35024,20.262866],[-101.348069,20.265187],[-101.346633,20.265787],[-101.344974,20.269808],[-101.343647,20.271488],[-101.331632,20.268329],[-101.331143,20.269839],[-101.331662,20.271],[-101.32864,20.270656],[-101.326118,20.273643],[-101.324283,20.273773],[-101.323666,20.272301],[-101.325288,20.270138],[-101.325301,20.267369],[-101.325929,20.266362],[-101.327676,20.267264],[-101.328543,20.26598],[-101.328306,20.265046],[-101.324153,20.262808],[-101.323743,20.268084],[-101.32096,20.271203],[-101.320451,20.275566],[-101.317113,20.275191],[-101.315337,20.275979],[-101.314264,20.277387],[-101.313986,20.274639],[-101.311201,20.275997],[-101.307612,20.275809],[-101.307588,20.276567],[-101.301933,20.274525],[-101.301317,20.277459],[-101.300584,20.277996],[-101.300842,20.279368],[-101.305249,20.286876],[-101.29819,20.28491],[-101.290404,20.284976],[-101.273049,20.286949],[-101.246471,20.293456],[-101.244793,20.288298],[-101.244016,20.288193],[-101.24465,20.283817],[-101.241432,20.284373],[-101.240589,20.283809],[-101.238016,20.283567],[-101.236024,20.28225],[-101.232874,20.282175],[-101.231413,20.281299],[-101.227656,20.276908],[-101.225826,20.273176],[-101.22457,20.273154],[-101.224357,20.273731],[-101.225307,20.278711],[-101.226286,20.280114],[-101.222866,20.281076],[-101.222471,20.280044],[-101.222852,20.278735],[-101.217032,20.273232],[-101.216804,20.271241],[-101.212871,20.269248],[-101.212451,20.264776],[-101.208103,20.264825],[-101.207781,20.262122],[-101.208372,20.26014],[-101.206911,20.25872],[-101.206878,20.256325],[-101.205989,20.254801],[-101.207267,20.251123],[-101.207086,20.249258],[-101.206399,20.246416],[-101.205231,20.246415],[-101.204161,20.247831],[-101.201365,20.247296],[-101.198224,20.247917],[-101.196675,20.248832],[-101.193921,20.251646],[-101.19353,20.254398],[-101.188895,20.257749],[-101.178447,20.259862],[-101.175987,20.264776],[-101.173127,20.2663],[-101.169076,20.271968],[-101.156541,20.274044],[-101.155996,20.272876],[-101.15445,20.272214],[-101.15263,20.270209],[-101.145637,20.265352],[-101.145768,20.263561],[-101.144164,20.262395],[-101.139598,20.26375],[-101.138081,20.265844],[-101.139211,20.26828],[-101.140541,20.269556],[-101.140455,20.270501],[-101.138525,20.271224],[-101.138045,20.270959],[-101.136102,20.27255],[-101.135206,20.272563],[-101.133059,20.274053],[-101.129995,20.274456],[-101.128418,20.276654],[-101.123835,20.277731],[-101.119402,20.278103],[-101.111886,20.276897],[-101.112078,20.282313],[-101.113862,20.289912],[-101.112677,20.29175],[-101.11637,20.302399],[-101.111856,20.301726]]]]}},{"type":"Feature","properties":{"cvegeo":"11039","cve_ent":"11","cve_mun":"039","nombre":"Tarimoro"},"geometry":{"type":"MultiPolygon","crs":{"type":"name","properties":{"name":"EPSG:6365"}},"coordinates":[[[[-100.690039,20.423817],[-100.689102,20.423578],[-100.688414,20.416957],[-100.673213,20.422809],[-100.670291,20.423191],[-100.663167,20.41027],[-100.660445,20.412552],[-100.655968,20.406782],[-100.657403,20.403604],[-100.65527,20.403088],[-100.656275,20.401689],[-100.655163,20.40159],[-100.654374,20.384406],[-100.656885,20.384223],[-100.656842,20.385152],[-100.660692,20.385306],[-100.658707,20.374882],[-100.656717,20.352203],[-100.655963,20.350124],[-100.653599,20.348143],[-100.660845,20.342462],[-100.662602,20.346805],[-100.663478,20.347499],[-100.665735,20.346716],[-100.67062,20.342808],[-100.669937,20.34153],[-100.666332,20.338015],[-100.68697,20.321413],[-100.677584,20.30678],[-100.677571,20.304215],[-100.681524,20.300951],[-100.681281,20.294364],[-100.678176,20.294701],[-100.675921,20.294157],[-100.676293,20.293061],[-100.678946,20.291234],[-100.680928,20.287871],[-100.683314,20.285932],[-100.683208,20.283706],[-100.679868,20.280733],[-100.672484,20.280755],[-100.67053,20.279222],[-100.669803,20.27777],[-100.669942,20.276753],[-100.67253,20.272782],[-100.674221,20.267752],[-100.676146,20.266888],[-100.674233,20.26451],[-100.677876,20.257434],[-100.678005,20.229895],[-100.676877,20.229066],[-100.68018,20.225559],[-100.686446,20.21538],[-100.688092,20.211601],[-100.690357,20.209206],[-100.706887,20.194718],[-100.71383,20.19583],[-100.720236,20.188568],[-100.720884,20.185487],[-100.726573,20.183274],[-100.724804,20.168272],[-100.721538,20.166289],[-100.728023,20.162121],[-100.728206,20.163425],[-100.733506,20.161543],[-100.734645,20.167211],[-100.729571,20.170417],[-100.733853,20.181162],[-100.737587,20.178947],[-100.746101,20.176313],[-100.781731,20.173086],[-100.782185,20.195314],[-100.777287,20.195378],[-100.774,20.19437],[-100.77336,20.201827],[-100.772575,20.205248],[-100.773388,20.206424],[-100.773646,20.208811],[-100.783855,20.207288],[-100.78734,20.208092],[-100.787999,20.20873],[-100.789389,20.216621],[-100.789609,20.232126],[-100.791551,20.232496],[-100.794678,20.231354],[-100.795309,20.234543],[-100.796088,20.234705],[-100.797129,20.236199],[-100.805859,20.233129],[-100.805522,20.228959],[-100.806375,20.228947],[-100.809329,20.230834],[-100.809423,20.231689],[-100.812806,20.232701],[-100.816013,20.235841],[-100.814591,20.237982],[-100.815248,20.23968],[-100.817354,20.240351],[-100.819683,20.239521],[-100.823219,20.239595],[-100.829102,20.241392],[-100.821063,20.242716],[-100.811919,20.245176],[-100.809812,20.246367],[-100.812345,20.246425],[-100.812975,20.252068],[-100.821043,20.251652],[-100.821286,20.260083],[-100.823171,20.260348],[-100.823033,20.26072],[-100.836516,20.259211],[-100.837104,20.26523],[-100.83661,20.269479],[-100.837813,20.278816],[-100.841203,20.277311],[-100.842971,20.279268],[-100.840203,20.282559],[-100.839095,20.28508],[-100.833965,20.287414],[-100.8337,20.288304],[-100.831897,20.289777],[-100.830674,20.290037],[-100.83211,20.29563],[-100.827645,20.296613],[-100.827178,20.297522],[-100.824649,20.29863],[-100.82451,20.301696],[-100.82556,20.306025],[-100.825539,20.306724],[-100.8244,20.307782],[-100.826354,20.312497],[-100.822139,20.321093],[-100.812477,20.320661],[-100.807854,20.319669],[-100.807348,20.318493],[-100.807559,20.317573],[-100.80204,20.323648],[-100.807932,20.323722],[-100.818201,20.324738],[-100.818626,20.329585],[-100.829554,20.330521],[-100.827758,20.333274],[-100.823878,20.336709],[-100.819743,20.343281],[-100.819075,20.34533],[-100.82815,20.34619],[-100.827297,20.354986],[-100.823634,20.37506],[-100.801533,20.362897],[-100.796606,20.358926],[-100.794924,20.361822],[-100.784848,20.356051],[-100.783175,20.369625],[-100.781795,20.374979],[-100.744851,20.373276],[-100.737703,20.37384],[-100.737552,20.374716],[-100.738033,20.374812],[-100.739927,20.379475],[-100.734699,20.382255],[-100.734386,20.38202],[-100.732678,20.38377],[-100.732211,20.383573],[-100.732254,20.384316],[-100.731085,20.384968],[-100.730725,20.386281],[-100.728445,20.388],[-100.728204,20.389387],[-100.727495,20.390185],[-100.726108,20.39031],[-100.725954,20.391526],[-100.724979,20.391644],[-100.725955,20.393454],[-100.725869,20.396797],[-100.72788,20.398216],[-100.730027,20.398382],[-100.730337,20.399388],[-100.730155,20.399992],[-100.729287,20.399734],[-100.726667,20.401447],[-100.727797,20.405228],[-100.719878,20.405701],[-100.719657,20.407242],[-100.718314,20.408755],[-100.717617,20.410457],[-100.716535,20.411385],[-100.71476,20.41165],[-100.712311,20.410823],[-100.710274,20.409154],[-100.710501,20.408164],[-100.709346,20.406363],[-100.708669,20.403587],[-100.708885,20.402638],[-100.699959,20.40126],[-100.701119,20.40653],[-100.69697,20.407819],[-100.697589,20.408125],[-100.698343,20.410623],[-100.69811,20.415007],[-100.698541,20.41578],[-100.694137,20.420701],[-100.692942,20.420872],[-100.690696,20.424026],[-100.690039,20.423817]]]]}},{"type":"Feature","properties":{"cvegeo":"11009","cve_ent":"11","cve_mun":"009","nombre":"Comonfort"},"geometry":{"type":"MultiPolygon","crs":{"type":"name","properties":{"name":"EPSG:6365"}},"coordinates":[[[[-100.717675,20.831083],[-100.713718,20.829768],[-100.712051,20.829913],[-100.710759,20.829413],[-100.710172,20.828209],[-100.70871,20.827196],[-100.707705,20.827847],[-100.705075,20.827438],[-100.695634,20.819504],[-100.69488,20.816632],[-100.687943,20.810695],[-100.68688,20.808319],[-100.684364,20.806741],[-100.682624,20.804339],[-100.680804,20.803547],[-100.680036,20.802203],[-100.679568,20.802791],[-100.678849,20.802715],[-100.678925,20.801788],[-100.67766,20.800385],[-100.674493,20.793967],[-100.66646,20.795233],[-100.660988,20.79668],[-100.660318,20.795742],[-100.657043,20.796264],[-100.652463,20.793961],[-100.651999,20.792946],[-100.647868,20.794958],[-100.645602,20.794389],[-100.644814,20.793659],[-100.643257,20.794584],[-100.640936,20.793642],[-100.631829,20.792302],[-100.633555,20.769877],[-100.61834,20.763744],[-100.617067,20.764155],[-100.615514,20.762995],[-100.617391,20.760581],[-100.620342,20.758593],[-100.619312,20.756189],[-100.621444,20.753823],[-100.621256,20.752126],[-100.621705,20.751358],[-100.62376,20.750098],[-100.625313,20.749884],[-100.625309,20.747515],[-100.625748,20.747091],[-100.627349,20.746859],[-100.628993,20.748478],[-100.631589,20.749625],[-100.632472,20.749613],[-100.634059,20.747884],[-100.635257,20.747672],[-100.632729,20.744998],[-100.628302,20.742927],[-100.621945,20.743828],[-100.618117,20.732403],[-100.618966,20.729388],[-100.61898,20.728686],[-100.618221,20.728621],[-100.618296,20.726069],[-100.622745,20.721982],[-100.61856,20.716088],[-100.617144,20.702633],[-100.616184,20.699705],[-100.616284,20.699233],[-100.617695,20.698637],[-100.617805,20.697569],[-100.618786,20.696925],[-100.619114,20.695666],[-100.620763,20.69362],[-100.624759,20.695159],[-100.626286,20.695007],[-100.627667,20.692084],[-100.630073,20.690765],[-100.631492,20.689151],[-100.631368,20.687106],[-100.632112,20.686835],[-100.626591,20.679375],[-100.633023,20.679866],[-100.634426,20.678861],[-100.634724,20.67549],[-100.633644,20.673058],[-100.634883,20.666767],[-100.646035,20.667035],[-100.652522,20.671183],[-100.666847,20.688636],[-100.675775,20.683743],[-100.676934,20.683678],[-100.678166,20.684149],[-100.680785,20.688059],[-100.695084,20.682528],[-100.722346,20.679782],[-100.738311,20.663915],[-100.741134,20.662178],[-100.739598,20.661123],[-100.738108,20.65786],[-100.739623,20.658013],[-100.741417,20.65595],[-100.741363,20.655058],[-100.742284,20.654053],[-100.743448,20.655294],[-100.749617,20.652569],[-100.755422,20.65146],[-100.757747,20.64959],[-100.758224,20.648345],[-100.758885,20.649306],[-100.762138,20.649775],[-100.763438,20.648115],[-100.763999,20.646075],[-100.766661,20.643019],[-100.767147,20.645349],[-100.76694,20.649909],[-100.768573,20.650954],[-100.771047,20.656487],[-100.774526,20.660566],[-100.774813,20.661999],[-100.771365,20.66795],[-100.768902,20.670897],[-100.777983,20.671274],[-100.776804,20.672799],[-100.77879,20.676865],[-100.782561,20.676349],[-100.790237,20.676851],[-100.790983,20.679977],[-100.793404,20.681497],[-100.799922,20.684722],[-100.809329,20.688253],[-100.809901,20.685323],[-100.812489,20.686427],[-100.812946,20.684023],[-100.81063,20.681595],[-100.812868,20.673391],[-100.820028,20.667877],[-100.821785,20.665508],[-100.823371,20.664371],[-100.824558,20.665177],[-100.848313,20.66524],[-100.851395,20.666689],[-100.853192,20.664022],[-100.855768,20.664321],[-100.857331,20.663956],[-100.858423,20.663271],[-100.859202,20.661844],[-100.860583,20.661152],[-100.859539,20.668021],[-100.855009,20.673891],[-100.851797,20.68163],[-100.854182,20.683443],[-100.884419,20.698202],[-100.909268,20.691549],[-100.909095,20.691063],[-100.911439,20.691424],[-100.912133,20.69069],[-100.914598,20.691627],[-100.915916,20.693172],[-100.916315,20.692903],[-100.91846,20.696776],[-100.91961,20.696988],[-100.921502,20.69629],[-100.923712,20.69736],[-100.926888,20.695563],[-100.927627,20.695599],[-100.927782,20.696423],[-100.926265,20.701039],[-100.926688,20.702092],[-100.928641,20.702655],[-100.929125,20.702236],[-100.930299,20.70238],[-100.932962,20.701016],[-100.933526,20.69889],[-100.931937,20.698257],[-100.933953,20.697963],[-100.932938,20.702034],[-100.940939,20.700515],[-100.940185,20.699115],[-100.941714,20.696909],[-100.941182,20.698931],[-100.942474,20.698614],[-100.942208,20.697036],[-100.944321,20.696583],[-100.945538,20.698792],[-100.943867,20.697324],[-100.943169,20.697266],[-100.943488,20.699374],[-100.944044,20.699508],[-100.944379,20.700522],[-100.946163,20.70083],[-100.946115,20.700445],[-100.949155,20.699495],[-100.95678,20.69755],[-100.95923,20.708071],[-100.959281,20.716359],[-100.961159,20.7164],[-100.961234,20.721539],[-100.965091,20.734731],[-100.965613,20.735147],[-100.966729,20.732263],[-100.97187,20.733621],[-100.9735,20.732569],[-100.973698,20.734413],[-100.975089,20.737205],[-100.974368,20.739939],[-100.976202,20.739097],[-100.977224,20.731946],[-100.98001,20.730679],[-100.979389,20.740386],[-100.982,20.74868],[-100.980348,20.749777],[-100.976848,20.750776],[-100.975022,20.747247],[-100.973808,20.746601],[-100.972404,20.746867],[-100.971878,20.747864],[-100.972246,20.748702],[-100.972095,20.754342],[-100.973404,20.758151],[-100.970606,20.762951],[-100.969565,20.767799],[-100.97138,20.774327],[-100.971585,20.777222],[-100.967142,20.779984],[-100.97384,20.793838],[-100.977617,20.793819],[-100.988946,20.78871],[-100.992847,20.799502],[-100.990202,20.797865],[-100.990259,20.803947],[-100.989177,20.803731],[-100.990537,20.80599],[-100.988006,20.806946],[-100.988743,20.807671],[-100.990718,20.806915],[-100.991125,20.807979],[-100.989775,20.808711],[-100.987781,20.807318],[-100.986181,20.807709],[-100.986491,20.808719],[-100.987591,20.809161],[-100.988609,20.811415],[-100.986694,20.81125],[-100.986514,20.811816],[-100.984926,20.812124],[-100.981437,20.812272],[-100.980279,20.811656],[-100.979966,20.812301],[-100.979129,20.811669],[-100.978602,20.812267],[-100.977754,20.811911],[-100.977839,20.812237],[-100.977101,20.81207],[-100.97588,20.813806],[-100.974713,20.814256],[-100.972285,20.810298],[-100.959093,20.801109],[-100.957525,20.801094],[-100.954082,20.799314],[-100.952335,20.799923],[-100.952336,20.799252],[-100.951244,20.798959],[-100.941728,20.799034],[-100.939533,20.800041],[-100.937976,20.799337],[-100.932533,20.799635],[-100.926242,20.803492],[-100.924855,20.803509],[-100.923714,20.804852],[-100.92116,20.804562],[-100.9199,20.806045],[-100.914479,20.807434],[-100.913779,20.808066],[-100.91106,20.805408],[-100.911022,20.800693],[-100.910674,20.80042],[-100.908385,20.8029],[-100.906928,20.803587],[-100.900211,20.804006],[-100.90029,20.803247],[-100.899245,20.802414],[-100.89765,20.802403],[-100.897547,20.801455],[-100.896499,20.800709],[-100.892994,20.798363],[-100.892699,20.798693],[-100.89183,20.798304],[-100.889676,20.79347],[-100.87804,20.79556],[-100.873103,20.796917],[-100.869527,20.799332],[-100.860843,20.796422],[-100.850087,20.797214],[-100.847903,20.79696],[-100.832797,20.801645],[-100.824124,20.805906],[-100.815574,20.803263],[-100.814478,20.800463],[-100.815281,20.798491],[-100.812665,20.796699],[-100.811358,20.797484],[-100.811618,20.797849],[-100.809646,20.798151],[-100.810723,20.80307],[-100.811793,20.804673],[-100.811968,20.804345],[-100.813158,20.805373],[-100.807206,20.808696],[-100.803843,20.808128],[-100.803255,20.807526],[-100.804092,20.799442],[-100.80095,20.792721],[-100.800341,20.794634],[-100.798246,20.792789],[-100.794051,20.785484],[-100.789737,20.782692],[-100.788921,20.782955],[-100.787125,20.782127],[-100.786157,20.782226],[-100.7851,20.78308],[-100.783506,20.783214],[-100.779583,20.786225],[-100.776654,20.787565],[-100.77614,20.791633],[-100.772686,20.794467],[-100.771241,20.793656],[-100.741363,20.807894],[-100.732381,20.816127],[-100.733056,20.816441],[-100.732648,20.817262],[-100.729775,20.819382],[-100.728508,20.819608],[-100.726981,20.826288],[-100.725062,20.827319],[-100.724091,20.828546],[-100.72181,20.828941],[-100.719573,20.83115],[-100.718248,20.831267],[-100.717675,20.831083]]]]}},{"type":"Feature","properties":{"cvegeo":"11035","cve_ent":"11","cve_mun":"035","nombre":"Santa Cruz de Juventino Rosas"},"geometry":{"type":"MultiPolygon","crs":{"type":"name","properties":{"name":"EPSG:6365"}},"coordinates":[[[[-101.065147,20.813143],[-101.040398,20.803212],[-101.034273,20.800246],[-101.033175,20.7904],[-101.033099,20.784783],[-101.01345,20.784978],[-101.002298,20.782336],[-100.993987,20.787237],[-100.988946,20.78871],[-100.977617,20.793819],[-100.973842,20.793865],[-100.967142,20.779984],[-100.971585,20.777222],[-100.97138,20.774327],[-100.969565,20.767799],[-100.970363,20.763158],[-100.971441,20.760619],[-100.973404,20.758151],[-100.972095,20.754342],[-100.972246,20.748702],[-100.971856,20.747898],[-100.972404,20.746867],[-100.973808,20.746601],[-100.975022,20.747247],[-100.976848,20.750776],[-100.980348,20.749777],[-100.982,20.74868],[-100.979376,20.740683],[-100.98001,20.730679],[-100.977224,20.731946],[-100.976202,20.739097],[-100.974368,20.739939],[-100.975089,20.737205],[-100.973686,20.734731],[-100.9735,20.732569],[-100.97187,20.733621],[-100.966779,20.732072],[-100.965613,20.735147],[-100.965326,20.734919],[-100.961234,20.721539],[-100.961159,20.7164],[-100.959281,20.716359],[-100.95923,20.708071],[-100.95678,20.69755],[-100.949155,20.699495],[-100.946258,20.700411],[-100.946226,20.700791],[-100.945101,20.700341],[-100.944391,20.700594],[-100.944226,20.69966],[-100.943535,20.699552],[-100.943169,20.697266],[-100.943867,20.697324],[-100.945538,20.698792],[-100.944321,20.696583],[-100.942155,20.696828],[-100.942213,20.698832],[-100.941182,20.698931],[-100.941714,20.696909],[-100.941243,20.696978],[-100.94118,20.697944],[-100.940175,20.699047],[-100.940942,20.700439],[-100.932938,20.702034],[-100.933953,20.697963],[-100.931937,20.698257],[-100.933526,20.69889],[-100.933111,20.700915],[-100.931069,20.702001],[-100.929125,20.702236],[-100.928889,20.702796],[-100.927892,20.702232],[-100.926652,20.702374],[-100.926311,20.701247],[-100.927782,20.696423],[-100.927627,20.695599],[-100.926888,20.695563],[-100.923712,20.69736],[-100.921502,20.69629],[-100.91961,20.696988],[-100.918525,20.696829],[-100.916315,20.692903],[-100.915916,20.693172],[-100.914598,20.691627],[-100.912133,20.69069],[-100.911439,20.691424],[-100.909067,20.690981],[-100.909268,20.691549],[-100.884638,20.69815],[-100.863073,20.687575],[-100.860314,20.686642],[-100.854182,20.683443],[-100.851797,20.68163],[-100.854907,20.674096],[-100.859732,20.66802],[-100.860583,20.661152],[-100.863991,20.661639],[-100.865435,20.659638],[-100.864644,20.659491],[-100.862748,20.657519],[-100.862167,20.65602],[-100.865262,20.652302],[-100.866089,20.652257],[-100.868572,20.649938],[-100.86882,20.647362],[-100.867534,20.642433],[-100.868521,20.641341],[-100.866821,20.63679],[-100.868001,20.636068],[-100.869725,20.636125],[-100.870643,20.628763],[-100.884875,20.628924],[-100.874059,20.585059],[-100.888018,20.586589],[-100.889213,20.575264],[-100.902679,20.576434],[-100.903392,20.57001],[-100.908894,20.57155],[-100.91152,20.571235],[-100.910776,20.569584],[-100.912305,20.570142],[-100.91263,20.571203],[-100.914042,20.571929],[-100.915303,20.572012],[-100.915964,20.570775],[-100.918891,20.571715],[-100.918982,20.571313],[-100.922197,20.571292],[-100.925888,20.573069],[-100.926318,20.572086],[-100.927072,20.572367],[-100.926956,20.577866],[-100.948233,20.578392],[-100.948083,20.580148],[-100.95095,20.582344],[-100.955896,20.579226],[-100.965356,20.579001],[-100.967131,20.575195],[-100.97006,20.577654],[-100.972055,20.577674],[-100.97499,20.576616],[-100.978838,20.58565],[-100.979624,20.591655],[-100.983853,20.590371],[-100.990934,20.586951],[-100.990145,20.578367],[-101.001547,20.581216],[-101.002764,20.574374],[-100.996657,20.573762],[-100.996679,20.56994],[-101.000287,20.568191],[-101.006205,20.567713],[-101.009515,20.566804],[-101.01236,20.563701],[-101.014509,20.563672],[-101.016674,20.562567],[-101.0189,20.563172],[-101.020545,20.562047],[-101.022273,20.562549],[-101.022902,20.561016],[-101.024948,20.561416],[-101.025372,20.563061],[-101.026598,20.563179],[-101.027913,20.565667],[-101.029394,20.565985],[-101.03447,20.566203],[-101.035588,20.563695],[-101.03611,20.563472],[-101.037308,20.566249],[-101.042438,20.56748],[-101.042223,20.569846],[-101.044196,20.570783],[-101.051532,20.576422],[-101.057431,20.579021],[-101.05124,20.553067],[-101.053391,20.55343],[-101.053287,20.552767],[-101.055016,20.552631],[-101.056215,20.557336],[-101.059486,20.557014],[-101.059997,20.55907],[-101.061691,20.558571],[-101.066746,20.580389],[-101.066512,20.581123],[-101.066971,20.58153],[-101.067861,20.588596],[-101.070266,20.588667],[-101.070481,20.590523],[-101.068327,20.590925],[-101.06757,20.591642],[-101.068452,20.592527],[-101.069195,20.598135],[-101.071075,20.598275],[-101.070854,20.598742],[-101.066531,20.599444],[-101.07048,20.619633],[-101.083328,20.620958],[-101.085869,20.632838],[-101.080165,20.634144],[-101.08001,20.635624],[-101.080762,20.639155],[-101.064697,20.640386],[-101.070003,20.654537],[-101.052525,20.659724],[-101.052553,20.660077],[-101.053943,20.663466],[-101.075053,20.66143],[-101.079295,20.671473],[-101.03307,20.667924],[-101.038104,20.674933],[-101.064254,20.676064],[-101.064484,20.688875],[-101.074143,20.70144],[-101.077705,20.70305],[-101.078201,20.701313],[-101.083712,20.701541],[-101.084351,20.700999],[-101.085105,20.701415],[-101.085758,20.700799],[-101.090168,20.699632],[-101.090344,20.700255],[-101.091936,20.700764],[-101.092494,20.703191],[-101.091841,20.703694],[-101.091364,20.70527],[-101.091943,20.706616],[-101.090847,20.707285],[-101.090064,20.708963],[-101.094093,20.709986],[-101.095119,20.708929],[-101.101949,20.709135],[-101.102875,20.707735],[-101.104004,20.708251],[-101.10468,20.709421],[-101.10647,20.71075],[-101.108803,20.709193],[-101.112213,20.710205],[-101.112711,20.711721],[-101.110363,20.715218],[-101.107606,20.715582],[-101.106349,20.717676],[-101.105357,20.718097],[-101.102527,20.721572],[-101.100574,20.722057],[-101.099929,20.729796],[-101.103696,20.729816],[-101.105649,20.731759],[-101.100299,20.734843],[-101.101268,20.735733],[-101.102749,20.742622],[-101.111341,20.742152],[-101.111409,20.743777],[-101.112454,20.744384],[-101.112812,20.745255],[-101.114467,20.745686],[-101.11504,20.74672],[-101.115924,20.746537],[-101.11818,20.748306],[-101.120111,20.751513],[-101.120097,20.75631],[-101.120502,20.757097],[-101.120045,20.75802],[-101.11865,20.757171],[-101.117414,20.757623],[-101.116596,20.756539],[-101.11329,20.757354],[-101.110697,20.755768],[-101.11027,20.754984],[-101.108953,20.755135],[-101.107766,20.756103],[-101.109386,20.758046],[-101.108003,20.759326],[-101.109153,20.761319],[-101.108672,20.762803],[-101.10499,20.762079],[-101.10529,20.760579],[-101.102401,20.760998],[-101.10172,20.762335],[-101.100441,20.762288],[-101.099122,20.762907],[-101.098193,20.76181],[-101.09693,20.761659],[-101.096948,20.763628],[-101.096104,20.764935],[-101.097977,20.771545],[-101.093683,20.776424],[-101.088001,20.784266],[-101.086634,20.787625],[-101.09376,20.786394],[-101.09324,20.787608],[-101.091997,20.789623],[-101.087549,20.793725],[-101.086693,20.795687],[-101.085327,20.796877],[-101.081847,20.795295],[-101.080835,20.796351],[-101.080521,20.797176],[-101.081406,20.799091],[-101.080555,20.801635],[-101.07708,20.801454],[-101.074369,20.80209],[-101.072627,20.800986],[-101.070191,20.802461],[-101.06997,20.803705],[-101.068372,20.804234],[-101.068008,20.805649],[-101.069044,20.806793],[-101.069573,20.809264],[-101.067223,20.812769],[-101.067075,20.813922],[-101.065147,20.813143]]]]}},{"type":"Feature","properties":{"cvegeo":"11004","cve_ent":"11","cve_mun":"004","nombre":"Apaseo el Alto"},"geometry":{"type":"MultiPolygon","crs":{"type":"name","properties":{"name":"EPSG:6365"}},"coordinates":[[[[-100.504765,20.555033],[-100.507078,20.531025],[-100.508505,20.526244],[-100.507749,20.518524],[-100.50316,20.519665],[-100.50268,20.517127],[-100.501699,20.51715],[-100.50112,20.512718],[-100.50646,20.509516],[-100.509756,20.506527],[-100.497357,20.50483],[-100.499901,20.501494],[-100.500312,20.50022],[-100.498382,20.496209],[-100.497664,20.491373],[-100.492382,20.490416],[-100.492503,20.481411],[-100.490878,20.475447],[-100.488384,20.473313],[-100.489637,20.46498],[-100.489874,20.461546],[-100.489185,20.457106],[-100.4899,20.453214],[-100.489497,20.431587],[-100.488477,20.425833],[-100.480615,20.419109],[-100.47827,20.416286],[-100.475932,20.403314],[-100.475585,20.392078],[-100.476181,20.389611],[-100.469715,20.387006],[-100.468785,20.384],[-100.469764,20.382596],[-100.472551,20.380839],[-100.475977,20.377438],[-100.477886,20.373918],[-100.47863,20.370855],[-100.478081,20.367921],[-100.478351,20.365921],[-100.477645,20.363867],[-100.479106,20.362748],[-100.47815,20.361993],[-100.480661,20.354839],[-100.491514,20.34613],[-100.502138,20.336723],[-100.508588,20.332385],[-100.5418,20.334634],[-100.546505,20.332583],[-100.545749,20.331173],[-100.547602,20.330004],[-100.547674,20.328804],[-100.54849,20.328235],[-100.55438,20.325919],[-100.585885,20.310603],[-100.593098,20.32572],[-100.643077,20.348139],[-100.653045,20.347978],[-100.655886,20.349989],[-100.656836,20.352987],[-100.658995,20.377036],[-100.660692,20.385306],[-100.656842,20.385152],[-100.656885,20.384223],[-100.654374,20.384406],[-100.655163,20.40159],[-100.656275,20.401689],[-100.655411,20.402936],[-100.657403,20.403604],[-100.655968,20.406782],[-100.660445,20.412552],[-100.663014,20.410416],[-100.670291,20.423191],[-100.673213,20.422809],[-100.688414,20.416957],[-100.689102,20.423578],[-100.694001,20.424881],[-100.693926,20.427058],[-100.695857,20.438903],[-100.695688,20.440573],[-100.691774,20.440783],[-100.6936,20.447032],[-100.693424,20.461312],[-100.692715,20.468471],[-100.691362,20.468498],[-100.691534,20.473691],[-100.689103,20.474299],[-100.689132,20.475696],[-100.682052,20.475779],[-100.676482,20.476743],[-100.675564,20.478558],[-100.676943,20.478068],[-100.679864,20.480774],[-100.675288,20.480793],[-100.675054,20.480279],[-100.668224,20.479977],[-100.668442,20.476716],[-100.666198,20.477018],[-100.666344,20.465141],[-100.669155,20.465083],[-100.668692,20.464463],[-100.663283,20.465011],[-100.660336,20.468211],[-100.66189,20.475899],[-100.658679,20.476919],[-100.658678,20.477346],[-100.656305,20.476231],[-100.651461,20.475643],[-100.649999,20.477463],[-100.646719,20.476711],[-100.645931,20.476984],[-100.645216,20.476246],[-100.646412,20.476172],[-100.646734,20.474449],[-100.636668,20.47455],[-100.641442,20.481462],[-100.647359,20.488348],[-100.647752,20.489033],[-100.647773,20.495657],[-100.653026,20.500181],[-100.652762,20.501904],[-100.645818,20.500725],[-100.639711,20.494854],[-100.624607,20.488805],[-100.623793,20.485753],[-100.62167,20.489152],[-100.615758,20.490655],[-100.612153,20.492139],[-100.612237,20.490836],[-100.598284,20.493216],[-100.601045,20.49803],[-100.601658,20.502519],[-100.603404,20.506583],[-100.580046,20.50487],[-100.579949,20.508197],[-100.577708,20.508226],[-100.575763,20.512715],[-100.562483,20.513023],[-100.56228,20.513905],[-100.563018,20.51412],[-100.56388,20.516902],[-100.562904,20.520622],[-100.558696,20.519103],[-100.558568,20.524154],[-100.55741,20.531032],[-100.550468,20.532738],[-100.547825,20.534099],[-100.536833,20.525052],[-100.51904,20.527019],[-100.504765,20.555033],[-100.504765,20.555033]]]]}},{"type":"Feature","properties":{"cvegeo":"11024","cve_ent":"11","cve_mun":"024","nombre":"Pueblo Nuevo"},"geometry":{"type":"MultiPolygon","crs":{"type":"name","properties":{"name":"EPSG:6365"}},"coordinates":[[[[-101.354332,20.594203],[-101.346435,20.59259],[-101.347477,20.590533],[-101.346221,20.589009],[-101.346424,20.588556],[-101.347415,20.588624],[-101.347287,20.586789],[-101.348184,20.584024],[-101.347717,20.582698],[-101.348859,20.581738],[-101.347924,20.580436],[-101.345435,20.580675],[-101.346161,20.578597],[-101.345765,20.577153],[-101.344989,20.575052],[-101.342911,20.572645],[-101.33795,20.573363],[-101.329712,20.575839],[-101.325884,20.579142],[-101.322787,20.580449],[-101.318214,20.580566],[-101.306405,20.579716],[-101.302896,20.580008],[-101.3027,20.575466],[-101.300493,20.565898],[-101.30013,20.561347],[-101.304852,20.561563],[-101.306243,20.558741],[-101.306148,20.551275],[-101.313057,20.548561],[-101.313704,20.536515],[-101.317765,20.536571],[-101.319741,20.535313],[-101.321627,20.535138],[-101.323483,20.538732],[-101.324973,20.539275],[-101.327797,20.538956],[-101.329421,20.540212],[-101.332021,20.541273],[-101.333907,20.54371],[-101.337723,20.546357],[-101.340142,20.547151],[-101.34152,20.545983],[-101.342393,20.542291],[-101.342303,20.54044],[-101.340614,20.53746],[-101.340859,20.536351],[-101.341741,20.535972],[-101.345409,20.536912],[-101.348017,20.536695],[-101.350063,20.537111],[-101.351416,20.536683],[-101.356851,20.532693],[-101.359663,20.531965],[-101.363514,20.528169],[-101.366352,20.526949],[-101.367919,20.525247],[-101.368394,20.523912],[-101.36706,20.519893],[-101.369822,20.514019],[-101.370082,20.51173],[-101.369921,20.510892],[-101.36826,20.508933],[-101.368194,20.507025],[-101.367035,20.504241],[-101.391235,20.501719],[-101.397934,20.503445],[-101.400516,20.515647],[-101.401824,20.53109],[-101.402516,20.531453],[-101.402874,20.532724],[-101.402887,20.536352],[-101.402126,20.537434],[-101.402217,20.540864],[-101.401565,20.543765],[-101.411385,20.543527],[-101.415043,20.545206],[-101.417232,20.545323],[-101.418652,20.549311],[-101.416511,20.549958],[-101.416276,20.55257],[-101.407595,20.558579],[-101.406663,20.560723],[-101.401193,20.561019],[-101.39839,20.562293],[-101.397497,20.564595],[-101.395415,20.566272],[-101.383796,20.571196],[-101.376333,20.569949],[-101.376055,20.572729],[-101.373442,20.582211],[-101.36441,20.583078],[-101.359863,20.582372],[-101.358066,20.588137],[-101.356235,20.587946],[-101.35539,20.594404],[-101.354332,20.594203]]]]}},{"type":"Feature","properties":{"cvegeo":"11040","cve_ent":"11","cve_mun":"040","nombre":"Tierra Blanca"},"geometry":{"type":"MultiPolygon","crs":{"type":"name","properties":{"name":"EPSG:6365"}},"coordinates":[[[[-100.152125,21.155109],[-100.147865,21.152522],[-100.14775,21.151037],[-100.148941,21.147551],[-100.147542,21.144178],[-100.142394,21.142778],[-100.142806,21.14214],[-100.14253,21.14141],[-100.14033,21.140964],[-100.136511,21.142639],[-100.130709,21.14411],[-100.129324,21.135115],[-100.128728,21.133219],[-100.128058,21.132872],[-100.126874,21.130682],[-100.123853,21.129336],[-100.120018,21.128796],[-100.118504,21.127737],[-100.114343,21.127113],[-100.11192,21.126149],[-100.107958,21.126512],[-100.108638,21.121814],[-100.108055,21.11264],[-100.107013,21.112784],[-100.104929,21.114766],[-100.104332,21.1135],[-100.105981,21.112385],[-100.106142,21.111743],[-100.111767,21.109326],[-100.111633,21.108619],[-100.110439,21.108761],[-100.110243,21.107009],[-100.089797,21.09712],[-100.086658,21.097306],[-100.081497,21.095922],[-100.080867,21.094205],[-100.079286,21.093443],[-100.077243,21.09421],[-100.076795,21.093479],[-100.07297,21.0926],[-100.071123,21.091045],[-100.071361,21.086081],[-100.067933,21.080177],[-100.069454,21.079624],[-100.069967,21.076579],[-100.076575,21.077289],[-100.076738,21.072628],[-100.079509,21.071035],[-100.080082,21.070044],[-100.079723,21.067564],[-100.078714,21.066606],[-100.078953,21.065908],[-100.078043,21.065659],[-100.076757,21.063087],[-100.075673,21.06263],[-100.074527,21.058717],[-100.073408,21.058879],[-100.069232,21.061419],[-100.065117,21.06025],[-100.06446,21.060606],[-100.062485,21.059749],[-100.063034,21.054741],[-100.058751,21.054214],[-100.055516,21.051678],[-100.054646,21.050209],[-100.053431,21.053407],[-100.051848,21.053673],[-100.048319,21.049073],[-100.045465,21.049332],[-100.043378,21.04672],[-100.043148,21.047458],[-100.041326,21.049],[-100.040144,21.048757],[-100.038853,21.049531],[-100.036249,21.048979],[-100.03456,21.052107],[-100.028004,21.050753],[-100.024763,21.049214],[-100.023959,21.048123],[-100.022272,21.047906],[-100.021382,21.046958],[-100.017657,21.047637],[-100.015883,21.048985],[-100.015951,21.050579],[-100.014702,21.050971],[-100.006798,21.046505],[-100.008212,21.045766],[-100.008811,21.043712],[-100.01087,21.043051],[-100.011395,21.039254],[-100.011115,21.036842],[-100.0122,21.03596],[-100.012106,21.033043],[-100.011028,21.029907],[-100.01107,21.028505],[-100.016563,21.023463],[-100.017627,21.021797],[-100.018625,21.017583],[-100.022538,21.01464],[-100.029062,21.015064],[-100.040633,21.022212],[-100.048429,21.024961],[-100.04849,21.023193],[-100.054023,21.026443],[-100.05448,21.027785],[-100.061228,21.028521],[-100.064256,21.027149],[-100.06895,21.022813],[-100.069238,21.021184],[-100.06865,21.020177],[-100.065636,21.018381],[-100.0648,21.017199],[-100.064287,21.015619],[-100.064723,21.015158],[-100.064541,21.013556],[-100.062614,21.011216],[-100.062422,21.007881],[-100.06085,21.005943],[-100.064256,21.000444],[-100.071422,20.99233],[-100.072811,20.993201],[-100.07376,20.991758],[-100.073933,20.989739],[-100.073181,20.987678],[-100.069844,20.983802],[-100.07643,20.978063],[-100.078043,20.972657],[-100.076231,20.971407],[-100.069814,20.964786],[-100.069041,20.962906],[-100.068803,20.957912],[-100.080738,20.949858],[-100.079127,20.949614],[-100.077929,20.948034],[-100.075833,20.94822],[-100.073717,20.947716],[-100.072061,20.944779],[-100.0669,20.942201],[-100.064172,20.936289],[-100.092738,20.931681],[-100.117828,20.922155],[-100.121673,20.924918],[-100.122823,20.925234],[-100.122319,20.925862],[-100.124326,20.927473],[-100.12696,20.928068],[-100.128795,20.934416],[-100.134422,20.934814],[-100.135312,20.937264],[-100.17837,20.938665],[-100.181257,20.933406],[-100.181528,20.930402],[-100.184484,20.931411],[-100.184204,20.933177],[-100.187811,20.932548],[-100.200888,20.937012],[-100.213592,20.944074],[-100.239326,20.960798],[-100.245544,20.963329],[-100.231912,20.976123],[-100.229132,20.97974],[-100.230557,20.980122],[-100.231995,20.979219],[-100.236873,20.979459],[-100.238486,20.978771],[-100.249265,20.983184],[-100.247221,20.997249],[-100.251468,21.000485],[-100.253144,21.004491],[-100.247433,21.006179],[-100.246909,21.008819],[-100.247381,21.009963],[-100.248261,21.010118],[-100.249433,21.011841],[-100.256488,21.010409],[-100.257269,21.010886],[-100.2581,21.022116],[-100.260937,21.023436],[-100.258323,21.023827],[-100.256909,21.024899],[-100.256678,21.025783],[-100.25724,21.027392],[-100.254303,21.033577],[-100.25951,21.037961],[-100.254165,21.044329],[-100.255256,21.04585],[-100.254896,21.046335],[-100.259692,21.052789],[-100.260178,21.052682],[-100.261643,21.055793],[-100.264462,21.056527],[-100.266875,21.056302],[-100.26726,21.057047],[-100.266275,21.057105],[-100.266527,21.057914],[-100.265988,21.058847],[-100.267402,21.060215],[-100.269304,21.060723],[-100.269448,21.062104],[-100.267379,21.061891],[-100.266155,21.061154],[-100.266241,21.063158],[-100.264661,21.064046],[-100.264639,21.064619],[-100.264872,21.066198],[-100.267258,21.067842],[-100.267619,21.068984],[-100.269908,21.068897],[-100.269892,21.069585],[-100.272067,21.06908],[-100.272923,21.071949],[-100.280997,21.072114],[-100.280061,21.088689],[-100.281058,21.089514],[-100.286438,21.09064],[-100.288005,21.091677],[-100.290189,21.091223],[-100.29183,21.092555],[-100.29309,21.092434],[-100.293491,21.093399],[-100.292073,21.093439],[-100.292143,21.097742],[-100.265304,21.089845],[-100.25374,21.087349],[-100.250567,21.094228],[-100.249901,21.094094],[-100.249395,21.096403],[-100.248765,21.096464],[-100.245667,21.102121],[-100.245635,21.104859],[-100.240919,21.112131],[-100.243747,21.113833],[-100.240088,21.120495],[-100.234906,21.117207],[-100.20691,21.107405],[-100.204849,21.122147],[-100.197046,21.12626],[-100.196059,21.125619],[-100.194115,21.126464],[-100.188323,21.131204],[-100.1741,21.131686],[-100.163451,21.136505],[-100.163028,21.141132],[-100.161948,21.145301],[-100.155548,21.149443],[-100.152474,21.156117],[-100.152125,21.155109]]]]}},{"type":"Feature","properties":{"cvegeo":"11041","cve_ent":"11","cve_mun":"041","nombre":"Uriangato"},"geometry":{"type":"MultiPolygon","crs":{"type":"name","properties":{"name":"EPSG:6365"}},"coordinates":[[[[-101.202685,20.200145],[-101.198005,20.197364],[-101.198857,20.189448],[-101.196455,20.189458],[-101.196976,20.182343],[-101.178363,20.181371],[-101.177215,20.182834],[-101.177305,20.187215],[-101.176848,20.188394],[-101.176284,20.188482],[-101.176411,20.18975],[-101.179942,20.189681],[-101.180027,20.192058],[-101.174183,20.191822],[-101.174102,20.18997],[-101.174964,20.189788],[-101.17484,20.189356],[-101.170312,20.179341],[-101.165049,20.180069],[-101.165979,20.183135],[-101.16538,20.183267],[-101.16505,20.185504],[-101.16259,20.185725],[-101.162012,20.185146],[-101.161702,20.182931],[-101.160857,20.182138],[-101.159897,20.183156],[-101.160234,20.184971],[-101.15927,20.185522],[-101.155588,20.185079],[-101.155435,20.187542],[-101.152422,20.186521],[-101.151311,20.186817],[-101.150715,20.188684],[-101.150226,20.188631],[-101.148476,20.190631],[-101.145473,20.189792],[-101.147006,20.18546],[-101.153291,20.180441],[-101.155571,20.177221],[-101.156895,20.17136],[-101.15781,20.16948],[-101.159313,20.160436],[-101.157501,20.160524],[-101.15537,20.159896],[-101.152461,20.162437],[-101.14818,20.164261],[-101.14646,20.164045],[-101.144924,20.164905],[-101.142683,20.165132],[-101.141798,20.16457],[-101.140971,20.165028],[-101.140936,20.163849],[-101.140274,20.163822],[-101.137332,20.166363],[-101.130833,20.16562],[-101.128749,20.164672],[-101.126033,20.164566],[-101.124129,20.159937],[-101.124726,20.158462],[-101.124265,20.157803],[-101.1242,20.15587],[-101.123652,20.155944],[-101.122974,20.154273],[-101.119298,20.155181],[-101.119066,20.151885],[-101.117284,20.149037],[-101.115384,20.147476],[-101.115437,20.146603],[-101.114839,20.146424],[-101.114625,20.14589],[-101.115641,20.144744],[-101.116919,20.144289],[-101.115829,20.142688],[-101.11584,20.14101],[-101.10959,20.143348],[-101.109984,20.142243],[-101.109416,20.140028],[-101.10727,20.14017],[-101.106848,20.139012],[-101.108109,20.138218],[-101.106996,20.136061],[-101.104947,20.136654],[-101.103416,20.136506],[-101.103105,20.134593],[-101.104315,20.134369],[-101.102075,20.128972],[-101.100012,20.129411],[-101.100297,20.129859],[-101.09979,20.130189],[-101.098675,20.130181],[-101.095845,20.131474],[-101.094652,20.130086],[-101.095933,20.126602],[-101.095666,20.126145],[-101.094226,20.125018],[-101.090223,20.12458],[-101.091821,20.12287],[-101.090356,20.122136],[-101.089771,20.120723],[-101.0928,20.119204],[-101.09176,20.11871],[-101.09339,20.114194],[-101.098118,20.114999],[-101.099492,20.11379],[-101.096614,20.112435],[-101.098397,20.110426],[-101.093483,20.106395],[-101.093164,20.104272],[-101.090538,20.106149],[-101.089136,20.102313],[-101.088192,20.101187],[-101.088161,20.099889],[-101.086568,20.097902],[-101.086975,20.097678],[-101.086128,20.095701],[-101.081881,20.097239],[-101.081322,20.094017],[-101.079928,20.091061],[-101.080398,20.087839],[-101.080242,20.08285],[-101.094277,20.082039],[-101.097903,20.081208],[-101.105745,20.077452],[-101.110544,20.076044],[-101.113102,20.076225],[-101.114087,20.076887],[-101.114966,20.075045],[-101.117575,20.074912],[-101.117521,20.073327],[-101.119689,20.073529],[-101.119749,20.070776],[-101.125961,20.064448],[-101.133147,20.059985],[-101.154313,20.084924],[-101.156525,20.083854],[-101.158549,20.086881],[-101.165191,20.087163],[-101.165037,20.088491],[-101.165487,20.088471],[-101.16635,20.091179],[-101.169019,20.093121],[-101.171117,20.09398],[-101.172316,20.096859],[-101.173556,20.097811],[-101.175237,20.097116],[-101.175633,20.095915],[-101.173701,20.091713],[-101.173108,20.088648],[-101.173362,20.087307],[-101.173162,20.086841],[-101.172145,20.086717],[-101.172634,20.08494],[-101.170515,20.084618],[-101.169748,20.082142],[-101.173628,20.076244],[-101.170886,20.075695],[-101.17162,20.073452],[-101.174014,20.072105],[-101.176683,20.064508],[-101.179085,20.062434],[-101.181574,20.061187],[-101.196318,20.057189],[-101.198158,20.057399],[-101.197537,20.054614],[-101.194264,20.054263],[-101.194909,20.053671],[-101.19569,20.050943],[-101.194564,20.050676],[-101.194949,20.049228],[-101.193465,20.049126],[-101.19217,20.047468],[-101.192546,20.042396],[-101.193264,20.039632],[-101.192899,20.038051],[-101.19324,20.034474],[-101.199588,20.035479],[-101.200093,20.034556],[-101.200885,20.034738],[-101.201521,20.034948],[-101.201381,20.035726],[-101.202246,20.036554],[-101.202618,20.035366],[-101.204708,20.03489],[-101.206793,20.035761],[-101.206716,20.036278],[-101.208087,20.036554],[-101.20801,20.036911],[-101.211843,20.037677],[-101.210194,20.047436],[-101.203242,20.046235],[-101.202078,20.053688],[-101.202152,20.05721],[-101.202644,20.062652],[-101.204988,20.070611],[-101.196227,20.072347],[-101.19579,20.07308],[-101.195914,20.076697],[-101.192555,20.078975],[-101.193873,20.082102],[-101.19281,20.085828],[-101.195588,20.086401],[-101.196281,20.087439],[-101.195358,20.091434],[-101.196165,20.092186],[-101.197527,20.092489],[-101.198681,20.09186],[-101.198684,20.091097],[-101.199745,20.091439],[-101.199204,20.101165],[-101.20068,20.10586],[-101.200087,20.106174],[-101.195868,20.104461],[-101.191988,20.104796],[-101.189665,20.102836],[-101.185251,20.105821],[-101.184802,20.106435],[-101.185137,20.112142],[-101.184093,20.111814],[-101.184361,20.113782],[-101.183305,20.114249],[-101.183865,20.118317],[-101.181806,20.121485],[-101.182149,20.122357],[-101.181181,20.122556],[-101.181645,20.123607],[-101.180503,20.124032],[-101.179943,20.122882],[-101.180465,20.122726],[-101.179448,20.12096],[-101.17802,20.12163],[-101.180554,20.125753],[-101.180219,20.126407],[-101.178885,20.12685],[-101.179022,20.12737],[-101.182052,20.132079],[-101.180868,20.134177],[-101.184112,20.135651],[-101.183267,20.137242],[-101.184351,20.137364],[-101.184664,20.139312],[-101.191538,20.138494],[-101.192241,20.139871],[-101.197077,20.142875],[-101.198035,20.143923],[-101.197741,20.144248],[-101.201936,20.148351],[-101.203188,20.15198],[-101.202767,20.152937],[-101.201085,20.153665],[-101.199307,20.153444],[-101.19873,20.155861],[-101.199081,20.159692],[-101.196177,20.158596],[-101.194995,20.159003],[-101.194254,20.16025],[-101.197986,20.162105],[-101.202371,20.160826],[-101.209421,20.16147],[-101.209088,20.163584],[-101.211257,20.166281],[-101.210847,20.167508],[-101.211297,20.168846],[-101.210596,20.169555],[-101.211506,20.171025],[-101.21127,20.172119],[-101.212359,20.174136],[-101.209079,20.178326],[-101.208111,20.1809],[-101.206815,20.181856],[-101.20591,20.18488],[-101.206552,20.188253],[-101.205801,20.188858],[-101.207478,20.192954],[-101.205472,20.194444],[-101.205727,20.197041],[-101.205254,20.198825],[-101.204685,20.200081],[-101.203576,20.200334],[-101.202685,20.200145]]]]}},{"type":"Feature","properties":{"cvegeo":"11008","cve_ent":"11","cve_mun":"008","nombre":"Manuel Doblado"},"geometry":{"type":"MultiPolygon","crs":{"type":"name","properties":{"name":"EPSG:6365"}},"coordinates":[[[[-101.861095,20.846142],[-101.86189,20.836171],[-101.859861,20.836127],[-101.859294,20.835336],[-101.856431,20.826933],[-101.854153,20.830356],[-101.852485,20.831891],[-101.855102,20.836225],[-101.854968,20.838491],[-101.852723,20.840523],[-101.850699,20.840763],[-101.848121,20.837654],[-101.846906,20.839644],[-101.845731,20.836146],[-101.831665,20.836272],[-101.813109,20.835638],[-101.809008,20.836112],[-101.808271,20.835282],[-101.808063,20.836156],[-101.807187,20.835718],[-101.804527,20.834125],[-101.809826,20.824236],[-101.803351,20.820952],[-101.789806,20.811313],[-101.770751,20.799644],[-101.764361,20.796769],[-101.745311,20.793857],[-101.734845,20.794869],[-101.734914,20.793629],[-101.737778,20.793689],[-101.738109,20.792723],[-101.740574,20.793095],[-101.741244,20.789707],[-101.743423,20.788342],[-101.744231,20.786849],[-101.744804,20.787377],[-101.746154,20.786027],[-101.746675,20.786144],[-101.747959,20.78424],[-101.74745,20.782395],[-101.744219,20.781647],[-101.744408,20.781318],[-101.742853,20.78027],[-101.742541,20.77938],[-101.732596,20.779012],[-101.731166,20.783784],[-101.729257,20.785733],[-101.727376,20.786502],[-101.727233,20.784884],[-101.725597,20.785493],[-101.723786,20.784622],[-101.723048,20.786062],[-101.720654,20.785797],[-101.7206,20.787184],[-101.718662,20.787036],[-101.718673,20.788432],[-101.712,20.788256],[-101.711488,20.78515],[-101.708057,20.78494],[-101.708102,20.78533],[-101.6971,20.784438],[-101.696421,20.784742],[-101.69425,20.784563],[-101.694123,20.784005],[-101.691866,20.784989],[-101.687983,20.789035],[-101.682593,20.789276],[-101.682157,20.781986],[-101.678106,20.770927],[-101.683017,20.770482],[-101.68309,20.769795],[-101.686176,20.769721],[-101.688461,20.76866],[-101.689077,20.759828],[-101.688802,20.752354],[-101.694362,20.749011],[-101.693733,20.747463],[-101.696227,20.745056],[-101.696588,20.742976],[-101.695342,20.740755],[-101.695666,20.739671],[-101.693807,20.7386],[-101.694417,20.738481],[-101.69437,20.737299],[-101.695331,20.737186],[-101.69608,20.736242],[-101.697716,20.736073],[-101.696756,20.732716],[-101.69857,20.732543],[-101.700062,20.730041],[-101.700873,20.729728],[-101.701258,20.729086],[-101.700941,20.728018],[-101.701479,20.72773],[-101.700197,20.727905],[-101.700134,20.725011],[-101.69898,20.724533],[-101.698123,20.723115],[-101.699345,20.721443],[-101.698744,20.720727],[-101.697792,20.720963],[-101.695619,20.718351],[-101.69342,20.717618],[-101.694228,20.715464],[-101.69507,20.714967],[-101.692296,20.713046],[-101.690688,20.70994],[-101.690924,20.708098],[-101.689907,20.703395],[-101.690813,20.700573],[-101.690671,20.696049],[-101.693211,20.69696],[-101.693544,20.700355],[-101.705889,20.701914],[-101.707768,20.701484],[-101.708208,20.703127],[-101.708818,20.703591],[-101.711765,20.703544],[-101.719036,20.701858],[-101.719828,20.702039],[-101.722567,20.699673],[-101.723715,20.697338],[-101.722919,20.696821],[-101.724103,20.696522],[-101.724278,20.695352],[-101.724391,20.696612],[-101.726691,20.695367],[-101.726114,20.694987],[-101.727557,20.694715],[-101.726748,20.693609],[-101.728907,20.691655],[-101.736025,20.695292],[-101.742449,20.689091],[-101.733925,20.687403],[-101.731842,20.683281],[-101.73312,20.678993],[-101.739937,20.672346],[-101.739468,20.670124],[-101.741962,20.668891],[-101.74203,20.666163],[-101.742982,20.66591],[-101.742733,20.664199],[-101.743878,20.663929],[-101.743575,20.675657],[-101.753469,20.664642],[-101.749989,20.658038],[-101.756228,20.657991],[-101.756366,20.656036],[-101.758855,20.655212],[-101.757374,20.651539],[-101.757187,20.648735],[-101.757938,20.644456],[-101.75993,20.642311],[-101.760413,20.640501],[-101.767043,20.639077],[-101.775155,20.639071],[-101.776928,20.637224],[-101.776072,20.635281],[-101.775141,20.63479],[-101.762822,20.63296],[-101.762218,20.632356],[-101.761818,20.629885],[-101.762216,20.629364],[-101.767442,20.627953],[-101.767314,20.624028],[-101.770401,20.623611],[-101.77107,20.624724],[-101.785838,20.618957],[-101.790562,20.618598],[-101.793112,20.617379],[-101.794617,20.61722],[-101.79521,20.613734],[-101.797009,20.613342],[-101.807203,20.607204],[-101.805971,20.603763],[-101.806873,20.603732],[-101.805133,20.600179],[-101.805553,20.59921],[-101.803636,20.595619],[-101.80845,20.595255],[-101.808164,20.590877],[-101.809401,20.588127],[-101.808825,20.586904],[-101.807893,20.586539],[-101.807383,20.58456],[-101.807991,20.583243],[-101.809713,20.582945],[-101.812852,20.583685],[-101.812316,20.57873],[-101.825477,20.577167],[-101.824564,20.574457],[-101.834358,20.570653],[-101.83533,20.572802],[-101.842527,20.572119],[-101.844351,20.573577],[-101.848544,20.571702],[-101.848146,20.574351],[-101.849339,20.57418],[-101.849586,20.570317],[-101.84911,20.570156],[-101.851051,20.560971],[-101.851445,20.556146],[-101.854186,20.550292],[-101.854632,20.548349],[-101.85575,20.547057],[-101.854611,20.543774],[-101.85481,20.543001],[-101.857948,20.539998],[-101.862817,20.541891],[-101.863127,20.540822],[-101.868222,20.54202],[-101.867144,20.546071],[-101.868147,20.545714],[-101.873148,20.547871],[-101.876426,20.54612],[-101.878987,20.546212],[-101.881901,20.545047],[-101.882766,20.545759],[-101.886412,20.545979],[-101.887992,20.546733],[-101.890148,20.546955],[-101.893377,20.556213],[-101.891943,20.555996],[-101.894957,20.563098],[-101.899412,20.558952],[-101.930837,20.545604],[-101.930652,20.550953],[-101.929934,20.553128],[-101.929518,20.557541],[-101.930426,20.559832],[-101.928883,20.567718],[-101.944097,20.563877],[-101.96896,20.562381],[-101.969898,20.568811],[-101.962802,20.570243],[-101.963369,20.573082],[-101.962931,20.574369],[-101.964271,20.575058],[-101.966561,20.575128],[-101.967544,20.576873],[-101.967031,20.579344],[-101.960271,20.585317],[-101.959312,20.586843],[-101.958527,20.589122],[-101.957917,20.596431],[-101.957362,20.597605],[-101.957882,20.598462],[-101.956868,20.598991],[-101.956712,20.600351],[-101.955874,20.600588],[-101.95383,20.604338],[-101.951144,20.607427],[-101.95138,20.608573],[-101.952507,20.609294],[-101.954837,20.607845],[-101.957331,20.607645],[-101.95874,20.608791],[-101.958304,20.614384],[-101.956088,20.619147],[-101.957802,20.620416],[-101.957582,20.625262],[-101.958002,20.626691],[-101.957742,20.627487],[-101.955894,20.628095],[-101.955555,20.628746],[-101.957078,20.632643],[-101.959193,20.632303],[-101.962347,20.635939],[-101.962744,20.638164],[-101.96413,20.638939],[-101.966122,20.637125],[-101.966488,20.638188],[-101.968176,20.638288],[-101.968989,20.637409],[-101.969607,20.638373],[-101.970197,20.638438],[-101.970949,20.637549],[-101.971246,20.637913],[-101.970533,20.639885],[-101.971386,20.640503],[-101.969751,20.641573],[-101.967914,20.644623],[-101.969042,20.645851],[-101.968501,20.647129],[-101.968532,20.650912],[-101.96991,20.654321],[-101.970174,20.658012],[-101.96786,20.661992],[-101.96791,20.663382],[-101.970713,20.664226],[-101.973753,20.664319],[-101.973731,20.66066],[-101.975649,20.6611],[-101.977196,20.660063],[-101.976821,20.658981],[-101.977784,20.657545],[-101.978417,20.657576],[-101.9788,20.658404],[-101.981377,20.657529],[-101.981661,20.65884],[-101.982528,20.659736],[-101.981917,20.660133],[-101.981945,20.663327],[-101.990386,20.660891],[-101.99072,20.66183],[-101.992315,20.661346],[-101.993023,20.662387],[-101.995281,20.661557],[-101.995473,20.663541],[-101.997123,20.664707],[-101.999831,20.661975],[-102.002267,20.660477],[-102.00471,20.660326],[-102.007074,20.66075],[-102.010415,20.664013],[-102.013837,20.664441],[-102.015514,20.668525],[-102.014078,20.671191],[-102.015567,20.673463],[-102.018423,20.674735],[-102.01909,20.676184],[-102.017687,20.679471],[-102.018748,20.686319],[-102.018454,20.688901],[-102.016152,20.694895],[-102.013702,20.706144],[-102.012957,20.707395],[-102.012328,20.710707],[-102.01249,20.713924],[-102.013649,20.714403],[-102.014389,20.717064],[-102.017465,20.717527],[-102.020293,20.718636],[-102.022476,20.717667],[-102.024481,20.718002],[-102.027436,20.719749],[-102.031139,20.719684],[-102.035178,20.718092],[-102.036436,20.718553],[-102.037485,20.717304],[-102.037853,20.717673],[-102.038939,20.721804],[-102.040371,20.723248],[-102.039311,20.724297],[-102.039459,20.725107],[-102.038143,20.726694],[-102.039262,20.728279],[-102.038334,20.729338],[-102.0364,20.73385],[-102.034701,20.734525],[-102.034246,20.735476],[-102.034912,20.739554],[-102.034223,20.741379],[-102.034692,20.742203],[-102.035483,20.741839],[-102.036703,20.742659],[-102.037444,20.742532],[-102.03871,20.741371],[-102.042059,20.740505],[-102.043545,20.737416],[-102.04466,20.737899],[-102.045823,20.737333],[-102.061377,20.737055],[-102.063147,20.738513],[-102.064487,20.73875],[-102.060796,20.743815],[-102.06104,20.748517],[-102.06563,20.748742],[-102.067259,20.747579],[-102.068008,20.748386],[-102.070601,20.749154],[-102.071814,20.749045],[-102.072956,20.747773],[-102.073443,20.748508],[-102.072267,20.755969],[-102.0724,20.759184],[-102.070148,20.761203],[-102.070066,20.761971],[-102.069157,20.762374],[-102.069321,20.763351],[-102.067541,20.764323],[-102.065639,20.766756],[-102.066106,20.768087],[-102.066672,20.767715],[-102.067436,20.77165],[-102.06604,20.775968],[-102.066178,20.776905],[-102.069008,20.781787],[-102.069693,20.784763],[-102.069741,20.787861],[-102.063648,20.788823],[-102.061886,20.78804],[-102.057735,20.800597],[-102.056367,20.808135],[-102.055675,20.80963],[-102.05559,20.811973],[-102.053473,20.815509],[-102.052206,20.816008],[-102.049458,20.814744],[-102.045498,20.818131],[-102.047809,20.819453],[-102.037887,20.822865],[-102.036182,20.822239],[-102.033903,20.822915],[-102.032627,20.819828],[-102.016909,20.82416],[-102.00435,20.822453],[-102.004357,20.825176],[-101.997157,20.824217],[-101.999181,20.83108],[-101.998473,20.830996],[-101.998868,20.832954],[-101.996031,20.835213],[-101.97224,20.832511],[-101.961561,20.832008],[-101.961407,20.831319],[-101.959063,20.831322],[-101.957557,20.830727],[-101.938621,20.828981],[-101.939086,20.82407],[-101.938516,20.822977],[-101.94101,20.821434],[-101.94122,20.820825],[-101.939236,20.817825],[-101.939459,20.816522],[-101.938237,20.815686],[-101.93836,20.814656],[-101.936923,20.813692],[-101.936863,20.811961],[-101.935062,20.81134],[-101.934938,20.810331],[-101.911167,20.822301],[-101.861091,20.846333],[-101.861095,20.846142]]]]}},{"type":"Feature","properties":{"cvegeo":"11044","cve_ent":"11","cve_mun":"044","nombre":"Villagrán"},"geometry":{"type":"MultiPolygon","crs":{"type":"name","properties":{"name":"EPSG:6365"}},"coordinates":[[[[-100.979445,20.590083],[-100.978902,20.58594],[-100.97499,20.576616],[-100.972055,20.577674],[-100.97006,20.577654],[-100.967312,20.57508],[-100.965356,20.579001],[-100.955896,20.579226],[-100.95095,20.582344],[-100.948083,20.580148],[-100.948233,20.578392],[-100.930734,20.577826],[-100.926952,20.578179],[-100.927064,20.572376],[-100.926318,20.572086],[-100.925888,20.573069],[-100.922515,20.571292],[-100.919013,20.571211],[-100.918899,20.571667],[-100.915964,20.570775],[-100.915483,20.572006],[-100.91263,20.571203],[-100.912305,20.570142],[-100.910663,20.569588],[-100.91037,20.547092],[-100.908671,20.529961],[-100.886541,20.537507],[-100.886952,20.52664],[-100.898522,20.526794],[-100.898687,20.519816],[-100.903847,20.520577],[-100.908123,20.520011],[-100.909106,20.520367],[-100.909033,20.515708],[-100.959934,20.51216],[-100.959894,20.510909],[-100.968154,20.510171],[-100.969205,20.502765],[-100.974625,20.50533],[-100.975122,20.500636],[-100.979866,20.504055],[-100.984064,20.50299],[-100.987433,20.504654],[-100.993126,20.504608],[-100.996108,20.50789],[-100.998909,20.507913],[-101.003504,20.506638],[-101.008568,20.507204],[-101.014085,20.506342],[-101.017666,20.509611],[-101.021833,20.509362],[-101.024623,20.510031],[-101.026415,20.508945],[-101.033197,20.507652],[-101.03627,20.508226],[-101.040085,20.510458],[-101.041935,20.510734],[-101.045175,20.507897],[-101.047532,20.507929],[-101.049145,20.507243],[-101.054363,20.50848],[-101.058804,20.507289],[-101.060055,20.508095],[-101.064179,20.508935],[-101.066328,20.51203],[-101.070856,20.514325],[-101.07151,20.516645],[-101.070419,20.518843],[-101.070422,20.521004],[-101.072754,20.523649],[-101.076367,20.524285],[-101.079201,20.524111],[-101.082395,20.522726],[-101.085721,20.522247],[-101.085604,20.531124],[-101.08412,20.530671],[-101.083742,20.541929],[-101.078281,20.541372],[-101.07765,20.551253],[-101.08173,20.556663],[-101.083541,20.561113],[-101.097261,20.561805],[-101.101389,20.560971],[-101.111883,20.562456],[-101.109012,20.576461],[-101.104083,20.577163],[-101.092408,20.565953],[-101.085558,20.564118],[-101.083796,20.565442],[-101.083084,20.564683],[-101.083589,20.563146],[-101.062983,20.563273],[-101.061691,20.558571],[-101.059997,20.55907],[-101.059486,20.557014],[-101.056215,20.557336],[-101.055016,20.552631],[-101.053292,20.552736],[-101.05337,20.553204],[-101.05124,20.553067],[-101.056513,20.574982],[-101.056553,20.576613],[-101.057434,20.578802],[-101.054383,20.578026],[-101.051532,20.576422],[-101.042337,20.569846],[-101.042438,20.56748],[-101.037308,20.566249],[-101.03639,20.563487],[-101.035365,20.564127],[-101.03447,20.566203],[-101.029619,20.566015],[-101.027913,20.565667],[-101.026861,20.563126],[-101.025372,20.563061],[-101.024959,20.561474],[-101.022902,20.561016],[-101.021735,20.562592],[-101.020765,20.562021],[-101.019037,20.563151],[-101.016674,20.562567],[-101.014509,20.563672],[-101.012651,20.56362],[-101.009515,20.566804],[-101.006205,20.567713],[-101.000287,20.568191],[-100.996679,20.56994],[-100.996657,20.573762],[-101.002764,20.574374],[-101.001727,20.581122],[-100.990195,20.578354],[-100.990917,20.58677],[-100.984122,20.590309],[-100.979624,20.591655],[-100.979445,20.590083]]]]}},{"type":"Feature","properties":{"cvegeo":"11028","cve_ent":"11","cve_mun":"028","nombre":"Salvatierra"},"geometry":{"type":"MultiPolygon","crs":{"type":"name","properties":{"name":"EPSG:6365"}},"coordinates":[[[[-100.880353,20.357441],[-100.880156,20.35499],[-100.868615,20.354829],[-100.865396,20.354112],[-100.853757,20.354801],[-100.850669,20.354023],[-100.850483,20.355182],[-100.827598,20.352824],[-100.82815,20.34619],[-100.819075,20.34533],[-100.819743,20.343281],[-100.823878,20.336709],[-100.827758,20.333274],[-100.829578,20.330524],[-100.826001,20.329917],[-100.81864,20.329718],[-100.818201,20.324738],[-100.808014,20.323726],[-100.80206,20.323681],[-100.807584,20.317465],[-100.807854,20.319669],[-100.812477,20.320661],[-100.822139,20.321093],[-100.826225,20.31276],[-100.824339,20.307833],[-100.82559,20.306796],[-100.824568,20.301723],[-100.824612,20.298798],[-100.827062,20.297567],[-100.827645,20.296613],[-100.83211,20.29563],[-100.830674,20.290037],[-100.831897,20.289777],[-100.834618,20.287043],[-100.839095,20.28508],[-100.840188,20.282827],[-100.84311,20.27938],[-100.841243,20.277297],[-100.837931,20.278544],[-100.83661,20.269479],[-100.837044,20.264434],[-100.836527,20.25931],[-100.823326,20.260694],[-100.821286,20.260083],[-100.820858,20.255351],[-100.821097,20.251663],[-100.813133,20.252128],[-100.812645,20.246476],[-100.809959,20.24648],[-100.811919,20.245176],[-100.821063,20.242716],[-100.829102,20.241392],[-100.823341,20.239632],[-100.819683,20.239521],[-100.817354,20.240351],[-100.815248,20.23968],[-100.814589,20.237802],[-100.816046,20.23608],[-100.815554,20.235332],[-100.812806,20.232701],[-100.809552,20.231823],[-100.809422,20.231051],[-100.806524,20.229144],[-100.805522,20.228959],[-100.805859,20.233129],[-100.797129,20.236199],[-100.79631,20.234909],[-100.795565,20.234668],[-100.794678,20.231354],[-100.79141,20.232307],[-100.789771,20.232138],[-100.789278,20.22587],[-100.789729,20.222028],[-100.789389,20.216621],[-100.787999,20.20873],[-100.78734,20.208092],[-100.783855,20.207288],[-100.773646,20.208811],[-100.773272,20.206066],[-100.772508,20.205429],[-100.77336,20.201827],[-100.774,20.19437],[-100.777287,20.195378],[-100.782185,20.195314],[-100.781731,20.173086],[-100.786223,20.170616],[-100.812123,20.161932],[-100.812564,20.159352],[-100.822123,20.15607],[-100.826492,20.149383],[-100.820503,20.1476],[-100.820274,20.141215],[-100.827728,20.140008],[-100.828928,20.146599],[-100.83692,20.141412],[-100.834512,20.134019],[-100.84263,20.130127],[-100.843563,20.128991],[-100.844897,20.129544],[-100.84801,20.129723],[-100.853493,20.126475],[-100.854438,20.127239],[-100.85512,20.126625],[-100.855828,20.127069],[-100.856389,20.126816],[-100.855919,20.126414],[-100.858056,20.125864],[-100.859061,20.125768],[-100.859964,20.126484],[-100.860077,20.127296],[-100.860444,20.127059],[-100.859285,20.125373],[-100.861225,20.120497],[-100.860801,20.119699],[-100.861776,20.118987],[-100.867435,20.103793],[-100.868844,20.103833],[-100.868209,20.104258],[-100.869259,20.106083],[-100.871374,20.106613],[-100.872081,20.109827],[-100.872599,20.109655],[-100.873871,20.112586],[-100.876184,20.111939],[-100.875234,20.113126],[-100.877475,20.116248],[-100.876028,20.117197],[-100.876607,20.118475],[-100.874689,20.119416],[-100.87415,20.120353],[-100.874776,20.120695],[-100.873859,20.122941],[-100.871574,20.1226],[-100.869541,20.123346],[-100.868705,20.122646],[-100.866087,20.124362],[-100.86636,20.12532],[-100.868695,20.12623],[-100.86851,20.127379],[-100.867841,20.127533],[-100.867559,20.128241],[-100.872621,20.128841],[-100.876173,20.128643],[-100.875955,20.127212],[-100.877757,20.127767],[-100.879609,20.127628],[-100.879562,20.128611],[-100.881627,20.1285],[-100.888608,20.122814],[-100.896709,20.109419],[-100.894413,20.102812],[-100.892429,20.101108],[-100.891368,20.100799],[-100.893754,20.097183],[-100.895798,20.091606],[-100.89562,20.090449],[-100.894183,20.088063],[-100.89237,20.08707],[-100.888481,20.086467],[-100.887232,20.084337],[-100.875596,20.085486],[-100.87454,20.08509],[-100.876006,20.08356],[-100.876772,20.081543],[-100.881034,20.081566],[-100.883881,20.080249],[-100.886056,20.08008],[-100.88758,20.079099],[-100.889845,20.075504],[-100.891662,20.075786],[-100.893854,20.068313],[-100.894015,20.064678],[-100.889783,20.058275],[-100.890658,20.057844],[-100.903418,20.067313],[-100.905723,20.063068],[-100.90516,20.062234],[-100.901142,20.060514],[-100.900362,20.057536],[-100.904953,20.058912],[-100.907096,20.057404],[-100.904165,20.054092],[-100.904702,20.053563],[-100.907776,20.052151],[-100.908248,20.05123],[-100.918482,20.055488],[-100.918456,20.054674],[-100.919998,20.052954],[-100.920676,20.051218],[-100.922191,20.038988],[-100.924304,20.039037],[-100.924545,20.036797],[-100.927822,20.037058],[-100.927794,20.03559],[-100.925418,20.036291],[-100.92566,20.034445],[-100.92666,20.034494],[-100.926768,20.033548],[-100.925466,20.03342],[-100.924897,20.032357],[-100.924408,20.028463],[-100.926085,20.027967],[-100.927842,20.028174],[-100.929197,20.027003],[-100.929846,20.028166],[-100.930687,20.028587],[-100.93246,20.028017],[-100.934559,20.028132],[-100.935007,20.028598],[-100.935278,20.027755],[-100.936591,20.027488],[-100.937848,20.027778],[-100.93876,20.02869],[-100.941385,20.028639],[-100.941676,20.028315],[-100.940642,20.026171],[-100.94197,20.024074],[-100.942499,20.02369],[-100.945605,20.024133],[-100.944401,20.018144],[-100.950114,20.017516],[-100.950711,20.006503],[-100.956557,20.006239],[-100.961067,20.00411],[-100.963482,20.004081],[-100.965998,20.005625],[-100.967861,20.004982],[-100.970278,20.005171],[-100.968147,20.006969],[-100.967335,20.009914],[-100.967644,20.011293],[-100.968065,20.011965],[-100.972685,20.013094],[-100.975033,20.014209],[-100.975442,20.015228],[-100.978176,20.016729],[-100.979104,20.017778],[-100.979042,20.019211],[-100.979764,20.020087],[-100.979795,20.021598],[-100.980819,20.02345],[-100.982307,20.023396],[-100.983087,20.024789],[-100.986074,20.025426],[-100.986527,20.026144],[-100.988545,20.027154],[-100.993401,20.027283],[-100.997587,20.025588],[-100.999469,20.026097],[-101.002791,20.02838],[-101.005108,20.027905],[-101.008089,20.028093],[-101.006561,20.029637],[-101.00453,20.030129],[-101.005136,20.034927],[-101.003855,20.035845],[-101.003535,20.037857],[-101.008406,20.03695],[-101.012702,20.037758],[-101.012298,20.039556],[-101.014211,20.040346],[-101.01361,20.040558],[-101.013987,20.045711],[-101.012982,20.045778],[-101.00924,20.050057],[-101.008136,20.050684],[-101.00804,20.052019],[-101.006424,20.054013],[-101.005174,20.054268],[-101.004485,20.056051],[-101.000167,20.060156],[-100.998407,20.061442],[-100.994008,20.063147],[-100.992715,20.06449],[-100.994964,20.066571],[-100.996662,20.067234],[-100.996821,20.068042],[-101.000792,20.071606],[-101.002023,20.071794],[-101.003574,20.074353],[-101.011785,20.081523],[-101.009639,20.081987],[-101.006475,20.085412],[-101.006205,20.087988],[-101.00751,20.089143],[-101.00734,20.099777],[-101.002027,20.102613],[-100.998409,20.103901],[-100.998597,20.107776],[-101.00032,20.109846],[-100.993901,20.120548],[-100.978753,20.118238],[-100.978833,20.13176],[-100.975853,20.129762],[-100.96784,20.131264],[-100.961927,20.129096],[-100.960394,20.132591],[-100.958631,20.133831],[-100.950464,20.133976],[-100.947477,20.133481],[-100.947166,20.125786],[-100.943656,20.12623],[-100.945354,20.153406],[-100.931236,20.151863],[-100.928746,20.150572],[-100.929264,20.157474],[-100.935931,20.162471],[-100.936695,20.162218],[-100.938661,20.162849],[-100.938039,20.166101],[-100.940139,20.16668],[-100.941575,20.187066],[-100.943497,20.188367],[-100.943619,20.189262],[-100.944058,20.188738],[-100.957765,20.197739],[-100.960239,20.198391],[-100.96884,20.198481],[-100.968892,20.201871],[-100.993425,20.205392],[-100.992649,20.207908],[-100.993061,20.208003],[-101.021273,20.210474],[-101.020099,20.200131],[-101.021323,20.201181],[-101.033184,20.206161],[-101.038592,20.209238],[-101.047553,20.212226],[-101.051634,20.216166],[-101.051853,20.216916],[-101.051088,20.21702],[-101.050648,20.219014],[-101.048781,20.220183],[-101.046952,20.230046],[-101.040477,20.241349],[-101.036366,20.241692],[-101.034644,20.250583],[-101.049841,20.252846],[-101.050069,20.256285],[-101.049571,20.256224],[-101.042999,20.276075],[-101.03945,20.280033],[-101.036693,20.278908],[-101.035029,20.280399],[-101.034929,20.279976],[-101.032168,20.280291],[-101.032167,20.281174],[-101.028367,20.282101],[-101.027817,20.283922],[-101.027228,20.284272],[-101.025049,20.284481],[-101.021409,20.283626],[-101.021355,20.287543],[-101.005629,20.285516],[-100.99963,20.306838],[-100.997756,20.307409],[-100.99494,20.307212],[-100.994828,20.308102],[-100.989438,20.307966],[-100.987608,20.314035],[-100.981567,20.313354],[-100.978785,20.317722],[-100.981734,20.323273],[-100.98145,20.325366],[-100.98416,20.328268],[-100.969254,20.336962],[-100.9697,20.338531],[-100.968925,20.338821],[-100.96793,20.337681],[-100.967542,20.338542],[-100.963554,20.339184],[-100.937661,20.341462],[-100.936099,20.342017],[-100.910421,20.341342],[-100.898876,20.378355],[-100.882231,20.381156],[-100.880353,20.357441]]]]}},{"type":"Feature","properties":{"cvegeo":"11022","cve_ent":"11","cve_mun":"022","nombre":"Ocampo"},"geometry":{"type":"MultiPolygon","crs":{"type":"name","properties":{"name":"EPSG:6365"}},"coordinates":[[[[-101.454906,21.829507],[-101.453586,21.826692],[-101.438399,21.826136],[-101.42285,21.824974],[-101.422797,21.824463],[-101.423422,21.79325],[-101.4252,21.79335],[-101.425449,21.788352],[-101.423589,21.788263],[-101.424373,21.773181],[-101.429067,21.773389],[-101.429393,21.767166],[-101.426038,21.766863],[-101.425925,21.768978],[-101.422507,21.768824],[-101.422732,21.764575],[-101.425851,21.76481],[-101.426534,21.754945],[-101.416771,21.753538],[-101.416968,21.747779],[-101.420225,21.74428],[-101.432065,21.744316],[-101.432272,21.73577],[-101.443374,21.735871],[-101.443369,21.709933],[-101.442747,21.690538],[-101.440007,21.666975],[-101.438426,21.66657],[-101.338198,21.677765],[-101.349435,21.626028],[-101.355573,21.609243],[-101.3576,21.596205],[-101.363424,21.596304],[-101.369388,21.571892],[-101.362315,21.570745],[-101.363501,21.561631],[-101.357946,21.560343],[-101.353832,21.565562],[-101.34861,21.559643],[-101.321942,21.555933],[-101.320205,21.555183],[-101.322676,21.551752],[-101.31598,21.550335],[-101.314,21.549146],[-101.311938,21.549037],[-101.3105,21.546386],[-101.306691,21.543643],[-101.306931,21.541601],[-101.307787,21.539905],[-101.307602,21.537634],[-101.30457,21.537659],[-101.299677,21.536324],[-101.299354,21.537897],[-101.297698,21.538616],[-101.295139,21.541047],[-101.295066,21.538906],[-101.290791,21.537252],[-101.292299,21.535151],[-101.292633,21.532931],[-101.289009,21.531188],[-101.288883,21.528403],[-101.285927,21.525138],[-101.285302,21.523737],[-101.297282,21.516362],[-101.298869,21.516293],[-101.299884,21.51734],[-101.301544,21.516522],[-101.302405,21.516899],[-101.303762,21.514969],[-101.305594,21.514324],[-101.305,21.513807],[-101.305219,21.513359],[-101.307758,21.512468],[-101.310214,21.510546],[-101.313901,21.509467],[-101.314555,21.508472],[-101.316635,21.507184],[-101.320168,21.48134],[-101.325035,21.488035],[-101.33101,21.476888],[-101.335071,21.472508],[-101.339148,21.463672],[-101.334846,21.456041],[-101.334826,21.45266],[-101.333098,21.447838],[-101.328717,21.409698],[-101.365785,21.39821],[-101.371147,21.397455],[-101.376934,21.403943],[-101.377963,21.403735],[-101.379937,21.404743],[-101.380103,21.40668],[-101.388482,21.404991],[-101.390387,21.405355],[-101.392686,21.410152],[-101.396211,21.413147],[-101.398285,21.414131],[-101.39856,21.415193],[-101.401536,21.417866],[-101.401637,21.41943],[-101.404196,21.420799],[-101.405493,21.420765],[-101.407319,21.409707],[-101.422339,21.414328],[-101.421833,21.41484],[-101.433392,21.417193],[-101.433283,21.418192],[-101.433702,21.418438],[-101.436549,21.416103],[-101.439465,21.414867],[-101.440846,21.411603],[-101.444253,21.410127],[-101.449193,21.405105],[-101.453179,21.400843],[-101.454132,21.396617],[-101.461141,21.396446],[-101.461941,21.396064],[-101.4628,21.396588],[-101.468439,21.390137],[-101.46995,21.391316],[-101.469372,21.392254],[-101.478828,21.38824],[-101.477392,21.385042],[-101.480404,21.383939],[-101.482168,21.386657],[-101.48398,21.385827],[-101.484841,21.38348],[-101.487159,21.383298],[-101.485615,21.385115],[-101.493118,21.381738],[-101.493635,21.380263],[-101.494838,21.38025],[-101.49679,21.379342],[-101.500239,21.379092],[-101.501274,21.378297],[-101.502548,21.380518],[-101.509341,21.382544],[-101.509595,21.381979],[-101.514644,21.391461],[-101.512692,21.390852],[-101.511997,21.391992],[-101.509775,21.393161],[-101.508419,21.394522],[-101.518096,21.398012],[-101.528138,21.393709],[-101.530943,21.393915],[-101.532471,21.399541],[-101.529396,21.401459],[-101.530271,21.403886],[-101.529298,21.406036],[-101.529736,21.408129],[-101.527965,21.408996],[-101.527571,21.411103],[-101.525874,21.413037],[-101.522594,21.419898],[-101.526579,21.431946],[-101.527337,21.430725],[-101.535692,21.430437],[-101.54647,21.426249],[-101.551617,21.426151],[-101.553908,21.422979],[-101.556153,21.42465],[-101.562101,21.425621],[-101.569028,21.41876],[-101.570416,21.418536],[-101.573344,21.419693],[-101.576676,21.424506],[-101.5801,21.427556],[-101.580049,21.432878],[-101.582206,21.433293],[-101.580149,21.435925],[-101.581322,21.439541],[-101.58193,21.44398],[-101.582554,21.444231],[-101.581788,21.445461],[-101.581873,21.447809],[-101.587892,21.442405],[-101.589951,21.445581],[-101.590109,21.45016],[-101.588851,21.4518],[-101.586706,21.452583],[-101.586939,21.453727],[-101.588633,21.453794],[-101.588603,21.454938],[-101.589701,21.455786],[-101.590042,21.456777],[-101.588478,21.460593],[-101.588519,21.463385],[-101.589042,21.4649],[-101.626909,21.509845],[-101.626979,21.513561],[-101.628601,21.514222],[-101.63027,21.515777],[-101.632431,21.519054],[-101.633868,21.517596],[-101.637103,21.516498],[-101.639415,21.513586],[-101.640261,21.513626],[-101.640599,21.514712],[-101.640092,21.516463],[-101.639364,21.517141],[-101.640533,21.521614],[-101.641166,21.522267],[-101.64054,21.522737],[-101.640476,21.524358],[-101.641269,21.526648],[-101.640458,21.52863],[-101.636345,21.531246],[-101.635835,21.532153],[-101.633339,21.531629],[-101.630033,21.532327],[-101.629628,21.535088],[-101.628976,21.535319],[-101.627565,21.534625],[-101.626051,21.534571],[-101.622633,21.537687],[-101.620008,21.541069],[-101.621161,21.541389],[-101.622314,21.542602],[-101.622126,21.544534],[-101.623621,21.545449],[-101.623186,21.546693],[-101.622417,21.546823],[-101.619594,21.545862],[-101.619138,21.546098],[-101.619381,21.548464],[-101.620402,21.548332],[-101.621562,21.549123],[-101.62166,21.551904],[-101.620056,21.551544],[-101.619298,21.552089],[-101.618943,21.553627],[-101.61607,21.554374],[-101.617439,21.556594],[-101.617247,21.557452],[-101.616366,21.558079],[-101.612718,21.559059],[-101.610438,21.558737],[-101.607257,21.562012],[-101.609287,21.562359],[-101.609978,21.563015],[-101.609806,21.563384],[-101.607633,21.563068],[-101.606546,21.563872],[-101.606847,21.569797],[-101.607278,21.570438],[-101.606284,21.573051],[-101.606486,21.574327],[-101.60832,21.575186],[-101.610328,21.575389],[-101.611686,21.574892],[-101.61197,21.575263],[-101.611784,21.577427],[-101.610407,21.581167],[-101.612395,21.582645],[-101.611257,21.584062],[-101.610981,21.585316],[-101.607884,21.58405],[-101.607133,21.588367],[-101.606563,21.588928],[-101.605248,21.588917],[-101.602868,21.593884],[-101.601824,21.593677],[-101.601767,21.59301],[-101.600966,21.593392],[-101.599731,21.596351],[-101.59783,21.599176],[-101.595774,21.600315],[-101.595245,21.603492],[-101.596008,21.603748],[-101.59697,21.605802],[-101.596056,21.609176],[-101.595265,21.610004],[-101.593521,21.611483],[-101.5899,21.609176],[-101.588011,21.609541],[-101.58824,21.608467],[-101.587584,21.6079],[-101.586024,21.60781],[-101.583422,21.613977],[-101.583977,21.621205],[-101.581536,21.62273],[-101.580189,21.625531],[-101.581968,21.62779],[-101.582424,21.629772],[-101.584361,21.631073],[-101.585828,21.630635],[-101.58611,21.631501],[-101.589088,21.631414],[-101.589494,21.632458],[-101.590173,21.632627],[-101.591177,21.631752],[-101.593402,21.631861],[-101.593139,21.632709],[-101.594323,21.633778],[-101.59437,21.633211],[-101.595119,21.633596],[-101.595389,21.633112],[-101.594825,21.635271],[-101.596074,21.637446],[-101.595348,21.638625],[-101.5938,21.638409],[-101.593016,21.639494],[-101.591902,21.642765],[-101.59171,21.64587],[-101.591024,21.646452],[-101.590507,21.648574],[-101.58919,21.65011],[-101.58897,21.652026],[-101.586654,21.653054],[-101.583251,21.656705],[-101.582981,21.657887],[-101.584492,21.660282],[-101.584488,21.662209],[-101.581639,21.665041],[-101.581428,21.666998],[-101.584599,21.66896],[-101.584826,21.670212],[-101.582507,21.670653],[-101.582582,21.672613],[-101.580434,21.675422],[-101.579071,21.675464],[-101.577847,21.676981],[-101.576776,21.67915],[-101.576798,21.680829],[-101.572859,21.685098],[-101.572124,21.688866],[-101.5698,21.690288],[-101.569139,21.69231],[-101.569261,21.694103],[-101.570144,21.696278],[-101.571994,21.695223],[-101.572424,21.698092],[-101.573447,21.699393],[-101.579195,21.703352],[-101.580252,21.70349],[-101.582909,21.706237],[-101.584043,21.709574],[-101.580735,21.710359],[-101.578833,21.712003],[-101.578146,21.711889],[-101.577543,21.710538],[-101.571196,21.706417],[-101.570932,21.70595],[-101.571445,21.704604],[-101.570855,21.704308],[-101.557653,21.735099],[-101.560837,21.734119],[-101.56628,21.733413],[-101.569478,21.733924],[-101.576453,21.736196],[-101.579683,21.736405],[-101.582258,21.772653],[-101.583438,21.771749],[-101.584805,21.771626],[-101.585694,21.778777],[-101.560206,21.779902],[-101.538832,21.777335],[-101.473886,21.827257],[-101.465963,21.827059],[-101.464061,21.820225],[-101.455072,21.829959],[-101.454906,21.829507]]]]}},{"type":"Feature","properties":{"cvegeo":"11032","cve_ent":"11","cve_mun":"032","nombre":"San José de Iturbide"},"geometry":{"type":"MultiPolygon","crs":{"type":"name","properties":{"name":"EPSG:6365"}},"coordinates":[[[[-100.458134,21.112366],[-100.455868,21.105534],[-100.359542,21.094451],[-100.359851,21.089662],[-100.354133,21.088486],[-100.350384,21.085299],[-100.345714,21.092853],[-100.329852,21.091221],[-100.325497,21.092546],[-100.32783,21.081492],[-100.317215,21.076941],[-100.314216,21.078965],[-100.30686,21.077045],[-100.302965,21.075182],[-100.3013,21.080442],[-100.30024,21.081482],[-100.300838,21.08215],[-100.299521,21.085177],[-100.294392,21.090446],[-100.293912,21.092101],[-100.292694,21.092596],[-100.291317,21.092315],[-100.290189,21.091223],[-100.288005,21.091677],[-100.286438,21.09064],[-100.281058,21.089514],[-100.280061,21.088689],[-100.280997,21.072114],[-100.272923,21.071949],[-100.272067,21.06908],[-100.269892,21.069585],[-100.269908,21.068897],[-100.267991,21.069116],[-100.267242,21.068743],[-100.267248,21.068138],[-100.264872,21.066198],[-100.264613,21.064224],[-100.266237,21.063173],[-100.265911,21.061325],[-100.269448,21.062104],[-100.269353,21.061009],[-100.267105,21.06001],[-100.265988,21.058847],[-100.266509,21.058055],[-100.266098,21.057351],[-100.26726,21.057058],[-100.266875,21.056302],[-100.264462,21.056527],[-100.261699,21.05591],[-100.260178,21.052682],[-100.259692,21.052789],[-100.254896,21.046335],[-100.255256,21.04585],[-100.254255,21.044454],[-100.259329,21.038183],[-100.254303,21.033577],[-100.25724,21.027392],[-100.256678,21.025783],[-100.256909,21.024899],[-100.258323,21.023827],[-100.260728,21.023634],[-100.2581,21.022116],[-100.257269,21.010886],[-100.255895,21.010476],[-100.249433,21.011841],[-100.246998,21.008957],[-100.247433,21.006179],[-100.253144,21.004491],[-100.251468,21.000485],[-100.247308,20.997386],[-100.249265,20.983184],[-100.238486,20.978771],[-100.236873,20.979459],[-100.231995,20.979219],[-100.230557,20.980122],[-100.229402,20.979834],[-100.231912,20.976123],[-100.245544,20.963329],[-100.250523,20.965199],[-100.254224,20.967482],[-100.256968,20.96735],[-100.259303,20.968173],[-100.263623,20.970999],[-100.264806,20.969757],[-100.267781,20.968615],[-100.269133,20.967212],[-100.270641,20.963851],[-100.272061,20.963029],[-100.267869,20.957438],[-100.263342,20.955016],[-100.261797,20.953373],[-100.263371,20.94928],[-100.262662,20.933621],[-100.265543,20.929247],[-100.299209,20.931328],[-100.304195,20.92832],[-100.305378,20.923827],[-100.30517,20.92197],[-100.303691,20.919548],[-100.301215,20.917115],[-100.298394,20.915292],[-100.333591,20.890728],[-100.354789,20.891137],[-100.355957,20.890458],[-100.363122,20.890517],[-100.362781,20.89131],[-100.381324,20.890484],[-100.394415,20.892167],[-100.408455,20.888241],[-100.413596,20.88749],[-100.413851,20.888079],[-100.424525,20.89154],[-100.432664,20.89328],[-100.453956,20.900179],[-100.453176,20.923199],[-100.460985,20.923317],[-100.464305,20.924931],[-100.465038,20.924738],[-100.465919,20.925342],[-100.465683,20.926225],[-100.46868,20.927634],[-100.472233,20.928446],[-100.474443,20.930186],[-100.479978,20.930168],[-100.480694,20.93385],[-100.480547,20.936865],[-100.480927,20.937527],[-100.483352,20.938793],[-100.483384,20.939766],[-100.484313,20.940812],[-100.483895,20.942887],[-100.482013,20.944268],[-100.482806,20.94863],[-100.48428,20.949318],[-100.484546,20.951868],[-100.485087,20.952554],[-100.484487,20.954142],[-100.486318,20.956101],[-100.4925,20.957831],[-100.495593,20.957111],[-100.494978,20.958702],[-100.495844,20.962098],[-100.495528,20.964099],[-100.496349,20.964627],[-100.499259,20.969616],[-100.500041,20.973317],[-100.501432,20.975002],[-100.501968,20.976582],[-100.502714,20.977251],[-100.510539,20.970128],[-100.513189,20.973065],[-100.515371,20.974351],[-100.515569,20.975576],[-100.515218,20.97565],[-100.524027,20.989385],[-100.524752,20.989284],[-100.524911,20.990368],[-100.526044,20.991347],[-100.528854,20.99246],[-100.529563,20.999175],[-100.52219,21.00147],[-100.520451,21.000873],[-100.518836,20.999313],[-100.5188,21.000107],[-100.515394,21.002293],[-100.515146,21.002979],[-100.513524,21.003232],[-100.513693,21.003932],[-100.515175,21.005103],[-100.516582,21.01048],[-100.517954,21.011468],[-100.518138,21.010518],[-100.519382,21.010706],[-100.521444,21.014627],[-100.521572,21.016369],[-100.523522,21.017675],[-100.523509,21.018368],[-100.522217,21.017895],[-100.521967,21.019211],[-100.525029,21.024101],[-100.524416,21.026374],[-100.525995,21.027907],[-100.525723,21.029697],[-100.526578,21.030854],[-100.526289,21.031698],[-100.528529,21.035269],[-100.528779,21.038488],[-100.529234,21.039098],[-100.529068,21.042967],[-100.531329,21.043631],[-100.532428,21.042857],[-100.534478,21.048516],[-100.531927,21.049285],[-100.532291,21.050823],[-100.530129,21.051496],[-100.529736,21.052802],[-100.527689,21.052968],[-100.528681,21.071123],[-100.525308,21.07229],[-100.515793,21.078577],[-100.508063,21.082399],[-100.507625,21.082842],[-100.511044,21.085683],[-100.503617,21.094921],[-100.495076,21.096939],[-100.493002,21.098943],[-100.48914,21.099249],[-100.488146,21.098874],[-100.487292,21.099975],[-100.481026,21.103521],[-100.474957,21.104657],[-100.471519,21.108285],[-100.469696,21.11165],[-100.458995,21.114957],[-100.458134,21.112366]]]]}},{"type":"Feature","properties":{"cvegeo":"11013","cve_ent":"11","cve_mun":"013","nombre":"Doctor Mora"},"geometry":{"type":"MultiPolygon","crs":{"type":"name","properties":{"name":"EPSG:6365"}},"coordinates":[[[[-100.332758,21.210224],[-100.325091,21.209488],[-100.324266,21.20894],[-100.321746,21.208645],[-100.314714,21.205293],[-100.313952,21.200672],[-100.308008,21.198335],[-100.307689,21.190015],[-100.297105,21.190212],[-100.299602,21.188043],[-100.30075,21.188054],[-100.300955,21.185973],[-100.303527,21.184175],[-100.291086,21.168273],[-100.281694,21.166038],[-100.277245,21.163568],[-100.273817,21.160167],[-100.272001,21.155253],[-100.269859,21.15199],[-100.261968,21.14674],[-100.258768,21.142854],[-100.255689,21.14179],[-100.256556,21.135998],[-100.253156,21.134658],[-100.250169,21.132809],[-100.245434,21.127032],[-100.243463,21.126752],[-100.242201,21.125375],[-100.242879,21.123979],[-100.240088,21.120495],[-100.243709,21.113898],[-100.240919,21.112131],[-100.245635,21.104859],[-100.245989,21.103499],[-100.245558,21.102246],[-100.248643,21.096685],[-100.249395,21.096403],[-100.249901,21.094094],[-100.250567,21.094228],[-100.25374,21.087349],[-100.26565,21.089969],[-100.291995,21.097846],[-100.292073,21.093439],[-100.293491,21.093399],[-100.293325,21.092332],[-100.294124,21.092013],[-100.294505,21.090287],[-100.299638,21.084891],[-100.300838,21.08215],[-100.30024,21.081482],[-100.3013,21.080442],[-100.302965,21.075182],[-100.30686,21.077045],[-100.314216,21.078965],[-100.317024,21.076917],[-100.327548,21.081242],[-100.32783,21.081492],[-100.325497,21.092546],[-100.329852,21.091221],[-100.345658,21.092943],[-100.350384,21.085299],[-100.354539,21.088547],[-100.359851,21.089662],[-100.359235,21.094379],[-100.455868,21.105534],[-100.459592,21.116977],[-100.459887,21.119251],[-100.465119,21.127838],[-100.469909,21.140024],[-100.476619,21.15386],[-100.475017,21.154075],[-100.474641,21.155188],[-100.475926,21.156317],[-100.477479,21.158888],[-100.481215,21.167365],[-100.484223,21.172173],[-100.485338,21.175504],[-100.485731,21.178797],[-100.466454,21.183875],[-100.443514,21.192082],[-100.442365,21.18927],[-100.44241,21.186758],[-100.44453,21.183211],[-100.437317,21.179779],[-100.432464,21.175428],[-100.422699,21.179085],[-100.425749,21.183426],[-100.428951,21.185095],[-100.426325,21.185871],[-100.419803,21.184993],[-100.418389,21.183892],[-100.41805,21.184323],[-100.412456,21.1812],[-100.408054,21.177319],[-100.407428,21.176223],[-100.407651,21.175088],[-100.406633,21.17084],[-100.405268,21.169587],[-100.391551,21.191323],[-100.382125,21.190653],[-100.36029,21.191134],[-100.3566,21.19487],[-100.355902,21.200192],[-100.356264,21.203002],[-100.357201,21.204036],[-100.356606,21.204059],[-100.356243,21.20513],[-100.355065,21.204376],[-100.354738,21.205052],[-100.355626,21.205614],[-100.354815,21.206417],[-100.353892,21.208802],[-100.347842,21.214655],[-100.343489,21.216577],[-100.343434,21.211909],[-100.338633,21.209486],[-100.338709,21.210894],[-100.337352,21.210965],[-100.339658,21.218422],[-100.338501,21.219326],[-100.337007,21.219536],[-100.332758,21.210224]]]]}},{"type":"Feature","properties":{"cvegeo":"11011","cve_ent":"11","cve_mun":"011","nombre":"Cortazar"},"geometry":{"type":"MultiPolygon","crs":{"type":"name","properties":{"name":"EPSG:6365"}},"coordinates":[[[[-100.90907,20.515488],[-100.907475,20.50221],[-100.903815,20.50301],[-100.90433,20.501546],[-100.904133,20.500592],[-100.901724,20.500367],[-100.901997,20.496134],[-100.897253,20.496301],[-100.89345,20.495315],[-100.892494,20.499864],[-100.891503,20.499765],[-100.890008,20.497937],[-100.887746,20.496562],[-100.885719,20.49716],[-100.882324,20.495912],[-100.880826,20.496337],[-100.879824,20.495817],[-100.880594,20.494359],[-100.880095,20.493102],[-100.877404,20.492554],[-100.874936,20.491262],[-100.872391,20.491604],[-100.869892,20.490767],[-100.866375,20.491525],[-100.865322,20.491085],[-100.862936,20.488283],[-100.855027,20.487726],[-100.852823,20.486268],[-100.848827,20.484637],[-100.846641,20.484267],[-100.84544,20.482387],[-100.851965,20.439097],[-100.848981,20.437144],[-100.839593,20.433755],[-100.826675,20.431461],[-100.84441,20.391807],[-100.823644,20.37522],[-100.827598,20.352824],[-100.850483,20.355182],[-100.850669,20.354023],[-100.853757,20.354801],[-100.865396,20.354112],[-100.868615,20.354829],[-100.880156,20.35499],[-100.882231,20.381156],[-100.898757,20.378552],[-100.910421,20.341342],[-100.936007,20.34208],[-100.937661,20.341462],[-100.963554,20.339184],[-100.967542,20.338542],[-100.967818,20.337742],[-100.968753,20.338717],[-100.969365,20.338656],[-100.9697,20.338531],[-100.969254,20.336962],[-100.984248,20.328357],[-100.987464,20.33161],[-100.977399,20.335306],[-100.978945,20.338775],[-100.979901,20.348828],[-100.986969,20.348419],[-100.987198,20.352499],[-100.998014,20.362992],[-100.998842,20.365703],[-101.002047,20.365965],[-101.004815,20.364353],[-101.006837,20.361672],[-101.007397,20.359512],[-101.008799,20.358512],[-101.010338,20.35817],[-101.013904,20.363628],[-101.015314,20.363664],[-101.016603,20.369651],[-101.021094,20.369134],[-101.020567,20.37065],[-101.017901,20.373436],[-101.018818,20.373388],[-101.018787,20.374703],[-101.017488,20.379078],[-101.013305,20.383175],[-101.012084,20.387065],[-101.012099,20.390259],[-101.011206,20.393365],[-101.01109,20.39872],[-101.012435,20.403103],[-101.011246,20.406904],[-101.019028,20.407377],[-101.018296,20.404655],[-101.018915,20.403745],[-101.019361,20.399778],[-101.019857,20.399743],[-101.02186,20.402454],[-101.023991,20.403845],[-101.02554,20.407445],[-101.028256,20.408075],[-101.02838,20.414423],[-101.033472,20.434866],[-101.037435,20.438182],[-101.037457,20.438649],[-101.042924,20.441371],[-101.044032,20.44922],[-101.043928,20.457518],[-101.04614,20.457602],[-101.046216,20.459876],[-101.044685,20.460007],[-101.044175,20.462487],[-101.047066,20.461517],[-101.047413,20.462749],[-101.044137,20.465234],[-101.044066,20.480462],[-101.038907,20.509802],[-101.03627,20.508226],[-101.033197,20.507652],[-101.026415,20.508945],[-101.024424,20.510061],[-101.021833,20.509362],[-101.017666,20.509611],[-101.014833,20.506634],[-101.013659,20.506312],[-101.008856,20.507192],[-101.002891,20.50672],[-100.999196,20.507798],[-100.996108,20.50789],[-100.993126,20.504608],[-100.987074,20.504561],[-100.984064,20.50299],[-100.979866,20.504055],[-100.975122,20.500636],[-100.974634,20.505212],[-100.969205,20.502765],[-100.968167,20.510035],[-100.960026,20.510748],[-100.959927,20.511944],[-100.909019,20.515633],[-100.90907,20.515488]]]]}},{"type":"Feature","properties":{"cvegeo":"11002","cve_ent":"11","cve_mun":"002","nombre":"Acámbaro"},"geometry":{"type":"MultiPolygon","crs":{"type":"name","properties":{"name":"EPSG:6365"}},"coordinates":[[[[-100.676116,20.228511],[-100.671579,20.226481],[-100.669518,20.226732],[-100.661732,20.224598],[-100.65339,20.220278],[-100.65166,20.219826],[-100.641499,20.214098],[-100.636241,20.206378],[-100.629635,20.198638],[-100.634608,20.197316],[-100.636785,20.191456],[-100.640479,20.184634],[-100.647373,20.182789],[-100.650211,20.180132],[-100.653466,20.179393],[-100.651272,20.15436],[-100.62828,20.152627],[-100.625906,20.15098],[-100.624179,20.15101],[-100.623834,20.148689],[-100.620508,20.148975],[-100.620836,20.151741],[-100.617206,20.148632],[-100.614792,20.147312],[-100.613356,20.150585],[-100.606494,20.154655],[-100.602611,20.15249],[-100.602174,20.150506],[-100.603573,20.149868],[-100.605382,20.148382],[-100.605474,20.147797],[-100.601084,20.143548],[-100.601983,20.133891],[-100.599703,20.123229],[-100.596803,20.117227],[-100.595096,20.111737],[-100.586801,20.091745],[-100.579484,20.090241],[-100.579916,20.088669],[-100.579302,20.086876],[-100.581057,20.086597],[-100.58019,20.084711],[-100.580964,20.084115],[-100.581484,20.082529],[-100.583847,20.082413],[-100.584921,20.081781],[-100.58401,20.079815],[-100.584747,20.079648],[-100.586729,20.081151],[-100.587571,20.081233],[-100.587553,20.079784],[-100.588658,20.080013],[-100.58906,20.078909],[-100.590094,20.078741],[-100.591559,20.076907],[-100.5942,20.079373],[-100.595654,20.078869],[-100.596309,20.078082],[-100.595892,20.076574],[-100.59663,20.073368],[-100.596501,20.071472],[-100.595456,20.068127],[-100.596856,20.067107],[-100.597247,20.065837],[-100.596879,20.065111],[-100.595172,20.064513],[-100.594869,20.063536],[-100.593264,20.062823],[-100.593599,20.061554],[-100.593227,20.060121],[-100.592294,20.059914],[-100.589867,20.061457],[-100.58502,20.060495],[-100.5843,20.062602],[-100.58355,20.069408],[-100.581722,20.070011],[-100.579052,20.077929],[-100.575703,20.081207],[-100.574749,20.081502],[-100.575212,20.079057],[-100.57624,20.077005],[-100.576801,20.071113],[-100.57642,20.069214],[-100.575718,20.068748],[-100.574939,20.068979],[-100.573869,20.071602],[-100.5721,20.072666],[-100.570273,20.072419],[-100.569269,20.074943],[-100.569572,20.077015],[-100.571046,20.080435],[-100.571799,20.084603],[-100.571176,20.085269],[-100.569217,20.085522],[-100.56853,20.087244],[-100.567918,20.084644],[-100.569074,20.083612],[-100.568172,20.08147],[-100.565459,20.078685],[-100.563929,20.078993],[-100.562137,20.080974],[-100.560883,20.080305],[-100.560575,20.078663],[-100.55791,20.077973],[-100.556297,20.078516],[-100.554529,20.078112],[-100.554402,20.082156],[-100.55058,20.079651],[-100.546493,20.081638],[-100.543217,20.081341],[-100.547084,20.088695],[-100.546017,20.088731],[-100.545178,20.089416],[-100.545384,20.091137],[-100.543293,20.091128],[-100.54305,20.091656],[-100.546003,20.094051],[-100.543472,20.094192],[-100.542604,20.09477],[-100.543148,20.098478],[-100.540429,20.098425],[-100.539584,20.09929],[-100.539069,20.101357],[-100.537925,20.102132],[-100.538169,20.102815],[-100.537571,20.102224],[-100.536319,20.102589],[-100.532097,20.101549],[-100.531441,20.101049],[-100.532125,20.100303],[-100.531459,20.098822],[-100.532469,20.098392],[-100.533824,20.096117],[-100.536345,20.09479],[-100.536676,20.094091],[-100.535661,20.092855],[-100.537194,20.091236],[-100.536133,20.089276],[-100.534885,20.088962],[-100.533582,20.089362],[-100.534267,20.086853],[-100.53391,20.086208],[-100.531901,20.086379],[-100.529512,20.088333],[-100.529477,20.084951],[-100.528699,20.084172],[-100.527587,20.084006],[-100.52636,20.084723],[-100.526578,20.086512],[-100.523842,20.08749],[-100.523044,20.089239],[-100.522381,20.089182],[-100.522262,20.088524],[-100.52111,20.088355],[-100.521474,20.086874],[-100.519534,20.086221],[-100.517252,20.086547],[-100.515945,20.08741],[-100.516924,20.086098],[-100.516013,20.085382],[-100.517984,20.085494],[-100.521222,20.084047],[-100.521266,20.083274],[-100.520286,20.082708],[-100.522156,20.08174],[-100.523044,20.080147],[-100.523369,20.076408],[-100.522583,20.075312],[-100.519489,20.075922],[-100.515486,20.072959],[-100.515635,20.072127],[-100.514814,20.071081],[-100.512356,20.070816],[-100.509943,20.072919],[-100.508336,20.07579],[-100.508169,20.076909],[-100.509745,20.079357],[-100.509493,20.079604],[-100.508252,20.078243],[-100.506067,20.078563],[-100.505594,20.0791],[-100.50421,20.077385],[-100.503229,20.077292],[-100.502859,20.077505],[-100.50327,20.078825],[-100.502168,20.08006],[-100.501817,20.082692],[-100.500939,20.08072],[-100.501752,20.078566],[-100.500454,20.076908],[-100.496025,20.076065],[-100.494511,20.07667],[-100.491923,20.075623],[-100.493452,20.075137],[-100.49356,20.072508],[-100.494677,20.073115],[-100.494489,20.074322],[-100.495442,20.073976],[-100.495169,20.072736],[-100.496218,20.072982],[-100.495718,20.071626],[-100.494315,20.070866],[-100.49554,20.07029],[-100.495771,20.069643],[-100.497648,20.070393],[-100.500579,20.069966],[-100.503259,20.068793],[-100.5055,20.066547],[-100.505242,20.06576],[-100.503643,20.066642],[-100.502572,20.06554],[-100.499003,20.063989],[-100.495182,20.063866],[-100.493176,20.065616],[-100.492878,20.062632],[-100.491595,20.061302],[-100.490251,20.058554],[-100.487024,20.057572],[-100.481722,20.053424],[-100.482221,20.053005],[-100.48182,20.052143],[-100.482726,20.051601],[-100.483507,20.05245],[-100.487964,20.054502],[-100.489078,20.054879],[-100.4897,20.054363],[-100.490686,20.054605],[-100.49128,20.054361],[-100.490693,20.053884],[-100.492488,20.051213],[-100.494458,20.054915],[-100.495146,20.055623],[-100.497157,20.056108],[-100.496832,20.055199],[-100.497407,20.052147],[-100.498626,20.052099],[-100.498826,20.05158],[-100.496854,20.048684],[-100.500619,20.050282],[-100.503052,20.047829],[-100.501007,20.044946],[-100.500827,20.040995],[-100.501412,20.040304],[-100.500914,20.038901],[-100.498979,20.038039],[-100.49767,20.03458],[-100.498679,20.031888],[-100.500133,20.030661],[-100.500779,20.028309],[-100.499127,20.027301],[-100.496157,20.028166],[-100.49394,20.027777],[-100.491645,20.025835],[-100.493366,20.023717],[-100.493964,20.023482],[-100.495462,20.025321],[-100.500208,20.025317],[-100.502642,20.027045],[-100.503233,20.026898],[-100.502289,20.030178],[-100.500426,20.031219],[-100.499818,20.032664],[-100.50267,20.035281],[-100.503681,20.036911],[-100.504917,20.03699],[-100.504866,20.038804],[-100.506236,20.039579],[-100.507079,20.041919],[-100.506863,20.049124],[-100.508571,20.050482],[-100.508755,20.050929],[-100.507871,20.051942],[-100.50848,20.05288],[-100.506625,20.052122],[-100.504593,20.053361],[-100.506471,20.054657],[-100.507078,20.054067],[-100.508014,20.05452],[-100.508738,20.056765],[-100.508286,20.058528],[-100.50639,20.059691],[-100.504345,20.060495],[-100.502151,20.060658],[-100.502341,20.061914],[-100.503081,20.062129],[-100.504985,20.061314],[-100.508278,20.059353],[-100.515626,20.05907],[-100.517101,20.058601],[-100.519435,20.058972],[-100.517904,20.059757],[-100.51958,20.061435],[-100.516082,20.061075],[-100.509374,20.063281],[-100.509946,20.064405],[-100.511952,20.06613],[-100.528419,20.073767],[-100.531993,20.072248],[-100.529028,20.076304],[-100.531201,20.078105],[-100.532715,20.07854],[-100.536274,20.077307],[-100.540931,20.077389],[-100.544802,20.076821],[-100.553455,20.073036],[-100.561653,20.073503],[-100.563901,20.07314],[-100.56374,20.072463],[-100.561702,20.070689],[-100.558405,20.068548],[-100.557473,20.066658],[-100.554569,20.06583],[-100.549404,20.065658],[-100.551451,20.063305],[-100.551558,20.062017],[-100.545018,20.062297],[-100.549481,20.060318],[-100.550905,20.059126],[-100.550741,20.05818],[-100.555612,20.059795],[-100.556081,20.060395],[-100.557411,20.060534],[-100.558374,20.059936],[-100.561405,20.062732],[-100.563463,20.060775],[-100.565929,20.061333],[-100.56646,20.060703],[-100.567048,20.0608],[-100.567441,20.060357],[-100.56662,20.05884],[-100.568347,20.058592],[-100.568615,20.057684],[-100.570772,20.057989],[-100.571048,20.056585],[-100.572136,20.057313],[-100.572796,20.056947],[-100.573525,20.058012],[-100.574645,20.057667],[-100.576266,20.05605],[-100.573774,20.054631],[-100.56967,20.053413],[-100.565752,20.054802],[-100.563677,20.054828],[-100.555043,20.05084],[-100.550916,20.050749],[-100.550656,20.050485],[-100.55186,20.049156],[-100.551562,20.048217],[-100.547276,20.045519],[-100.552686,20.044259],[-100.554789,20.038757],[-100.556947,20.035786],[-100.557311,20.038145],[-100.556635,20.040263],[-100.556365,20.045538],[-100.558856,20.047933],[-100.563644,20.049204],[-100.565025,20.049116],[-100.565357,20.046994],[-100.566633,20.045595],[-100.567865,20.041316],[-100.567919,20.039467],[-100.566969,20.035311],[-100.567984,20.032621],[-100.568293,20.032867],[-100.56764,20.03521],[-100.569812,20.040831],[-100.570386,20.04557],[-100.574812,20.048166],[-100.575893,20.019745],[-100.582546,20.020806],[-100.588486,20.008532],[-100.588634,20.007653],[-100.58789,20.00738],[-100.588284,20.004352],[-100.591153,20.001417],[-100.592989,20.000269],[-100.594337,20.000254],[-100.595931,19.998396],[-100.595828,19.997293],[-100.597071,19.993946],[-100.600529,19.986607],[-100.606124,19.982179],[-100.606189,19.981028],[-100.607906,19.978941],[-100.611688,19.971942],[-100.611864,19.970237],[-100.614282,19.964974],[-100.616034,19.959634],[-100.617573,19.957693],[-100.620635,19.956927],[-100.635413,19.958213],[-100.636988,19.957751],[-100.638791,19.958127],[-100.641103,19.957238],[-100.641853,19.957776],[-100.644203,19.957321],[-100.648869,19.958001],[-100.653801,19.959698],[-100.660381,19.964548],[-100.671818,19.958524],[-100.676516,19.952979],[-100.678278,19.951447],[-100.680648,19.950463],[-100.69496,19.947671],[-100.698008,19.945237],[-100.702663,19.943921],[-100.704294,19.942767],[-100.710067,19.942867],[-100.718817,19.940519],[-100.732807,19.930619],[-100.738748,19.923941],[-100.740187,19.920944],[-100.743713,19.916745],[-100.747149,19.91307],[-100.748753,19.91275],[-100.752596,19.916905],[-100.753504,19.917124],[-100.765169,19.915838],[-100.766966,19.91723],[-100.771997,19.917925],[-100.77421,19.915401],[-100.776851,19.914584],[-100.778814,19.91515],[-100.779529,19.915784],[-100.779348,19.916784],[-100.781131,19.9189],[-100.78087,19.92399],[-100.782932,19.929917],[-100.783685,19.936079],[-100.789233,19.942972],[-100.790668,19.945432],[-100.792064,19.955575],[-100.798737,19.957142],[-100.80094,19.958467],[-100.802209,19.95834],[-100.809212,19.965811],[-100.809649,19.967258],[-100.812385,19.971388],[-100.818941,19.974057],[-100.824301,19.978329],[-100.824969,19.977546],[-100.826674,19.977211],[-100.829957,19.97542],[-100.832585,19.9732],[-100.832869,19.972395],[-100.831284,19.962686],[-100.82997,19.959723],[-100.830227,19.954134],[-100.831815,19.951981],[-100.833975,19.947164],[-100.835762,19.934596],[-100.844712,19.934551],[-100.845685,19.935123],[-100.849418,19.935634],[-100.853666,19.934458],[-100.854524,19.934914],[-100.855052,19.935582],[-100.854708,19.939346],[-100.853736,19.939425],[-100.853727,19.940535],[-100.852939,19.941036],[-100.853013,19.941651],[-100.856232,19.942312],[-100.857231,19.943913],[-100.857213,19.946616],[-100.860286,19.948943],[-100.86389,19.948728],[-100.863729,19.947103],[-100.864201,19.946466],[-100.872704,19.944047],[-100.878257,19.94433],[-100.882613,19.943926],[-100.885569,19.946015],[-100.886174,19.947765],[-100.892444,19.950959],[-100.901586,19.959506],[-100.906011,19.961583],[-100.908911,19.962237],[-100.911098,19.961714],[-100.915923,19.957925],[-100.917691,19.958304],[-100.918393,19.957401],[-100.923652,19.958245],[-100.925113,19.957103],[-100.929791,19.956432],[-100.930707,19.955972],[-100.931481,19.954277],[-100.932582,19.953491],[-100.934962,19.955311],[-100.934986,19.956205],[-100.935716,19.956412],[-100.935628,19.957192],[-100.941638,19.959521],[-100.941659,19.960229],[-100.947539,19.962545],[-100.947043,19.950266],[-100.947879,19.933563],[-100.954855,19.930807],[-100.956062,19.930623],[-100.957153,19.931099],[-100.96108,19.930052],[-100.96441,19.928275],[-100.965711,19.928927],[-100.970547,19.929238],[-100.97184,19.929977],[-100.976616,19.935339],[-100.977806,19.938648],[-100.979368,19.952912],[-100.982037,19.953192],[-100.980791,19.955221],[-100.981985,19.956058],[-100.983786,19.956716],[-100.988772,19.956139],[-100.994268,19.95439],[-100.998071,19.954589],[-101.000886,19.952333],[-101.002276,19.952363],[-101.003443,19.953556],[-101.002549,19.955501],[-101.002795,19.956465],[-101.003906,19.956879],[-101.003781,19.957998],[-101.002218,19.962496],[-101.002676,19.965335],[-101.004505,19.965977],[-101.004583,19.96659],[-101.002662,19.968125],[-100.999087,19.969531],[-100.997199,19.972339],[-100.995188,19.973029],[-100.991748,19.975276],[-100.987843,19.978979],[-100.976709,19.982738],[-100.977438,19.985255],[-100.979529,19.985806],[-100.980482,19.987081],[-100.980656,19.988657],[-100.979494,19.991396],[-100.979269,19.993803],[-100.980089,19.995306],[-100.981697,19.996256],[-100.9834,19.996542],[-100.98372,19.99821],[-100.982701,20.002631],[-100.978661,20.003228],[-100.975272,20.003139],[-100.97278,20.002089],[-100.972013,20.003977],[-100.970423,20.004976],[-100.967861,20.004982],[-100.965998,20.005625],[-100.963482,20.004081],[-100.961067,20.00411],[-100.956557,20.006239],[-100.950711,20.006503],[-100.950114,20.017516],[-100.944401,20.018144],[-100.945852,20.024048],[-100.942499,20.02369],[-100.94197,20.024074],[-100.940642,20.026171],[-100.941676,20.028315],[-100.941385,20.028639],[-100.938355,20.028548],[-100.937932,20.027979],[-100.936284,20.02752],[-100.935227,20.027925],[-100.935145,20.028662],[-100.934559,20.028132],[-100.932242,20.027972],[-100.930687,20.028587],[-100.929197,20.027003],[-100.927842,20.028174],[-100.926687,20.027939],[-100.924408,20.028463],[-100.925212,20.032918],[-100.925466,20.03342],[-100.926768,20.033548],[-100.92666,20.034494],[-100.92566,20.034445],[-100.925418,20.036291],[-100.927788,20.035455],[-100.927822,20.037058],[-100.924545,20.036797],[-100.924304,20.039037],[-100.922191,20.038988],[-100.920676,20.051218],[-100.92011,20.052796],[-100.918456,20.054674],[-100.918482,20.055488],[-100.908248,20.05123],[-100.908319,20.051791],[-100.904165,20.054092],[-100.907096,20.057404],[-100.904953,20.058912],[-100.900362,20.057536],[-100.901142,20.060514],[-100.90516,20.062234],[-100.905723,20.063068],[-100.903418,20.067313],[-100.890658,20.057844],[-100.889966,20.058175],[-100.894015,20.064678],[-100.893854,20.068313],[-100.891662,20.075786],[-100.889845,20.075504],[-100.88758,20.079099],[-100.886056,20.08008],[-100.883881,20.080249],[-100.881034,20.081566],[-100.876772,20.081543],[-100.876006,20.08356],[-100.87454,20.08509],[-100.875596,20.085486],[-100.887232,20.084337],[-100.888481,20.086467],[-100.89237,20.08707],[-100.894078,20.088006],[-100.89562,20.090449],[-100.895615,20.091909],[-100.893754,20.097183],[-100.891368,20.100799],[-100.89452,20.102768],[-100.896709,20.109419],[-100.88828,20.123109],[-100.881627,20.1285],[-100.879562,20.128611],[-100.879609,20.127628],[-100.878035,20.127894],[-100.875955,20.127212],[-100.876173,20.128643],[-100.872621,20.128841],[-100.867559,20.128241],[-100.868695,20.12623],[-100.867987,20.126239],[-100.867796,20.125626],[-100.865945,20.12437],[-100.866657,20.124316],[-100.868705,20.122646],[-100.869541,20.123346],[-100.871211,20.123131],[-100.871302,20.122557],[-100.873859,20.122941],[-100.874952,20.120895],[-100.8744,20.1204],[-100.874689,20.119416],[-100.876607,20.118475],[-100.876028,20.117197],[-100.877475,20.116248],[-100.876774,20.114662],[-100.876278,20.114751],[-100.876016,20.113721],[-100.875234,20.113126],[-100.876245,20.112245],[-100.873893,20.11264],[-100.872625,20.109698],[-100.872081,20.109827],[-100.871374,20.106613],[-100.869516,20.106146],[-100.868209,20.104258],[-100.868805,20.104109],[-100.867435,20.103793],[-100.861776,20.118987],[-100.860884,20.119639],[-100.861225,20.120497],[-100.859312,20.125306],[-100.860549,20.126652],[-100.860361,20.127378],[-100.859202,20.125801],[-100.858056,20.125864],[-100.855919,20.126414],[-100.856389,20.126816],[-100.856064,20.127009],[-100.855306,20.126733],[-100.854613,20.127235],[-100.85353,20.126509],[-100.84801,20.129723],[-100.844897,20.129544],[-100.843643,20.128887],[-100.84263,20.130127],[-100.834512,20.134019],[-100.83706,20.141324],[-100.828928,20.146599],[-100.827728,20.140008],[-100.820274,20.141215],[-100.820503,20.1476],[-100.826492,20.149383],[-100.822123,20.15607],[-100.812564,20.159352],[-100.812123,20.161932],[-100.786223,20.170616],[-100.781731,20.173086],[-100.746101,20.176313],[-100.737587,20.178947],[-100.733873,20.181208],[-100.729366,20.170549],[-100.734399,20.167314],[-100.734444,20.165278],[-100.733506,20.161543],[-100.728431,20.163345],[-100.728023,20.162121],[-100.721676,20.1662],[-100.724804,20.168272],[-100.726573,20.183274],[-100.720884,20.185487],[-100.720236,20.188568],[-100.71383,20.19583],[-100.706887,20.194718],[-100.690357,20.209206],[-100.688092,20.211601],[-100.686446,20.21538],[-100.68018,20.225559],[-100.676718,20.228949],[-100.676116,20.228511]]]]}},{"type":"Feature","properties":{"cvegeo":"11027","cve_ent":"11","cve_mun":"027","nombre":"Salamanca"},"geometry":{"type":"MultiPolygon","crs":{"type":"name","properties":{"name":"EPSG:6365"}},"coordinates":[[[[-101.103141,20.866128],[-101.098488,20.865615],[-101.097316,20.866309],[-101.0949,20.865473],[-101.090024,20.864979],[-101.088347,20.865158],[-101.0876,20.865799],[-101.0872,20.865199],[-101.085502,20.864863],[-101.086681,20.860048],[-101.080693,20.858064],[-101.072118,20.843082],[-101.071465,20.839893],[-101.072659,20.82227],[-101.071727,20.821597],[-101.069419,20.817588],[-101.067206,20.815298],[-101.067075,20.813922],[-101.067223,20.812769],[-101.069386,20.810012],[-101.069576,20.808837],[-101.069044,20.806793],[-101.068008,20.805649],[-101.068372,20.804234],[-101.06997,20.803705],[-101.070123,20.802608],[-101.072627,20.800986],[-101.074777,20.802252],[-101.07708,20.801454],[-101.080555,20.801635],[-101.081358,20.799331],[-101.080506,20.797482],[-101.080835,20.796351],[-101.081847,20.795295],[-101.085327,20.796877],[-101.086693,20.795687],[-101.087549,20.793725],[-101.091997,20.789623],[-101.09324,20.787608],[-101.09376,20.786394],[-101.086634,20.787625],[-101.087905,20.784399],[-101.093683,20.776424],[-101.097977,20.771545],[-101.096104,20.764935],[-101.096948,20.763628],[-101.09693,20.761659],[-101.097992,20.761665],[-101.099122,20.762907],[-101.101521,20.762436],[-101.102401,20.760998],[-101.10529,20.760579],[-101.10499,20.762079],[-101.108672,20.762803],[-101.109181,20.761585],[-101.108003,20.759326],[-101.1093,20.758341],[-101.109278,20.757794],[-101.107766,20.756103],[-101.108317,20.755325],[-101.109705,20.754991],[-101.11329,20.757354],[-101.116296,20.756551],[-101.117238,20.757547],[-101.119032,20.757251],[-101.120045,20.75802],[-101.120502,20.75763],[-101.120097,20.75631],[-101.120111,20.751513],[-101.117835,20.747997],[-101.115924,20.746537],[-101.114764,20.746456],[-101.114467,20.745686],[-101.112621,20.745127],[-101.112237,20.744217],[-101.111409,20.743777],[-101.111341,20.742152],[-101.102749,20.742622],[-101.101268,20.735733],[-101.100299,20.734843],[-101.105649,20.731759],[-101.103696,20.729816],[-101.099929,20.729796],[-101.100574,20.722057],[-101.102527,20.721572],[-101.105357,20.718097],[-101.106349,20.717676],[-101.107606,20.715582],[-101.110363,20.715218],[-101.112711,20.711721],[-101.112213,20.710205],[-101.108803,20.709193],[-101.10647,20.71075],[-101.10468,20.709421],[-101.104004,20.708251],[-101.102875,20.707735],[-101.101949,20.709135],[-101.095119,20.708929],[-101.094093,20.709986],[-101.090064,20.708963],[-101.090847,20.707285],[-101.092077,20.706421],[-101.0913,20.705451],[-101.091882,20.704687],[-101.091841,20.703694],[-101.092495,20.703191],[-101.091936,20.700764],[-101.090566,20.700404],[-101.090168,20.699632],[-101.085758,20.700799],[-101.085287,20.701411],[-101.084627,20.701034],[-101.083867,20.701529],[-101.078464,20.701239],[-101.077705,20.70305],[-101.074143,20.70144],[-101.064485,20.688916],[-101.064266,20.676166],[-101.038104,20.674933],[-101.03307,20.667924],[-101.079295,20.671473],[-101.075053,20.66143],[-101.053943,20.663466],[-101.05239,20.65976],[-101.070003,20.654537],[-101.064697,20.640386],[-101.080762,20.639155],[-101.08001,20.635624],[-101.080165,20.634144],[-101.085869,20.632838],[-101.083347,20.621036],[-101.07048,20.619633],[-101.066443,20.599444],[-101.070854,20.598742],[-101.071075,20.598275],[-101.069195,20.598135],[-101.068452,20.592527],[-101.06757,20.591642],[-101.068208,20.590983],[-101.070481,20.590523],[-101.070266,20.588667],[-101.067861,20.588596],[-101.066971,20.58153],[-101.066333,20.581347],[-101.066754,20.580576],[-101.062942,20.563374],[-101.083601,20.563053],[-101.083084,20.564683],[-101.083627,20.565323],[-101.085558,20.564118],[-101.091648,20.565665],[-101.092919,20.566411],[-101.104006,20.577176],[-101.109012,20.576461],[-101.111883,20.562456],[-101.101389,20.560971],[-101.097437,20.561802],[-101.083563,20.561195],[-101.08173,20.556663],[-101.07765,20.551253],[-101.078281,20.541372],[-101.083751,20.542019],[-101.08412,20.530671],[-101.085584,20.531229],[-101.085708,20.5225],[-101.085291,20.522096],[-101.078642,20.524134],[-101.076367,20.524285],[-101.072754,20.523649],[-101.070759,20.521722],[-101.070201,20.519849],[-101.07151,20.516645],[-101.071019,20.514442],[-101.066337,20.512042],[-101.064179,20.508935],[-101.060055,20.508095],[-101.058804,20.507289],[-101.054363,20.50848],[-101.049356,20.507244],[-101.047532,20.507929],[-101.045436,20.507847],[-101.042371,20.510652],[-101.039096,20.509945],[-101.044066,20.480462],[-101.044133,20.464887],[-101.047413,20.462749],[-101.047066,20.461517],[-101.04437,20.462501],[-101.044598,20.460303],[-101.046216,20.459876],[-101.046213,20.458979],[-101.04614,20.457602],[-101.044222,20.457493],[-101.044002,20.451593],[-101.051486,20.451948],[-101.05426,20.448634],[-101.060975,20.45073],[-101.062136,20.453039],[-101.070272,20.454177],[-101.073949,20.437085],[-101.079039,20.436889],[-101.079518,20.437757],[-101.080884,20.438548],[-101.081765,20.44088],[-101.084578,20.444714],[-101.091224,20.43905],[-101.098263,20.442854],[-101.098359,20.445208],[-101.099166,20.445779],[-101.099519,20.446983],[-101.101707,20.448057],[-101.101961,20.45051],[-101.099993,20.452694],[-101.100877,20.454235],[-101.100522,20.45659],[-101.102109,20.456617],[-101.10271,20.457574],[-101.101362,20.458847],[-101.101271,20.461802],[-101.105346,20.46234],[-101.109459,20.463707],[-101.110318,20.465263],[-101.112563,20.466327],[-101.113542,20.467761],[-101.114498,20.468255],[-101.113914,20.471078],[-101.113144,20.472182],[-101.113447,20.47316],[-101.114513,20.473679],[-101.115136,20.475035],[-101.117531,20.474912],[-101.118691,20.475418],[-101.12316,20.482279],[-101.124866,20.483718],[-101.124936,20.485628],[-101.127917,20.488026],[-101.128114,20.489889],[-101.13123,20.489851],[-101.132008,20.488531],[-101.133166,20.487758],[-101.136542,20.486367],[-101.138876,20.483609],[-101.139113,20.482865],[-101.138327,20.480381],[-101.138614,20.478713],[-101.137553,20.475918],[-101.13807,20.474739],[-101.139194,20.47423],[-101.141316,20.474247],[-101.141678,20.47486],[-101.141401,20.476811],[-101.142651,20.477206],[-101.144531,20.476773],[-101.145247,20.47839],[-101.146929,20.479799],[-101.14916,20.478622],[-101.150434,20.480597],[-101.151821,20.478168],[-101.153297,20.477888],[-101.155607,20.481323],[-101.155341,20.483175],[-101.156601,20.48492],[-101.157382,20.484453],[-101.166875,20.484187],[-101.181855,20.477897],[-101.182763,20.476784],[-101.182902,20.475662],[-101.182833,20.473915],[-101.18246,20.473776],[-101.182556,20.468006],[-101.201578,20.471082],[-101.210971,20.469536],[-101.211052,20.467369],[-101.212967,20.464383],[-101.216687,20.461367],[-101.219643,20.460148],[-101.220044,20.459025],[-101.22113,20.458982],[-101.225062,20.456748],[-101.225593,20.45538],[-101.226739,20.455829],[-101.231594,20.460502],[-101.232861,20.457105],[-101.233327,20.451837],[-101.234344,20.451541],[-101.23428,20.450691],[-101.239666,20.451902],[-101.239968,20.453308],[-101.236869,20.455154],[-101.236246,20.457806],[-101.235511,20.457861],[-101.23602,20.461538],[-101.245226,20.460998],[-101.24405,20.464593],[-101.246256,20.478828],[-101.248411,20.480292],[-101.252222,20.48043],[-101.252195,20.475588],[-101.253401,20.475386],[-101.253487,20.47711],[-101.255763,20.476721],[-101.255916,20.481238],[-101.259283,20.49143],[-101.259677,20.49468],[-101.263843,20.495751],[-101.264703,20.496606],[-101.273392,20.497011],[-101.278344,20.502356],[-101.281513,20.502321],[-101.295177,20.496523],[-101.295494,20.497488],[-101.294225,20.49705],[-101.294103,20.498052],[-101.295208,20.498234],[-101.294292,20.499644],[-101.293767,20.499638],[-101.294268,20.501927],[-101.293805,20.508427],[-101.292641,20.509149],[-101.289905,20.508608],[-101.291079,20.51067],[-101.291963,20.515217],[-101.290928,20.516298],[-101.285552,20.519284],[-101.283445,20.523506],[-101.283568,20.53076],[-101.281468,20.531265],[-101.281895,20.532656],[-101.292509,20.533666],[-101.294582,20.532464],[-101.295574,20.534631],[-101.296851,20.533714],[-101.298635,20.534623],[-101.302836,20.533113],[-101.305884,20.531309],[-101.306787,20.529988],[-101.30601,20.527845],[-101.306567,20.527314],[-101.309349,20.526012],[-101.310541,20.526588],[-101.310705,20.52747],[-101.309674,20.530845],[-101.309775,20.53513],[-101.308638,20.538324],[-101.310321,20.539503],[-101.313393,20.539392],[-101.313057,20.548561],[-101.30632,20.551046],[-101.306243,20.558741],[-101.305125,20.561435],[-101.300125,20.561208],[-101.300487,20.565706],[-101.302697,20.575402],[-101.302896,20.580008],[-101.311979,20.579962],[-101.311084,20.585838],[-101.305425,20.585409],[-101.29996,20.591922],[-101.292556,20.590774],[-101.276321,20.589409],[-101.276315,20.597744],[-101.264044,20.595532],[-101.263423,20.598226],[-101.265842,20.59964],[-101.265903,20.600455],[-101.267583,20.601869],[-101.268656,20.601951],[-101.269004,20.602753],[-101.268779,20.616637],[-101.267959,20.624197],[-101.265508,20.626843],[-101.2625,20.625164],[-101.258884,20.635986],[-101.263774,20.63941],[-101.265083,20.638099],[-101.267393,20.638521],[-101.262627,20.661226],[-101.275192,20.664185],[-101.275231,20.667528],[-101.277485,20.668051],[-101.277536,20.668963],[-101.276104,20.670024],[-101.276734,20.671835],[-101.275246,20.673494],[-101.275497,20.674683],[-101.274563,20.676421],[-101.27517,20.677358],[-101.274543,20.679927],[-101.270269,20.683396],[-101.267095,20.684023],[-101.26586,20.685514],[-101.265741,20.686448],[-101.26795,20.68943],[-101.267011,20.690955],[-101.265719,20.691494],[-101.265169,20.6924],[-101.265359,20.695212],[-101.266312,20.697379],[-101.266921,20.697734],[-101.265809,20.699066],[-101.265168,20.701225],[-101.260121,20.702338],[-101.2607,20.700146],[-101.258671,20.698993],[-101.258181,20.699539],[-101.257159,20.705138],[-101.255201,20.709844],[-101.251417,20.707956],[-101.251939,20.712052],[-101.251584,20.718415],[-101.252327,20.718579],[-101.250681,20.721915],[-101.249139,20.723062],[-101.246319,20.721968],[-101.242563,20.722726],[-101.240692,20.72262],[-101.239657,20.722003],[-101.238294,20.722359],[-101.237919,20.723579],[-101.233488,20.725601],[-101.233154,20.726834],[-101.230837,20.729069],[-101.22992,20.73112],[-101.226775,20.73507],[-101.226739,20.736126],[-101.224553,20.738583],[-101.225019,20.7395],[-101.222135,20.741754],[-101.224062,20.748515],[-101.223033,20.751761],[-101.21713,20.749544],[-101.214806,20.751666],[-101.212457,20.755762],[-101.210874,20.75719],[-101.209337,20.757491],[-101.204971,20.756761],[-101.202126,20.758552],[-101.198842,20.75859],[-101.198663,20.758054],[-101.202745,20.757117],[-101.202468,20.755878],[-101.197556,20.753809],[-101.1907,20.752802],[-101.190711,20.753714],[-101.186753,20.753852],[-101.186573,20.769098],[-101.18826,20.768937],[-101.188213,20.770136],[-101.185705,20.774965],[-101.185702,20.775715],[-101.186268,20.776125],[-101.182009,20.77814],[-101.181772,20.777507],[-101.180842,20.777692],[-101.179861,20.778471],[-101.179523,20.780217],[-101.17772,20.781426],[-101.174857,20.782335],[-101.173723,20.782078],[-101.172823,20.783456],[-101.171016,20.78343],[-101.154457,20.818638],[-101.151437,20.823012],[-101.146323,20.82777],[-101.145784,20.833329],[-101.146748,20.834486],[-101.141689,20.847754],[-101.128977,20.855462],[-101.127198,20.857235],[-101.126518,20.859046],[-101.125082,20.85993],[-101.124721,20.861142],[-101.121291,20.864174],[-101.116273,20.865378],[-101.113009,20.864596],[-101.110729,20.864624],[-101.1093,20.865465],[-101.107399,20.8653],[-101.103843,20.866888],[-101.103141,20.866128]]]]}},{"type":"Feature","properties":{"cvegeo":"11026","cve_ent":"11","cve_mun":"026","nombre":"Romita"},"geometry":{"type":"MultiPolygon","crs":{"type":"name","properties":{"name":"EPSG:6365"}},"coordinates":[[[[-101.560692,20.944288],[-101.54095,20.942265],[-101.53439,20.940924],[-101.519167,20.939183],[-101.520644,20.933111],[-101.519613,20.917811],[-101.498778,20.916038],[-101.498663,20.914082],[-101.500026,20.914144],[-101.499982,20.912964],[-101.507424,20.913524],[-101.507699,20.913032],[-101.507651,20.912184],[-101.501516,20.911685],[-101.501464,20.909479],[-101.500213,20.909329],[-101.500146,20.906631],[-101.499447,20.906603],[-101.499108,20.901201],[-101.49955,20.891094],[-101.497695,20.890993],[-101.498102,20.874216],[-101.497757,20.87419],[-101.49754,20.869456],[-101.497906,20.866944],[-101.507375,20.867012],[-101.50851,20.866544],[-101.508355,20.863571],[-101.507828,20.863575],[-101.507721,20.861933],[-101.504267,20.861918],[-101.502768,20.859788],[-101.501593,20.859872],[-101.50443,20.851388],[-101.50094,20.851547],[-101.459893,20.847457],[-101.46173,20.83431],[-101.463102,20.830229],[-101.462748,20.830166],[-101.463859,20.824763],[-101.464348,20.824702],[-101.464031,20.821834],[-101.461176,20.811945],[-101.460108,20.811389],[-101.459748,20.808391],[-101.460091,20.805858],[-101.454703,20.799033],[-101.452638,20.794488],[-101.478438,20.786019],[-101.478816,20.784327],[-101.485952,20.784028],[-101.486051,20.781167],[-101.495487,20.779483],[-101.504054,20.770745],[-101.505469,20.770451],[-101.505068,20.769653],[-101.508188,20.759656],[-101.510816,20.759334],[-101.52664,20.748908],[-101.557361,20.759793],[-101.55734,20.742812],[-101.567042,20.740812],[-101.569536,20.751665],[-101.570544,20.753771],[-101.589208,20.75481],[-101.591529,20.758133],[-101.592934,20.761742],[-101.587024,20.763697],[-101.594458,20.774522],[-101.597304,20.776267],[-101.600506,20.776791],[-101.60217,20.776475],[-101.612294,20.770969],[-101.626062,20.765942],[-101.633773,20.762036],[-101.633612,20.761565],[-101.639052,20.757148],[-101.641057,20.750038],[-101.643317,20.749183],[-101.64469,20.747725],[-101.645232,20.743502],[-101.641289,20.737898],[-101.638625,20.731285],[-101.638761,20.725691],[-101.637582,20.722576],[-101.627775,20.722707],[-101.625744,20.721386],[-101.62376,20.721213],[-101.624142,20.718905],[-101.624863,20.718536],[-101.626911,20.713172],[-101.626983,20.710374],[-101.62598,20.709433],[-101.631033,20.709486],[-101.635493,20.710172],[-101.635677,20.707843],[-101.635156,20.706557],[-101.635736,20.706621],[-101.637128,20.694719],[-101.639114,20.693915],[-101.640374,20.69207],[-101.644075,20.691228],[-101.645796,20.687773],[-101.646507,20.687429],[-101.648035,20.687824],[-101.649279,20.688922],[-101.652971,20.689878],[-101.655564,20.691459],[-101.658685,20.690272],[-101.661994,20.690082],[-101.662985,20.691819],[-101.664679,20.692147],[-101.666293,20.690545],[-101.66722,20.690268],[-101.670641,20.691158],[-101.673771,20.691008],[-101.676015,20.691565],[-101.677228,20.691255],[-101.6781,20.692094],[-101.679926,20.691928],[-101.683228,20.692894],[-101.685005,20.69281],[-101.686911,20.693697],[-101.689506,20.693772],[-101.690671,20.696049],[-101.691016,20.697982],[-101.690859,20.70036],[-101.68993,20.703284],[-101.689936,20.704963],[-101.690924,20.708028],[-101.690874,20.710407],[-101.692296,20.713046],[-101.695053,20.714854],[-101.695116,20.715225],[-101.694228,20.715464],[-101.69342,20.717618],[-101.695619,20.718351],[-101.697792,20.720963],[-101.698744,20.720727],[-101.699345,20.721443],[-101.698123,20.723115],[-101.698825,20.724349],[-101.699991,20.724824],[-101.700178,20.727595],[-101.701479,20.72773],[-101.700868,20.728258],[-101.701258,20.729086],[-101.700873,20.729728],[-101.700062,20.730041],[-101.69857,20.732543],[-101.696756,20.732716],[-101.697716,20.736073],[-101.69608,20.736242],[-101.695331,20.737186],[-101.69437,20.737299],[-101.694417,20.738481],[-101.693807,20.7386],[-101.695666,20.739671],[-101.695342,20.740755],[-101.696588,20.742976],[-101.696227,20.745056],[-101.693697,20.747382],[-101.694362,20.749011],[-101.688802,20.752354],[-101.689077,20.759828],[-101.688461,20.76866],[-101.686176,20.769721],[-101.68309,20.769795],[-101.683132,20.770196],[-101.678106,20.770927],[-101.682157,20.781986],[-101.682589,20.789163],[-101.687754,20.789237],[-101.691866,20.784989],[-101.694123,20.784005],[-101.69425,20.784563],[-101.696421,20.784742],[-101.6971,20.784438],[-101.708102,20.78533],[-101.708057,20.78494],[-101.711488,20.78515],[-101.712,20.788256],[-101.718673,20.788432],[-101.718662,20.787036],[-101.7206,20.787184],[-101.720654,20.785797],[-101.723048,20.786062],[-101.723786,20.784622],[-101.725597,20.785493],[-101.727233,20.784884],[-101.727376,20.786502],[-101.728794,20.786075],[-101.731166,20.783784],[-101.732596,20.779012],[-101.742541,20.77938],[-101.742853,20.78027],[-101.744392,20.781116],[-101.744211,20.781481],[-101.74745,20.782395],[-101.747959,20.78424],[-101.746675,20.786144],[-101.746154,20.786027],[-101.744804,20.787377],[-101.744231,20.786849],[-101.743423,20.788342],[-101.742825,20.788333],[-101.741244,20.789707],[-101.740574,20.793095],[-101.738109,20.792723],[-101.737778,20.793689],[-101.734914,20.793629],[-101.734845,20.794869],[-101.723212,20.795578],[-101.721352,20.797692],[-101.719575,20.79796],[-101.718132,20.80195],[-101.717243,20.802843],[-101.713729,20.803884],[-101.709514,20.804318],[-101.70478,20.804074],[-101.705444,20.804778],[-101.703276,20.809998],[-101.708662,20.810573],[-101.705187,20.831807],[-101.704563,20.839355],[-101.697022,20.893972],[-101.688543,20.893019],[-101.695954,20.874955],[-101.691451,20.865142],[-101.689446,20.864598],[-101.688287,20.866667],[-101.687744,20.866476],[-101.685774,20.870547],[-101.680798,20.876968],[-101.675804,20.884655],[-101.671797,20.886165],[-101.669093,20.886204],[-101.668494,20.885321],[-101.669415,20.882506],[-101.668416,20.881825],[-101.665517,20.88212],[-101.665113,20.884972],[-101.67006,20.890756],[-101.666119,20.894325],[-101.666668,20.894427],[-101.666503,20.895339],[-101.667206,20.895509],[-101.664104,20.89841],[-101.661941,20.897951],[-101.646623,20.891469],[-101.641374,20.929055],[-101.595135,20.925423],[-101.592312,20.937821],[-101.593652,20.937703],[-101.588728,20.93846],[-101.589468,20.924208],[-101.580299,20.921852],[-101.581498,20.917315],[-101.586222,20.908278],[-101.567482,20.905219],[-101.566411,20.910342],[-101.565142,20.921464],[-101.56397,20.921355],[-101.561328,20.944346],[-101.560692,20.944288]]]]}},{"type":"Feature","properties":{"cvegeo":"11014","cve_ent":"11","cve_mun":"014","nombre":"Dolores Hidalgo Cuna de la Independencia Nacional"},"geometry":{"type":"MultiPolygon","crs":{"type":"name","properties":{"name":"EPSG:6365"}},"coordinates":[[[[-100.997664,21.349795],[-100.994299,21.347898],[-100.993381,21.346017],[-100.994142,21.345402],[-100.994548,21.344021],[-100.993202,21.342302],[-100.992685,21.340402],[-100.988649,21.336241],[-100.974916,21.318395],[-100.974779,21.317597],[-100.977015,21.316132],[-100.975754,21.314367],[-100.970766,21.311852],[-100.966222,21.310958],[-100.965009,21.309276],[-100.961549,21.306597],[-100.957064,21.305526],[-100.957133,21.306053],[-100.955914,21.306388],[-100.954611,21.305332],[-100.946252,21.305341],[-100.938268,21.308311],[-100.930719,21.310061],[-100.924686,21.312273],[-100.916878,21.317238],[-100.916865,21.317785],[-100.921479,21.32306],[-100.925336,21.330768],[-100.923234,21.339159],[-100.923421,21.341084],[-100.90866,21.339933],[-100.908454,21.342298],[-100.90337,21.341827],[-100.901757,21.331698],[-100.89979,21.324057],[-100.893599,21.323276],[-100.893964,21.325433],[-100.879216,21.323834],[-100.872518,21.324398],[-100.871678,21.32463],[-100.873034,21.331374],[-100.858669,21.33436],[-100.857756,21.332623],[-100.856245,21.332016],[-100.85715,21.327101],[-100.855197,21.326159],[-100.853458,21.322609],[-100.85159,21.320863],[-100.850478,21.320446],[-100.84763,21.323618],[-100.838601,21.327859],[-100.835274,21.32652],[-100.835004,21.326849],[-100.832143,21.324718],[-100.8296,21.323895],[-100.828581,21.321905],[-100.828833,21.320989],[-100.830176,21.320534],[-100.830137,21.317884],[-100.828945,21.317754],[-100.829422,21.317336],[-100.827637,21.315995],[-100.82577,21.315679],[-100.824883,21.316236],[-100.824365,21.314994],[-100.820098,21.317476],[-100.818667,21.317363],[-100.820337,21.321033],[-100.822692,21.3214],[-100.821456,21.322589],[-100.82171,21.323882],[-100.818071,21.325795],[-100.813056,21.32156],[-100.812999,21.319839],[-100.806609,21.319376],[-100.803773,21.325922],[-100.800491,21.325144],[-100.798736,21.321984],[-100.798641,21.322442],[-100.798463,21.321404],[-100.796813,21.32203],[-100.798312,21.316502],[-100.789836,21.320885],[-100.783224,21.325683],[-100.778717,21.327762],[-100.769119,21.336021],[-100.759272,21.332014],[-100.763299,21.329094],[-100.765573,21.328554],[-100.766715,21.32651],[-100.767908,21.326122],[-100.7677,21.321984],[-100.766442,21.319978],[-100.76567,21.319417],[-100.761161,21.321522],[-100.758309,21.318461],[-100.748594,21.318992],[-100.743001,21.315738],[-100.743422,21.315332],[-100.742685,21.314323],[-100.739624,21.311766],[-100.741359,21.31022],[-100.738942,21.301649],[-100.732661,21.29433],[-100.732043,21.294482],[-100.732447,21.295271],[-100.7309,21.296443],[-100.729493,21.2943],[-100.727648,21.294938],[-100.728396,21.296183],[-100.72569,21.295668],[-100.721418,21.297874],[-100.719865,21.295189],[-100.718739,21.295719],[-100.716486,21.292377],[-100.717791,21.291398],[-100.717375,21.290702],[-100.718913,21.289959],[-100.718518,21.288142],[-100.718148,21.288381],[-100.713869,21.281903],[-100.716612,21.278908],[-100.696694,21.263801],[-100.687568,21.256204],[-100.687235,21.256757],[-100.676165,21.246462],[-100.655814,21.233466],[-100.662458,21.21961],[-100.665924,21.220429],[-100.663188,21.206088],[-100.668112,21.204551],[-100.672949,21.204565],[-100.671649,21.199328],[-100.681684,21.198203],[-100.681715,21.197644],[-100.693052,21.196011],[-100.693299,21.193759],[-100.692835,21.192742],[-100.69467,21.192556],[-100.694419,21.191562],[-100.692147,21.191627],[-100.690992,21.187956],[-100.690341,21.18792],[-100.690397,21.185707],[-100.687872,21.185641],[-100.687892,21.183692],[-100.686956,21.183412],[-100.682249,21.162652],[-100.673253,21.159659],[-100.670382,21.160501],[-100.667991,21.150207],[-100.674038,21.148069],[-100.672865,21.130663],[-100.669924,21.130171],[-100.669977,21.130898],[-100.661677,21.138101],[-100.656418,21.133602],[-100.657864,21.131996],[-100.654225,21.129208],[-100.653783,21.129598],[-100.648648,21.125513],[-100.647485,21.127977],[-100.642274,21.126694],[-100.643084,21.120864],[-100.643609,21.12089],[-100.643762,21.120389],[-100.640293,21.117665],[-100.636053,21.117025],[-100.636666,21.115134],[-100.636135,21.114633],[-100.636585,21.108801],[-100.64411,21.108825],[-100.673879,21.105699],[-100.681606,21.105748],[-100.689436,21.105],[-100.700162,21.105989],[-100.703261,21.105231],[-100.709437,21.102458],[-100.719003,21.102389],[-100.728638,21.101186],[-100.735015,21.098249],[-100.750712,21.094286],[-100.752761,21.09338],[-100.756021,21.093651],[-100.76499,21.090802],[-100.777834,21.09096],[-100.782388,21.089983],[-100.787643,21.092304],[-100.791714,21.079718],[-100.799148,21.074526],[-100.805741,21.069251],[-100.805486,21.06904],[-100.806696,21.067927],[-100.80951,21.066145],[-100.811527,21.062999],[-100.812197,21.059991],[-100.81379,21.060341],[-100.815424,21.058856],[-100.8212,21.061425],[-100.824801,21.065508],[-100.83195,21.070226],[-100.840333,21.071065],[-100.844329,21.069661],[-100.853243,21.067673],[-100.854376,21.066076],[-100.854121,21.064534],[-100.853321,21.063578],[-100.853555,21.060316],[-100.853213,21.058574],[-100.851894,21.056126],[-100.8521,21.053271],[-100.850811,21.05051],[-100.851402,21.048989],[-100.84998,21.046877],[-100.847932,21.039357],[-100.846254,21.02815],[-100.838694,21.019139],[-100.852918,21.017873],[-100.85475,21.018636],[-100.85619,21.017291],[-100.857003,21.017454],[-100.863442,21.01183],[-100.868114,21.011421],[-100.883496,21.021142],[-100.885648,21.023803],[-100.889083,21.025337],[-100.886001,21.019232],[-100.885518,21.014461],[-100.88332,21.010198],[-100.891306,21.011601],[-100.891506,21.00898],[-100.892991,21.008947],[-100.894139,21.008122],[-100.894897,21.008793],[-100.898916,21.010033],[-100.8984,21.003507],[-100.910063,21.005859],[-100.909335,21.004414],[-100.909559,21.003535],[-100.910339,21.003533],[-100.910356,20.999377],[-100.910003,20.998084],[-100.909278,20.997839],[-100.90947,20.996599],[-100.910319,20.996717],[-100.910369,20.992089],[-100.908985,20.991657],[-100.907979,20.990272],[-100.904753,20.98935],[-100.904342,20.987596],[-100.90342,20.986699],[-100.898579,20.98453],[-100.897767,20.981989],[-100.897845,20.981445],[-100.899395,20.981741],[-100.899162,20.979881],[-100.900145,20.977804],[-100.903934,20.979024],[-100.904108,20.978159],[-100.902546,20.977608],[-100.903111,20.976053],[-100.901323,20.976168],[-100.901602,20.975177],[-100.903773,20.974362],[-100.918034,20.986588],[-100.923668,20.992506],[-100.924657,20.98223],[-100.922445,20.962259],[-100.92603,20.961139],[-100.925889,20.960617],[-100.93033,20.960747],[-100.932185,20.959537],[-100.934861,20.959445],[-100.937302,20.956324],[-100.93641,20.951359],[-100.940709,20.950015],[-100.940063,20.9482],[-100.940539,20.947043],[-100.941402,20.947098],[-100.941781,20.946102],[-100.940853,20.945091],[-100.941208,20.944633],[-100.941703,20.944715],[-100.94227,20.946043],[-100.942333,20.945174],[-100.94414,20.945654],[-100.944811,20.945094],[-100.950367,20.946182],[-100.951841,20.947235],[-100.952588,20.948756],[-100.95386,20.949093],[-100.955755,20.950733],[-100.958347,20.951716],[-100.960793,20.951533],[-100.9613,20.951901],[-100.962008,20.951369],[-100.961586,20.950344],[-100.962748,20.949416],[-100.96199,20.946568],[-100.963286,20.945045],[-100.962316,20.943372],[-100.962638,20.943166],[-100.963405,20.944116],[-100.964771,20.94393],[-100.966763,20.946745],[-100.967036,20.945927],[-100.968925,20.944191],[-100.96798,20.942881],[-100.969883,20.942132],[-100.969459,20.945453],[-100.970941,20.944583],[-100.971923,20.942391],[-100.971174,20.941686],[-100.971886,20.940019],[-100.969832,20.938018],[-100.969478,20.936422],[-100.971136,20.93562],[-100.970456,20.935527],[-100.969648,20.934472],[-100.967415,20.934493],[-100.96658,20.935571],[-100.964878,20.935058],[-100.969079,20.932522],[-100.971573,20.932154],[-100.969231,20.930687],[-100.969852,20.928617],[-100.969604,20.927593],[-100.973991,20.927439],[-100.975613,20.929106],[-100.977058,20.928478],[-100.977648,20.927582],[-100.979522,20.9279],[-100.980734,20.926878],[-100.981066,20.927699],[-100.982483,20.92801],[-100.983946,20.921783],[-100.984587,20.921478],[-100.984654,20.920939],[-100.983967,20.920549],[-100.984793,20.917624],[-100.986859,20.91757],[-100.993577,20.921226],[-100.99839,20.915272],[-101.014576,20.898596],[-101.029102,20.885647],[-101.040798,20.878544],[-101.051955,20.87395],[-101.064883,20.870624],[-101.069486,20.867491],[-101.071794,20.868409],[-101.074895,20.866965],[-101.077642,20.865196],[-101.077855,20.86443],[-101.081409,20.862388],[-101.081866,20.861039],[-101.082998,20.85987],[-101.086681,20.860048],[-101.085502,20.864863],[-101.0872,20.865199],[-101.0876,20.865799],[-101.088963,20.865091],[-101.089164,20.867593],[-101.09224,20.869449],[-101.091898,20.871007],[-101.088699,20.872387],[-101.087911,20.873381],[-101.097278,20.899217],[-101.093114,20.901691],[-101.093752,20.905208],[-101.091315,20.905975],[-101.09496,20.906423],[-101.09462,20.907909],[-101.099488,20.90791],[-101.100449,20.910354],[-101.096074,20.909824],[-101.099279,20.913173],[-101.101198,20.918885],[-101.105994,20.927784],[-101.107065,20.92869],[-101.107407,20.929965],[-101.104557,20.931527],[-101.105676,20.932412],[-101.122615,20.932214],[-101.122525,20.93908],[-101.122049,20.939748],[-101.1211,20.939759],[-101.121035,20.940359],[-101.108998,20.941745],[-101.112854,20.953451],[-101.104742,20.956089],[-101.073913,20.962934],[-101.06855,20.969192],[-101.057163,20.979334],[-101.0646,20.982738],[-101.067196,20.985188],[-101.068141,20.987136],[-101.068889,20.987375],[-101.06665,20.987651],[-101.066157,20.988392],[-101.068421,20.988811],[-101.071538,20.988484],[-101.073461,20.990094],[-101.075524,20.990429],[-101.077507,20.989982],[-101.077712,20.990993],[-101.078597,20.991188],[-101.079117,20.993294],[-101.079813,20.993998],[-101.080726,20.993845],[-101.082741,20.994842],[-101.084458,20.994687],[-101.083986,20.994898],[-101.084978,20.995521],[-101.084059,20.996874],[-101.083398,20.996736],[-101.084581,20.998349],[-101.084262,20.998089],[-101.083358,20.998625],[-101.081775,20.997922],[-101.082217,20.99951],[-101.083831,21.00103],[-101.082753,21.004755],[-101.105101,21.011449],[-101.105209,21.011987],[-101.103684,21.012679],[-101.107835,21.013456],[-101.115434,21.012025],[-101.117927,21.010673],[-101.118978,21.01178],[-101.120727,21.01191],[-101.122188,21.010756],[-101.123474,21.010487],[-101.124291,21.009341],[-101.126819,21.007593],[-101.13561,21.015527],[-101.133544,21.020542],[-101.132326,21.020669],[-101.131816,21.021852],[-101.134842,21.026263],[-101.13958,21.030717],[-101.144107,21.03879],[-101.145993,21.045548],[-101.137381,21.050285],[-101.133029,21.048324],[-101.130422,21.051806],[-101.128894,21.052641],[-101.1247,21.051585],[-101.122677,21.053626],[-101.123569,21.061582],[-101.122157,21.062663],[-101.120912,21.062821],[-101.126904,21.066958],[-101.125801,21.067834],[-101.125493,21.069763],[-101.127854,21.071972],[-101.130128,21.073685],[-101.133017,21.074819],[-101.13671,21.077978],[-101.13779,21.078226],[-101.137374,21.080417],[-101.135913,21.081222],[-101.129992,21.081022],[-101.12655,21.086619],[-101.127539,21.087238],[-101.130336,21.087602],[-101.130768,21.088684],[-101.130644,21.089322],[-101.129794,21.089742],[-101.12745,21.089825],[-101.125291,21.091212],[-101.125716,21.092403],[-101.124005,21.094508],[-101.125329,21.096761],[-101.124818,21.098548],[-101.125986,21.099242],[-101.125854,21.103101],[-101.123968,21.10473],[-101.122897,21.10472],[-101.124137,21.106812],[-101.120133,21.10857],[-101.12109,21.11155],[-101.118165,21.113582],[-101.120405,21.117532],[-101.121214,21.117221],[-101.119689,21.119784],[-101.119715,21.122658],[-101.117396,21.126208],[-101.115622,21.125835],[-101.115038,21.127119],[-101.11347,21.126807],[-101.108931,21.128727],[-101.109029,21.130201],[-101.110028,21.130782],[-101.109768,21.131487],[-101.110346,21.132728],[-101.10868,21.134749],[-101.108995,21.136493],[-101.107788,21.137355],[-101.107676,21.139008],[-101.108182,21.13977],[-101.106606,21.140053],[-101.106406,21.146042],[-101.10892,21.148469],[-101.110593,21.147708],[-101.111704,21.148044],[-101.11227,21.146752],[-101.113813,21.146185],[-101.116519,21.148305],[-101.116721,21.148731],[-101.115612,21.149056],[-101.116591,21.151648],[-101.121328,21.155372],[-101.127629,21.156985],[-101.130639,21.157051],[-101.13618,21.154212],[-101.139153,21.153599],[-101.139538,21.153725],[-101.140452,21.157328],[-101.147345,21.158552],[-101.140629,21.17401],[-101.152689,21.173807],[-101.15277,21.188191],[-101.171215,21.186833],[-101.176407,21.199729],[-101.171058,21.200432],[-101.172789,21.207007],[-101.173172,21.211417],[-101.200789,21.204717],[-101.203877,21.207644],[-101.196223,21.219757],[-101.196263,21.220404],[-101.194037,21.221981],[-101.193247,21.225379],[-101.193739,21.226328],[-101.193468,21.22785],[-101.191173,21.230663],[-101.189382,21.230852],[-101.188035,21.230378],[-101.184786,21.233509],[-101.169603,21.235025],[-101.156643,21.238341],[-101.151966,21.238743],[-101.10568,21.257868],[-101.105372,21.273981],[-101.101948,21.2828],[-101.100401,21.285267],[-101.100206,21.286608],[-101.101737,21.289525],[-101.102938,21.293721],[-101.104668,21.294457],[-101.107519,21.293384],[-101.109315,21.293609],[-101.110178,21.29462],[-101.110459,21.296366],[-101.111471,21.298099],[-101.109287,21.298995],[-101.105903,21.303905],[-101.10639,21.305747],[-101.105235,21.309177],[-101.105514,21.310564],[-101.104326,21.310491],[-101.102797,21.311739],[-101.102233,21.312736],[-101.102208,21.314685],[-101.10028,21.316461],[-101.098881,21.316778],[-101.098282,21.318192],[-101.0952,21.318299],[-101.094053,21.317457],[-101.083379,21.313945],[-101.081932,21.3127],[-101.087045,21.280472],[-101.071854,21.277854],[-101.054362,21.287473],[-101.05118,21.288593],[-101.04945,21.318427],[-101.048047,21.320755],[-101.047769,21.324793],[-101.046328,21.32611],[-101.046397,21.326782],[-101.027601,21.324095],[-101.019464,21.321038],[-101.017493,21.320946],[-101.018929,21.32852],[-101.018041,21.328634],[-101.017907,21.329291],[-101.016124,21.32913],[-101.006982,21.332713],[-101.006713,21.331336],[-101.005364,21.332016],[-101.005391,21.332936],[-101.003573,21.333068],[-101.006242,21.338537],[-101.006501,21.338324],[-101.009345,21.343066],[-100.998111,21.350056],[-100.997664,21.349795]]]]}},{"type":"Feature","properties":{"cvegeo":"11042","cve_ent":"11","cve_mun":"042","nombre":"Valle de Santiago"},"geometry":{"type":"MultiPolygon","crs":{"type":"name","properties":{"name":"EPSG:6365"}},"coordinates":[[[[-101.339627,20.547175],[-101.334286,20.544046],[-101.331745,20.541076],[-101.329421,20.540212],[-101.327797,20.538956],[-101.324973,20.539275],[-101.323717,20.538866],[-101.322728,20.537965],[-101.32228,20.535756],[-101.321627,20.535138],[-101.319984,20.53523],[-101.317765,20.536571],[-101.313816,20.536453],[-101.313023,20.539504],[-101.310321,20.539503],[-101.30893,20.538806],[-101.308666,20.537452],[-101.309775,20.53513],[-101.309703,20.53045],[-101.310731,20.527607],[-101.310541,20.526588],[-101.309762,20.526028],[-101.306083,20.527583],[-101.306845,20.529398],[-101.305884,20.531309],[-101.302882,20.533095],[-101.298635,20.534623],[-101.297021,20.533716],[-101.295633,20.534672],[-101.294665,20.532416],[-101.292509,20.533666],[-101.281895,20.532656],[-101.281468,20.531265],[-101.283568,20.53076],[-101.283445,20.523506],[-101.285552,20.519284],[-101.290928,20.516298],[-101.291963,20.515217],[-101.291079,20.51067],[-101.289905,20.508608],[-101.292641,20.509149],[-101.293805,20.508427],[-101.294268,20.501927],[-101.293767,20.499638],[-101.294272,20.499729],[-101.295208,20.498234],[-101.294103,20.498052],[-101.294225,20.49705],[-101.295494,20.497488],[-101.295196,20.496611],[-101.281513,20.502321],[-101.278344,20.502356],[-101.273141,20.496757],[-101.270961,20.497216],[-101.267496,20.496556],[-101.264703,20.496606],[-101.263843,20.495751],[-101.259673,20.494857],[-101.259363,20.49171],[-101.255833,20.481007],[-101.255808,20.476713],[-101.253487,20.47711],[-101.253401,20.475386],[-101.252195,20.475588],[-101.252223,20.480355],[-101.248411,20.480292],[-101.246256,20.478828],[-101.24405,20.464593],[-101.245298,20.461108],[-101.236236,20.461505],[-101.235511,20.457861],[-101.236246,20.457806],[-101.236869,20.455154],[-101.239968,20.453308],[-101.239666,20.451902],[-101.234512,20.450737],[-101.234367,20.45147],[-101.233327,20.451837],[-101.233391,20.454462],[-101.231779,20.460573],[-101.226837,20.455917],[-101.225593,20.45538],[-101.225062,20.456748],[-101.220654,20.459207],[-101.220044,20.459025],[-101.219643,20.460148],[-101.216687,20.461367],[-101.213003,20.464324],[-101.211052,20.467369],[-101.210937,20.469459],[-101.201878,20.471095],[-101.182556,20.468006],[-101.18246,20.473776],[-101.182833,20.473915],[-101.182902,20.475662],[-101.182014,20.478017],[-101.166988,20.484161],[-101.157382,20.484453],[-101.156837,20.484932],[-101.15546,20.483392],[-101.155495,20.48103],[-101.153297,20.477888],[-101.151821,20.478168],[-101.150434,20.480597],[-101.148868,20.47856],[-101.147671,20.479726],[-101.146929,20.479799],[-101.145247,20.47839],[-101.144531,20.476773],[-101.141638,20.476974],[-101.141219,20.476514],[-101.141678,20.47486],[-101.141316,20.474247],[-101.139194,20.47423],[-101.13807,20.474739],[-101.137553,20.475918],[-101.138614,20.478713],[-101.138327,20.480381],[-101.139113,20.482865],[-101.138876,20.483609],[-101.136542,20.486367],[-101.132008,20.488531],[-101.131356,20.48985],[-101.128117,20.489932],[-101.12803,20.488134],[-101.124936,20.485628],[-101.124474,20.483128],[-101.12316,20.482279],[-101.118691,20.475418],[-101.117531,20.474912],[-101.115136,20.475035],[-101.114396,20.473494],[-101.113638,20.473306],[-101.113144,20.472182],[-101.114536,20.468985],[-101.114337,20.468067],[-101.113542,20.467761],[-101.112677,20.466436],[-101.110318,20.465263],[-101.109229,20.46356],[-101.105346,20.46234],[-101.101271,20.461802],[-101.10145,20.458698],[-101.10271,20.457574],[-101.102109,20.456617],[-101.100522,20.45659],[-101.101091,20.454446],[-101.100017,20.452945],[-101.100589,20.451557],[-101.101343,20.451454],[-101.101961,20.45051],[-101.101899,20.449112],[-101.100901,20.447571],[-101.099623,20.447144],[-101.099166,20.445779],[-101.098381,20.445231],[-101.098345,20.443004],[-101.094009,20.440655],[-101.093144,20.435501],[-101.09644,20.436193],[-101.10122,20.435293],[-101.093982,20.424954],[-101.100333,20.416883],[-101.093089,20.415596],[-101.087536,20.415268],[-101.086142,20.409519],[-101.087298,20.407748],[-101.089035,20.40815],[-101.08913,20.407448],[-101.089957,20.407063],[-101.094715,20.406158],[-101.097804,20.404268],[-101.098474,20.404295],[-101.100175,20.405741],[-101.10201,20.40555],[-101.105998,20.403277],[-101.111723,20.401246],[-101.11305,20.39805],[-101.113472,20.395541],[-101.112681,20.387056],[-101.110189,20.372304],[-101.108299,20.365064],[-101.107984,20.359188],[-101.106105,20.3461],[-101.106206,20.342381],[-101.109524,20.326664],[-101.10951,20.317196],[-101.106082,20.317034],[-101.104869,20.316238],[-101.098512,20.316779],[-101.096716,20.309066],[-101.079418,20.306883],[-101.078529,20.300651],[-101.084485,20.301195],[-101.088276,20.297183],[-101.089837,20.296156],[-101.094171,20.290997],[-101.105055,20.298509],[-101.106204,20.297219],[-101.107211,20.29968],[-101.111856,20.301726],[-101.11637,20.302399],[-101.112677,20.29175],[-101.113862,20.289912],[-101.112469,20.282732],[-101.112039,20.282489],[-101.111848,20.276891],[-101.119308,20.27811],[-101.128263,20.276818],[-101.129689,20.274496],[-101.13297,20.274065],[-101.135206,20.272563],[-101.136102,20.27255],[-101.138045,20.270959],[-101.140218,20.270621],[-101.14064,20.269854],[-101.139368,20.268518],[-101.138081,20.265844],[-101.139598,20.26375],[-101.144164,20.262395],[-101.145768,20.263561],[-101.145576,20.265318],[-101.146478,20.266316],[-101.15263,20.270209],[-101.154826,20.272476],[-101.156328,20.27315],[-101.156398,20.273997],[-101.169076,20.271968],[-101.173346,20.266071],[-101.176288,20.26444],[-101.178252,20.260031],[-101.188849,20.257763],[-101.19353,20.254398],[-101.193921,20.251646],[-101.196675,20.248832],[-101.198224,20.247917],[-101.201365,20.247296],[-101.204161,20.247831],[-101.205231,20.246415],[-101.206399,20.246416],[-101.207086,20.249258],[-101.206874,20.253094],[-101.205871,20.254599],[-101.20672,20.256055],[-101.206762,20.25848],[-101.208296,20.26003],[-101.208299,20.261419],[-101.207638,20.262592],[-101.207976,20.264783],[-101.212451,20.264776],[-101.212885,20.26923],[-101.216804,20.271241],[-101.217032,20.273232],[-101.222852,20.278735],[-101.222471,20.280044],[-101.22281,20.280899],[-101.226286,20.280114],[-101.225307,20.278711],[-101.224357,20.273731],[-101.22457,20.273154],[-101.225826,20.273176],[-101.227656,20.276908],[-101.231413,20.281299],[-101.232874,20.282175],[-101.236024,20.28225],[-101.238016,20.283567],[-101.240589,20.283809],[-101.241432,20.284373],[-101.24465,20.283817],[-101.243945,20.287901],[-101.244793,20.288298],[-101.246408,20.293471],[-101.271327,20.287119],[-101.290404,20.284976],[-101.298153,20.28488],[-101.305177,20.286943],[-101.300516,20.278183],[-101.301317,20.277459],[-101.301933,20.274525],[-101.307588,20.276567],[-101.307612,20.275809],[-101.311201,20.275997],[-101.313986,20.274639],[-101.314264,20.277387],[-101.315337,20.275979],[-101.317113,20.275191],[-101.320451,20.275566],[-101.32096,20.271203],[-101.323743,20.268084],[-101.324153,20.262808],[-101.328306,20.265046],[-101.328543,20.26598],[-101.327731,20.26724],[-101.325929,20.266362],[-101.325159,20.267677],[-101.325209,20.270817],[-101.324318,20.271027],[-101.323684,20.272208],[-101.324283,20.273773],[-101.326075,20.273767],[-101.32864,20.270656],[-101.331592,20.270992],[-101.331143,20.269839],[-101.331632,20.268329],[-101.343531,20.271536],[-101.345788,20.268195],[-101.346746,20.265387],[-101.348069,20.265187],[-101.349641,20.263619],[-101.353225,20.25727],[-101.356707,20.254008],[-101.359366,20.254069],[-101.359676,20.252625],[-101.363537,20.253063],[-101.361768,20.251596],[-101.360952,20.249981],[-101.361442,20.24905],[-101.395324,20.248549],[-101.397455,20.252309],[-101.39924,20.253225],[-101.403135,20.260112],[-101.406477,20.263631],[-101.415591,20.264759],[-101.416642,20.267252],[-101.418195,20.26813],[-101.419654,20.271542],[-101.419696,20.274444],[-101.420562,20.275204],[-101.422824,20.275109],[-101.425147,20.276093],[-101.430017,20.276129],[-101.435482,20.277381],[-101.437082,20.268262],[-101.436857,20.263785],[-101.446106,20.263912],[-101.448922,20.265282],[-101.452913,20.266044],[-101.453538,20.266992],[-101.454942,20.267519],[-101.45593,20.26717],[-101.458969,20.270198],[-101.456574,20.271173],[-101.455975,20.272703],[-101.456257,20.273925],[-101.453812,20.273974],[-101.454435,20.275165],[-101.458372,20.276021],[-101.457171,20.285142],[-101.449254,20.287482],[-101.448275,20.289494],[-101.444985,20.289725],[-101.444412,20.291828],[-101.444552,20.294943],[-101.446507,20.296663],[-101.4482,20.296472],[-101.449597,20.298083],[-101.44066,20.303375],[-101.440197,20.305193],[-101.443516,20.304646],[-101.443745,20.305334],[-101.445794,20.305204],[-101.450151,20.304267],[-101.450471,20.305054],[-101.453164,20.305009],[-101.453187,20.304151],[-101.454996,20.304952],[-101.456427,20.304431],[-101.454847,20.317555],[-101.45459,20.318165],[-101.451543,20.317839],[-101.450877,20.318388],[-101.451267,20.319065],[-101.450942,20.319498],[-101.453067,20.319333],[-101.453871,20.320043],[-101.45547,20.320164],[-101.456164,20.31928],[-101.456823,20.319265],[-101.45851,20.32121],[-101.458794,20.323041],[-101.460127,20.323471],[-101.457308,20.325398],[-101.454948,20.332671],[-101.449396,20.332886],[-101.44736,20.331557],[-101.446484,20.331666],[-101.442947,20.337926],[-101.441201,20.339967],[-101.440799,20.347971],[-101.442945,20.356054],[-101.44205,20.356877],[-101.438878,20.355218],[-101.437162,20.355095],[-101.434149,20.359051],[-101.433426,20.361734],[-101.431868,20.364483],[-101.430501,20.374905],[-101.428751,20.379218],[-101.427247,20.380485],[-101.4265,20.380489],[-101.422635,20.376501],[-101.420217,20.375464],[-101.418907,20.375755],[-101.418086,20.376505],[-101.417075,20.378977],[-101.410922,20.387094],[-101.412754,20.39265],[-101.410174,20.394253],[-101.405537,20.393983],[-101.404667,20.394706],[-101.403522,20.398191],[-101.407231,20.403851],[-101.407383,20.406028],[-101.406922,20.407294],[-101.405846,20.407702],[-101.40358,20.40674],[-101.40127,20.406938],[-101.40022,20.409873],[-101.397238,20.413343],[-101.392581,20.415456],[-101.389123,20.416013],[-101.386013,20.413458],[-101.38448,20.412842],[-101.381714,20.413585],[-101.380023,20.415678],[-101.380817,20.426902],[-101.381457,20.428],[-101.384491,20.430451],[-101.383832,20.434066],[-101.388613,20.442157],[-101.388652,20.443887],[-101.387089,20.448457],[-101.390031,20.452796],[-101.389659,20.457924],[-101.390813,20.460461],[-101.39274,20.462766],[-101.398676,20.472632],[-101.401009,20.474227],[-101.402667,20.476601],[-101.403046,20.479212],[-101.402629,20.481391],[-101.401088,20.482897],[-101.39866,20.482873],[-101.39775,20.481197],[-101.397441,20.476971],[-101.396119,20.475654],[-101.394814,20.47544],[-101.392635,20.476779],[-101.39204,20.478634],[-101.390241,20.480792],[-101.390114,20.481714],[-101.391369,20.484027],[-101.390958,20.485639],[-101.390096,20.485589],[-101.387991,20.482949],[-101.386002,20.482234],[-101.380949,20.48452],[-101.379413,20.485781],[-101.374651,20.486178],[-101.37222,20.487489],[-101.369766,20.491459],[-101.368845,20.49496],[-101.369056,20.497151],[-101.367035,20.504241],[-101.368194,20.507025],[-101.36826,20.508933],[-101.370073,20.51147],[-101.369822,20.514019],[-101.367162,20.519312],[-101.36713,20.520598],[-101.368356,20.523231],[-101.367919,20.525247],[-101.366561,20.526784],[-101.363335,20.52833],[-101.359769,20.531895],[-101.356851,20.532693],[-101.351416,20.536683],[-101.350063,20.537111],[-101.348312,20.536712],[-101.345891,20.536964],[-101.342043,20.535973],[-101.341096,20.536155],[-101.340614,20.53746],[-101.342303,20.54044],[-101.342393,20.542291],[-101.341407,20.546213],[-101.339938,20.547177],[-101.339627,20.547175]]]]}},{"type":"Feature","properties":{"cvegeo":"11017","cve_ent":"11","cve_mun":"017","nombre":"Irapuato"},"geometry":{"type":"MultiPolygon","crs":{"type":"name","properties":{"name":"EPSG:6365"}},"coordinates":[[[[-101.141476,20.848279],[-101.14694,20.834715],[-101.145784,20.833329],[-101.146323,20.82777],[-101.151313,20.823191],[-101.154457,20.818638],[-101.171016,20.78343],[-101.172823,20.783456],[-101.173723,20.782078],[-101.174857,20.782335],[-101.17772,20.781426],[-101.179523,20.780217],[-101.179861,20.778471],[-101.180842,20.777692],[-101.181772,20.777507],[-101.182009,20.77814],[-101.186268,20.776125],[-101.185654,20.775215],[-101.187194,20.771374],[-101.188063,20.770402],[-101.18826,20.768937],[-101.186573,20.769098],[-101.186728,20.754044],[-101.190711,20.753714],[-101.1907,20.752802],[-101.197556,20.753809],[-101.202468,20.755878],[-101.202729,20.757051],[-101.198663,20.758054],[-101.198842,20.75859],[-101.202126,20.758552],[-101.204971,20.756761],[-101.209683,20.757532],[-101.210874,20.75719],[-101.212457,20.755762],[-101.214806,20.751666],[-101.21713,20.749544],[-101.223033,20.751761],[-101.224062,20.748515],[-101.222293,20.743271],[-101.222244,20.741309],[-101.225019,20.7395],[-101.224553,20.738583],[-101.22655,20.736331],[-101.227548,20.733748],[-101.22992,20.73112],[-101.230837,20.729069],[-101.233154,20.726834],[-101.234125,20.725087],[-101.237784,20.723746],[-101.238287,20.722357],[-101.239997,20.72198],[-101.240692,20.72262],[-101.242563,20.722726],[-101.246319,20.721968],[-101.249682,20.723018],[-101.251409,20.720872],[-101.252327,20.718579],[-101.251584,20.718415],[-101.251939,20.712052],[-101.251417,20.707956],[-101.255189,20.709869],[-101.257307,20.704719],[-101.258285,20.69922],[-101.259315,20.699167],[-101.2607,20.700146],[-101.260043,20.702186],[-101.260532,20.702234],[-101.265166,20.701225],[-101.265809,20.699066],[-101.266944,20.697868],[-101.264964,20.694285],[-101.265084,20.692838],[-101.265516,20.691621],[-101.267799,20.690103],[-101.267839,20.688819],[-101.265741,20.686448],[-101.26586,20.685514],[-101.267095,20.684023],[-101.270269,20.683396],[-101.274543,20.679927],[-101.27517,20.677358],[-101.274563,20.676421],[-101.275497,20.674683],[-101.275246,20.673494],[-101.276655,20.672132],[-101.276065,20.670237],[-101.277536,20.668963],[-101.277485,20.668051],[-101.275326,20.667551],[-101.275192,20.664185],[-101.262928,20.661313],[-101.267393,20.638521],[-101.265083,20.638099],[-101.263774,20.63941],[-101.258811,20.636199],[-101.2625,20.625164],[-101.265508,20.626843],[-101.267959,20.624197],[-101.268779,20.616637],[-101.268411,20.616347],[-101.268946,20.602071],[-101.267818,20.601943],[-101.265903,20.600455],[-101.265842,20.59964],[-101.263423,20.598226],[-101.263999,20.595726],[-101.276315,20.597744],[-101.276321,20.589409],[-101.295094,20.590989],[-101.29996,20.591922],[-101.305252,20.585356],[-101.311084,20.585838],[-101.311979,20.579962],[-101.31808,20.580559],[-101.322787,20.580449],[-101.325884,20.579142],[-101.329712,20.575839],[-101.33795,20.573363],[-101.342911,20.572645],[-101.345026,20.575092],[-101.345765,20.577153],[-101.346161,20.578597],[-101.345427,20.580668],[-101.347924,20.580436],[-101.348859,20.581738],[-101.347837,20.582474],[-101.348184,20.584024],[-101.347287,20.586789],[-101.347415,20.588624],[-101.346424,20.588556],[-101.346221,20.589009],[-101.347477,20.590533],[-101.346435,20.59259],[-101.35539,20.594404],[-101.356235,20.587946],[-101.358066,20.588137],[-101.359631,20.58235],[-101.36441,20.583078],[-101.373414,20.582207],[-101.376055,20.572729],[-101.376309,20.570213],[-101.377192,20.569866],[-101.383796,20.571196],[-101.395415,20.566272],[-101.397497,20.564595],[-101.39839,20.562293],[-101.401193,20.561019],[-101.406374,20.560771],[-101.407488,20.558657],[-101.416273,20.552574],[-101.416501,20.549993],[-101.418349,20.549394],[-101.417288,20.545332],[-101.415094,20.545205],[-101.411429,20.543526],[-101.40251,20.54408],[-101.401565,20.543765],[-101.402217,20.540864],[-101.402126,20.537434],[-101.402888,20.535975],[-101.40287,20.533016],[-101.401663,20.529959],[-101.401794,20.526852],[-101.400529,20.516008],[-101.402495,20.515394],[-101.402787,20.514832],[-101.419764,20.50937],[-101.42904,20.505334],[-101.44438,20.501125],[-101.447824,20.505541],[-101.4473,20.507136],[-101.456752,20.504781],[-101.465846,20.50374],[-101.472035,20.502453],[-101.493552,20.508788],[-101.49464,20.512478],[-101.496415,20.512506],[-101.496105,20.514793],[-101.50099,20.519705],[-101.501512,20.52467],[-101.504314,20.531617],[-101.505044,20.534918],[-101.50482,20.543782],[-101.507794,20.552133],[-101.507601,20.561562],[-101.497841,20.561378],[-101.493773,20.565681],[-101.493002,20.565824],[-101.484478,20.564871],[-101.472328,20.572714],[-101.474736,20.588431],[-101.473391,20.5935],[-101.477988,20.590564],[-101.497381,20.596137],[-101.495704,20.639611],[-101.490543,20.640579],[-101.490314,20.643575],[-101.48712,20.644423],[-101.48593,20.644284],[-101.48374,20.639779],[-101.480067,20.639625],[-101.479028,20.644466],[-101.479009,20.646849],[-101.477688,20.646435],[-101.477202,20.650746],[-101.475238,20.651502],[-101.475903,20.652561],[-101.480539,20.650911],[-101.481745,20.649664],[-101.490017,20.648787],[-101.498048,20.657827],[-101.498606,20.659452],[-101.500294,20.659756],[-101.499673,20.665887],[-101.498852,20.666172],[-101.503046,20.680051],[-101.511098,20.67981],[-101.526896,20.705562],[-101.540085,20.702791],[-101.538165,20.709257],[-101.52835,20.717782],[-101.541526,20.73156],[-101.534738,20.740519],[-101.530797,20.746671],[-101.531961,20.746794],[-101.53199,20.747441],[-101.530506,20.747165],[-101.529202,20.748087],[-101.528917,20.747676],[-101.527386,20.747935],[-101.527802,20.748186],[-101.527131,20.749072],[-101.525863,20.749418],[-101.511412,20.758975],[-101.508188,20.759656],[-101.505068,20.769653],[-101.505469,20.770451],[-101.504054,20.770745],[-101.495535,20.779429],[-101.492859,20.779628],[-101.489722,20.780834],[-101.486177,20.781037],[-101.485974,20.783881],[-101.478816,20.784327],[-101.47863,20.785956],[-101.452638,20.794488],[-101.455478,20.799979],[-101.437142,20.801153],[-101.423264,20.80261],[-101.423447,20.80079],[-101.410593,20.800666],[-101.409617,20.832419],[-101.408571,20.843797],[-101.371066,20.840905],[-101.370667,20.846407],[-101.366405,20.846151],[-101.364528,20.842904],[-101.363473,20.842862],[-101.362515,20.840304],[-101.341885,20.838857],[-101.342097,20.836475],[-101.328959,20.835589],[-101.327394,20.834887],[-101.324753,20.835443],[-101.317645,20.834869],[-101.318051,20.831015],[-101.299981,20.828325],[-101.299711,20.836922],[-101.295769,20.837154],[-101.276354,20.836489],[-101.252954,20.828439],[-101.251488,20.841001],[-101.239594,20.827809],[-101.226669,20.82484],[-101.226275,20.82549],[-101.223781,20.8249],[-101.219766,20.82495],[-101.218693,20.824457],[-101.21434,20.824787],[-101.207911,20.830473],[-101.209274,20.833149],[-101.178794,20.841134],[-101.175597,20.84135],[-101.141443,20.848376],[-101.141476,20.848279]]]]}},{"type":"Feature","properties":{"cvegeo":"11016","cve_ent":"11","cve_mun":"016","nombre":"Huanímaro"},"geometry":{"type":"MultiPolygon","crs":{"type":"name","properties":{"name":"EPSG:6365"}},"coordinates":[[[[-101.457781,20.417997],[-101.45533,20.415196],[-101.454063,20.415859],[-101.45299,20.41571],[-101.453087,20.414371],[-101.452652,20.413836],[-101.447316,20.412614],[-101.446698,20.411238],[-101.440802,20.410943],[-101.440466,20.410569],[-101.442116,20.409742],[-101.442226,20.40845],[-101.439584,20.406725],[-101.438571,20.4068],[-101.436598,20.404658],[-101.435016,20.40356],[-101.434649,20.403782],[-101.434361,20.402935],[-101.430613,20.401107],[-101.424832,20.39714],[-101.420665,20.392896],[-101.412095,20.385701],[-101.417075,20.378977],[-101.418251,20.376297],[-101.419232,20.375626],[-101.420454,20.375499],[-101.422635,20.376501],[-101.425163,20.379515],[-101.426696,20.380554],[-101.428992,20.378898],[-101.430501,20.374905],[-101.431589,20.368974],[-101.431784,20.364755],[-101.433426,20.361734],[-101.434149,20.359051],[-101.436896,20.355188],[-101.438878,20.355218],[-101.44205,20.356877],[-101.442831,20.356365],[-101.440799,20.347971],[-101.441069,20.340357],[-101.446484,20.331666],[-101.447333,20.331547],[-101.449396,20.332886],[-101.454692,20.332833],[-101.457308,20.325398],[-101.460049,20.323512],[-101.463054,20.327928],[-101.46491,20.329011],[-101.472599,20.331248],[-101.474707,20.330404],[-101.479242,20.330573],[-101.481112,20.329671],[-101.483917,20.326298],[-101.485318,20.323725],[-101.488113,20.322057],[-101.491419,20.318186],[-101.493242,20.314006],[-101.498318,20.313026],[-101.500179,20.311704],[-101.501865,20.312026],[-101.502561,20.312789],[-101.50324,20.3147],[-101.503103,20.317138],[-101.504503,20.31895],[-101.5037,20.320256],[-101.501653,20.320701],[-101.501367,20.321424],[-101.502308,20.324498],[-101.502882,20.324877],[-101.505309,20.325104],[-101.506976,20.324457],[-101.509895,20.31934],[-101.514176,20.317912],[-101.517132,20.317921],[-101.52067,20.320845],[-101.523981,20.321071],[-101.524235,20.322003],[-101.523706,20.324517],[-101.521783,20.32807],[-101.52208,20.331415],[-101.522936,20.332347],[-101.526168,20.331949],[-101.528022,20.33279],[-101.529392,20.332587],[-101.533084,20.329772],[-101.534428,20.326901],[-101.53781,20.324375],[-101.541954,20.329466],[-101.547311,20.330429],[-101.550631,20.332451],[-101.553266,20.332516],[-101.554028,20.332197],[-101.555657,20.328509],[-101.559865,20.324978],[-101.560565,20.323034],[-101.563291,20.32135],[-101.563861,20.320122],[-101.562425,20.32549],[-101.563388,20.325369],[-101.566004,20.327156],[-101.56681,20.329201],[-101.567394,20.333523],[-101.567295,20.334644],[-101.566732,20.335087],[-101.566669,20.341593],[-101.568088,20.341503],[-101.568396,20.34609],[-101.570555,20.355827],[-101.56944,20.359188],[-101.571062,20.363014],[-101.569938,20.363429],[-101.573934,20.364296],[-101.573647,20.363522],[-101.574882,20.363253],[-101.576756,20.367969],[-101.577475,20.382597],[-101.575068,20.390957],[-101.572891,20.394503],[-101.571186,20.394969],[-101.570967,20.39455],[-101.572286,20.393564],[-101.572611,20.392365],[-101.567488,20.391766],[-101.564664,20.392942],[-101.564673,20.395609],[-101.559696,20.394071],[-101.556075,20.40174],[-101.549229,20.401053],[-101.549111,20.400244],[-101.547622,20.399494],[-101.530639,20.398534],[-101.526619,20.396167],[-101.525192,20.398111],[-101.523878,20.402268],[-101.512848,20.397819],[-101.513257,20.401477],[-101.508454,20.406499],[-101.498069,20.406675],[-101.494382,20.405794],[-101.493486,20.40631],[-101.491496,20.405189],[-101.488224,20.407894],[-101.489303,20.410902],[-101.488583,20.412919],[-101.486316,20.414911],[-101.482426,20.41037],[-101.480565,20.410775],[-101.48015,20.411473],[-101.479812,20.410867],[-101.478428,20.411227],[-101.478409,20.410581],[-101.477985,20.411856],[-101.476794,20.411595],[-101.472965,20.412341],[-101.468887,20.411876],[-101.466631,20.411086],[-101.46521,20.411818],[-101.465432,20.41266],[-101.465021,20.413136],[-101.460726,20.414652],[-101.459044,20.417182],[-101.457798,20.418023],[-101.457781,20.417997]]]]}},{"type":"Feature","properties":{"cvegeo":"11005","cve_ent":"11","cve_mun":"005","nombre":"Apaseo el Grande"},"geometry":{"type":"MultiPolygon","crs":{"type":"name","properties":{"name":"EPSG:6365"}},"coordinates":[[[[-100.612299,20.718177],[-100.596648,20.717326],[-100.593445,20.715287],[-100.593036,20.713394],[-100.590186,20.710694],[-100.588402,20.705657],[-100.581284,20.692933],[-100.580776,20.689779],[-100.582335,20.688475],[-100.584152,20.682924],[-100.584227,20.68066],[-100.583603,20.678424],[-100.582307,20.676821],[-100.573959,20.672066],[-100.56975,20.671349],[-100.562165,20.671426],[-100.551125,20.633766],[-100.539787,20.637204],[-100.53703,20.638526],[-100.529535,20.638667],[-100.527094,20.635506],[-100.526094,20.63271],[-100.525969,20.630882],[-100.527069,20.62982],[-100.524664,20.628685],[-100.521486,20.624864],[-100.518362,20.625809],[-100.51625,20.622568],[-100.514279,20.623846],[-100.504447,20.619331],[-100.502606,20.619033],[-100.501791,20.617989],[-100.49945,20.617142],[-100.498129,20.615975],[-100.496177,20.616194],[-100.494255,20.61051],[-100.495204,20.61018],[-100.49568,20.609165],[-100.494663,20.607334],[-100.494,20.607035],[-100.493506,20.60397],[-100.491179,20.598762],[-100.489688,20.598172],[-100.488815,20.594262],[-100.486409,20.588434],[-100.487355,20.588007],[-100.485207,20.581515],[-100.482216,20.576356],[-100.482092,20.571508],[-100.483899,20.57144],[-100.484002,20.570785],[-100.485003,20.553804],[-100.504765,20.555033],[-100.51904,20.527019],[-100.536776,20.525003],[-100.547825,20.534099],[-100.550468,20.532738],[-100.557363,20.531055],[-100.558544,20.524338],[-100.558696,20.519103],[-100.562904,20.520622],[-100.563871,20.516943],[-100.563018,20.51412],[-100.562303,20.513912],[-100.562483,20.513023],[-100.575763,20.512715],[-100.577632,20.508381],[-100.579953,20.508393],[-100.579855,20.504844],[-100.603404,20.506583],[-100.601658,20.502519],[-100.601045,20.49803],[-100.598284,20.493216],[-100.612131,20.490851],[-100.612173,20.491832],[-100.62167,20.489152],[-100.624112,20.485783],[-100.624607,20.488805],[-100.639711,20.494854],[-100.64572,20.500564],[-100.652762,20.501904],[-100.653084,20.500231],[-100.647773,20.495657],[-100.647406,20.491353],[-100.647752,20.489033],[-100.647359,20.488348],[-100.641442,20.481462],[-100.636668,20.47455],[-100.646734,20.474449],[-100.646412,20.476172],[-100.645216,20.476246],[-100.645931,20.476984],[-100.649891,20.477412],[-100.651461,20.475643],[-100.656228,20.47648],[-100.658813,20.4776],[-100.658679,20.476919],[-100.66189,20.475899],[-100.660336,20.468211],[-100.663728,20.465016],[-100.668641,20.464451],[-100.669323,20.46478],[-100.666344,20.465141],[-100.6662,20.47684],[-100.668442,20.476716],[-100.668224,20.479977],[-100.669395,20.480309],[-100.671187,20.480041],[-100.675054,20.480279],[-100.675171,20.480771],[-100.679864,20.480774],[-100.676943,20.478068],[-100.675564,20.478558],[-100.676482,20.476743],[-100.682052,20.475779],[-100.688985,20.475678],[-100.689103,20.474299],[-100.691534,20.473691],[-100.691354,20.468524],[-100.692715,20.468471],[-100.693312,20.4708],[-100.693778,20.478997],[-100.712596,20.483251],[-100.719247,20.486496],[-100.720406,20.484493],[-100.725692,20.485387],[-100.729591,20.477156],[-100.732458,20.477766],[-100.733157,20.47844],[-100.734485,20.478166],[-100.739067,20.479387],[-100.739503,20.479728],[-100.73818,20.483133],[-100.748981,20.485324],[-100.742605,20.495687],[-100.743328,20.495679],[-100.741394,20.498237],[-100.764464,20.50809],[-100.762927,20.514932],[-100.7648,20.514693],[-100.764438,20.516848],[-100.761698,20.527647],[-100.760985,20.527994],[-100.759745,20.530854],[-100.760017,20.529708],[-100.759219,20.529913],[-100.759444,20.531145],[-100.758515,20.534022],[-100.758939,20.535105],[-100.757508,20.536405],[-100.757352,20.537543],[-100.754939,20.539586],[-100.754031,20.539675],[-100.75329,20.540808],[-100.752131,20.544291],[-100.751318,20.545285],[-100.751775,20.547008],[-100.751053,20.548071],[-100.750992,20.549555],[-100.744164,20.549816],[-100.743637,20.552182],[-100.742151,20.551689],[-100.74342,20.552751],[-100.743015,20.554939],[-100.741345,20.554675],[-100.741603,20.552693],[-100.739621,20.554711],[-100.738865,20.559302],[-100.73007,20.569013],[-100.723391,20.569369],[-100.712654,20.567798],[-100.711081,20.58329],[-100.698334,20.621167],[-100.696316,20.62118],[-100.693789,20.618868],[-100.679865,20.618625],[-100.676121,20.618064],[-100.675433,20.621412],[-100.672143,20.621327],[-100.666517,20.623067],[-100.667419,20.629854],[-100.662669,20.629092],[-100.659571,20.646013],[-100.667858,20.646843],[-100.672315,20.664095],[-100.653627,20.659286],[-100.651826,20.657543],[-100.650261,20.657236],[-100.646617,20.654589],[-100.642988,20.652886],[-100.639483,20.656825],[-100.635267,20.662139],[-100.635548,20.663388],[-100.633644,20.673058],[-100.634724,20.67549],[-100.634426,20.678861],[-100.633023,20.679866],[-100.626802,20.679195],[-100.629599,20.683928],[-100.632112,20.686835],[-100.631465,20.687451],[-100.631656,20.689077],[-100.63029,20.690622],[-100.627667,20.692084],[-100.626286,20.695007],[-100.624759,20.695159],[-100.620627,20.693826],[-100.619114,20.695666],[-100.618815,20.696861],[-100.617816,20.697451],[-100.618093,20.697792],[-100.61764,20.698737],[-100.616284,20.699233],[-100.617144,20.702633],[-100.61856,20.716088],[-100.614005,20.718122],[-100.612648,20.718268],[-100.612299,20.718177]]]]}},{"type":"Feature","properties":{"cvegeo":"11025","cve_ent":"11","cve_mun":"025","nombre":"Purísima del Rincón"},"geometry":{"type":"MultiPolygon","crs":{"type":"name","properties":{"name":"EPSG:6365"}},"coordinates":[[[[-101.80953,21.107752],[-101.809377,21.1048],[-101.81084,21.102306],[-101.810936,21.100572],[-101.810343,21.099768],[-101.811755,21.095901],[-101.8101,21.092101],[-101.808374,21.085899],[-101.805515,21.085559],[-101.805491,21.08319],[-101.80111,21.081803],[-101.800497,21.080864],[-101.800118,21.078386],[-101.801335,21.077804],[-101.801261,21.077114],[-101.804912,21.076497],[-101.805157,21.076019],[-101.805824,21.070888],[-101.807719,21.068247],[-101.807959,21.067191],[-101.807016,21.065457],[-101.807131,21.059688],[-101.808018,21.057898],[-101.807919,21.055701],[-101.808921,21.051952],[-101.803166,21.052017],[-101.802,21.053679],[-101.802603,21.055171],[-101.801323,21.055585],[-101.800804,21.050575],[-101.793591,21.051643],[-101.790116,21.052991],[-101.788204,21.049331],[-101.786963,21.049864],[-101.785506,21.049003],[-101.793325,21.045278],[-101.800619,21.043678],[-101.821044,21.035852],[-101.822341,21.037994],[-101.818856,21.045105],[-101.820906,21.04696],[-101.822854,21.046956],[-101.823315,21.046317],[-101.825977,21.045619],[-101.829034,21.046103],[-101.829187,21.052794],[-101.831483,21.05408],[-101.83174,21.053387],[-101.833483,21.053238],[-101.835665,21.055568],[-101.834978,21.051251],[-101.836515,21.049744],[-101.83588,21.047916],[-101.837283,21.046986],[-101.839065,21.044494],[-101.842484,21.04549],[-101.843971,21.040002],[-101.847796,21.03876],[-101.855253,21.038026],[-101.862393,21.038787],[-101.864717,21.040318],[-101.86567,21.038933],[-101.867798,21.038187],[-101.869289,21.038238],[-101.869564,21.037727],[-101.869501,21.019951],[-101.873481,21.02049],[-101.873718,21.010597],[-101.874467,21.009773],[-101.873568,21.004305],[-101.872613,21.003504],[-101.856586,20.997038],[-101.859268,20.985218],[-101.861439,20.985046],[-101.861916,20.983159],[-101.862947,20.981761],[-101.861324,20.980565],[-101.861169,20.977985],[-101.862092,20.97356],[-101.862688,20.973084],[-101.860665,20.970771],[-101.863091,20.969077],[-101.864056,20.967585],[-101.872552,20.944114],[-101.882135,20.914492],[-101.885567,20.905285],[-101.886651,20.903978],[-101.887053,20.901557],[-101.88579,20.886973],[-101.885404,20.873287],[-101.899468,20.83734],[-101.903082,20.830753],[-101.903019,20.826249],[-101.934876,20.810145],[-101.934956,20.81114],[-101.936756,20.81183],[-101.936923,20.813692],[-101.93836,20.814656],[-101.938237,20.815686],[-101.939504,20.816685],[-101.93932,20.818171],[-101.940238,20.818861],[-101.94122,20.820825],[-101.94101,20.821434],[-101.93849,20.823099],[-101.939086,20.82407],[-101.938631,20.825536],[-101.939079,20.827141],[-101.938432,20.828966],[-101.957557,20.830727],[-101.959063,20.831322],[-101.961407,20.831319],[-101.961561,20.832008],[-101.97224,20.832511],[-101.996031,20.835213],[-101.998988,20.833089],[-101.998532,20.83129],[-101.999181,20.83108],[-101.997157,20.824217],[-102.004357,20.825176],[-102.00435,20.822453],[-102.016909,20.82416],[-102.032497,20.819863],[-102.033764,20.822938],[-102.036182,20.822239],[-102.037887,20.822865],[-102.047809,20.819453],[-102.045322,20.818282],[-102.049458,20.814744],[-102.051535,20.815951],[-102.053473,20.815509],[-102.05559,20.811973],[-102.055505,20.809881],[-102.056367,20.808135],[-102.057735,20.800597],[-102.061886,20.78804],[-102.063648,20.788823],[-102.069741,20.787861],[-102.069693,20.784763],[-102.069008,20.781787],[-102.06604,20.775968],[-102.067436,20.77165],[-102.067593,20.772247],[-102.069434,20.773439],[-102.070987,20.773735],[-102.072468,20.775068],[-102.072351,20.775875],[-102.073484,20.77658],[-102.074359,20.773898],[-102.075949,20.772301],[-102.078472,20.771977],[-102.078347,20.773413],[-102.078856,20.774052],[-102.081082,20.771507],[-102.081478,20.775443],[-102.082313,20.775925],[-102.082527,20.777176],[-102.086598,20.77896],[-102.09085,20.778495],[-102.090192,20.780516],[-102.090512,20.780654],[-102.09198,20.78049],[-102.092763,20.779485],[-102.092683,20.780411],[-102.095908,20.780051],[-102.094595,20.781175],[-102.095827,20.782857],[-102.093802,20.785716],[-102.092252,20.789826],[-102.089869,20.790917],[-102.090544,20.793985],[-102.089687,20.795897],[-102.09029,20.796264],[-102.087192,20.801296],[-102.085203,20.79999],[-102.082499,20.800236],[-102.079945,20.801787],[-102.080299,20.803292],[-102.081227,20.80442],[-102.081294,20.805709],[-102.078865,20.80743],[-102.07728,20.81074],[-102.076799,20.812132],[-102.077721,20.815589],[-102.076179,20.818171],[-102.07739,20.82471],[-102.08002,20.828392],[-102.078152,20.831305],[-102.077389,20.830294],[-102.076262,20.831328],[-102.076788,20.834571],[-102.075557,20.835856],[-102.07414,20.835607],[-102.073453,20.836314],[-102.074004,20.837363],[-102.073678,20.837924],[-102.069876,20.839091],[-102.064369,20.838214],[-102.063257,20.840414],[-102.063152,20.841742],[-102.061483,20.841944],[-102.061,20.84316],[-102.057735,20.843293],[-102.055493,20.846042],[-102.053675,20.846688],[-102.052745,20.847578],[-102.050413,20.847071],[-102.049219,20.847889],[-102.046419,20.846741],[-102.044464,20.847432],[-102.041556,20.846132],[-102.038585,20.847352],[-102.035871,20.849427],[-102.033831,20.853073],[-102.030305,20.855378],[-102.026661,20.859207],[-102.021781,20.86216],[-102.018223,20.866927],[-102.015901,20.868215],[-102.014986,20.869459],[-102.014612,20.87242],[-102.015219,20.87495],[-102.014852,20.875795],[-102.01376,20.875921],[-102.01258,20.878344],[-102.01613,20.878276],[-102.017994,20.883285],[-102.015152,20.882535],[-102.013304,20.882733],[-102.008447,20.885378],[-102.005836,20.889832],[-102.005063,20.889977],[-102.004142,20.895409],[-102.003188,20.897818],[-102.001316,20.898278],[-101.998958,20.899789],[-101.999006,20.901793],[-101.997628,20.902463],[-101.997501,20.903393],[-101.9961,20.903639],[-101.994561,20.905366],[-101.994031,20.907725],[-101.992314,20.909416],[-101.989151,20.910172],[-101.988005,20.912747],[-101.982067,20.913957],[-101.981097,20.914809],[-101.979936,20.916447],[-101.98056,20.921704],[-101.979441,20.925064],[-101.97652,20.924037],[-101.972592,20.92411],[-101.970043,20.923391],[-101.964637,20.923888],[-101.963837,20.923679],[-101.96334,20.922584],[-101.957877,20.935201],[-101.946162,20.930746],[-101.945163,20.931918],[-101.943935,20.93214],[-101.944843,20.930371],[-101.944111,20.929219],[-101.943333,20.929702],[-101.942088,20.9281],[-101.939002,20.930606],[-101.938396,20.934125],[-101.937307,20.933967],[-101.936824,20.934795],[-101.938148,20.934897],[-101.938364,20.935748],[-101.937186,20.935709],[-101.938218,20.937852],[-101.939129,20.938084],[-101.938708,20.940273],[-101.938264,20.940293],[-101.939472,20.942479],[-101.939209,20.944257],[-101.93784,20.945657],[-101.938355,20.948845],[-101.939143,20.950236],[-101.938117,20.951019],[-101.937952,20.953442],[-101.937275,20.954352],[-101.937144,20.955801],[-101.933239,20.957504],[-101.933383,20.95814],[-101.934689,20.958899],[-101.934781,20.96047],[-101.93359,20.961965],[-101.931068,20.963215],[-101.931965,20.963989],[-101.931389,20.967115],[-101.929507,20.967621],[-101.92538,20.96999],[-101.923703,20.972121],[-101.922213,20.971938],[-101.92199,20.972552],[-101.922533,20.973337],[-101.923788,20.973719],[-101.925113,20.975883],[-101.925699,20.977978],[-101.924462,20.978554],[-101.924706,20.983237],[-101.92081,20.983964],[-101.916631,20.989755],[-101.914197,20.992233],[-101.913245,20.992456],[-101.91202,20.995128],[-101.908746,20.998585],[-101.909178,21.000918],[-101.908168,21.004481],[-101.91007,21.004978],[-101.909597,21.006231],[-101.90772,21.006074],[-101.907438,21.00834],[-101.905376,21.011816],[-101.905937,21.014284],[-101.905123,21.023401],[-101.906627,21.028818],[-101.902339,21.03213],[-101.899963,21.038527],[-101.899317,21.04241],[-101.899126,21.042867],[-101.898231,21.042874],[-101.897751,21.046259],[-101.896606,21.047751],[-101.896747,21.048545],[-101.900344,21.050149],[-101.901335,21.052963],[-101.899353,21.051523],[-101.895279,21.050832],[-101.894549,21.051244],[-101.893254,21.053793],[-101.892908,21.055829],[-101.880866,21.066086],[-101.874943,21.070085],[-101.874993,21.075755],[-101.876507,21.077612],[-101.876282,21.079863],[-101.877798,21.085434],[-101.876345,21.090734],[-101.875004,21.092894],[-101.871256,21.095324],[-101.858161,21.096474],[-101.837487,21.096765],[-101.836982,21.0972],[-101.836711,21.099756],[-101.832438,21.100308],[-101.827974,21.100068],[-101.827086,21.102925],[-101.823777,21.103142],[-101.820573,21.105465],[-101.815199,21.108279],[-101.809235,21.109948],[-101.80953,21.107752]]]]}},{"type":"Feature","properties":{"cvegeo":"11033","cve_ent":"11","cve_mun":"033","nombre":"San Luis de la Paz"},"geometry":{"type":"MultiPolygon","crs":{"type":"name","properties":{"name":"EPSG:6365"}},"coordinates":[[[[-100.349969,21.691556],[-100.347452,21.689991],[-100.342851,21.688696],[-100.337872,21.686484],[-100.331743,21.685727],[-100.322078,21.682094],[-100.28822,21.685023],[-100.272135,21.687347],[-100.26877,21.682705],[-100.26687,21.681477],[-100.265532,21.681355],[-100.263896,21.679226],[-100.262247,21.6789],[-100.259873,21.676718],[-100.257767,21.675821],[-100.254294,21.673321],[-100.248743,21.66811],[-100.246311,21.664933],[-100.242735,21.665363],[-100.223184,21.665635],[-100.222792,21.664781],[-100.223768,21.660693],[-100.223433,21.659776],[-100.224084,21.659299],[-100.223615,21.65672],[-100.224508,21.655709],[-100.224569,21.654382],[-100.224252,21.652957],[-100.222981,21.651646],[-100.223501,21.650418],[-100.223044,21.649004],[-100.220962,21.646678],[-100.221964,21.645704],[-100.220964,21.64462],[-100.220432,21.642925],[-100.218868,21.641791],[-100.219338,21.639732],[-100.21747,21.637364],[-100.217457,21.635666],[-100.21667,21.634828],[-100.217243,21.63403],[-100.21626,21.632539],[-100.216565,21.631414],[-100.21777,21.6316],[-100.218331,21.630859],[-100.219939,21.630778],[-100.224022,21.63359],[-100.22819,21.631499],[-100.218134,21.620875],[-100.211859,21.61633],[-100.20602,21.612997],[-100.196736,21.61882],[-100.195861,21.618319],[-100.201407,21.614409],[-100.201999,21.611648],[-100.203019,21.610555],[-100.203623,21.611029],[-100.205073,21.611028],[-100.207974,21.610093],[-100.207402,21.608728],[-100.207858,21.6077],[-100.208989,21.60713],[-100.208909,21.603983],[-100.209951,21.603763],[-100.21321,21.598693],[-100.213991,21.598266],[-100.21291,21.596711],[-100.21207,21.597117],[-100.211489,21.595558],[-100.209517,21.594155],[-100.205056,21.592774],[-100.203694,21.590119],[-100.206521,21.586224],[-100.20754,21.58635],[-100.209717,21.585536],[-100.210972,21.586429],[-100.212158,21.58629],[-100.217588,21.577838],[-100.214844,21.576187],[-100.221256,21.572516],[-100.214198,21.567778],[-100.213451,21.566409],[-100.213972,21.563221],[-100.216067,21.558263],[-100.222989,21.56072],[-100.229803,21.560315],[-100.228627,21.559455],[-100.227897,21.557305],[-100.22883,21.555127],[-100.230287,21.554486],[-100.230609,21.553055],[-100.233164,21.552826],[-100.233469,21.551434],[-100.234327,21.550732],[-100.233756,21.549484],[-100.234156,21.548341],[-100.239054,21.548843],[-100.239236,21.548039],[-100.230795,21.536612],[-100.238529,21.521762],[-100.225806,21.516389],[-100.235809,21.511849],[-100.247654,21.510983],[-100.243874,21.506001],[-100.243427,21.506049],[-100.243887,21.505221],[-100.243245,21.503271],[-100.243502,21.5023],[-100.242345,21.499259],[-100.241557,21.498876],[-100.242614,21.49856],[-100.242492,21.497316],[-100.243937,21.4948],[-100.243557,21.493047],[-100.240602,21.490706],[-100.239485,21.488325],[-100.237536,21.487006],[-100.235869,21.487696],[-100.234108,21.486927],[-100.234489,21.486241],[-100.233304,21.486539],[-100.226993,21.492006],[-100.225539,21.491821],[-100.223203,21.496779],[-100.220344,21.497521],[-100.219832,21.499156],[-100.218698,21.498921],[-100.226424,21.468742],[-100.228569,21.468726],[-100.229626,21.469904],[-100.231544,21.469562],[-100.235492,21.470579],[-100.241894,21.466577],[-100.24258,21.466721],[-100.24348,21.467868],[-100.245263,21.468112],[-100.246487,21.46697],[-100.249555,21.466637],[-100.255378,21.46295],[-100.265403,21.45918],[-100.264698,21.455538],[-100.262044,21.45333],[-100.263209,21.450105],[-100.269601,21.44425],[-100.272121,21.446573],[-100.275539,21.447177],[-100.289552,21.44272],[-100.29573,21.444551],[-100.295945,21.443572],[-100.296527,21.444511],[-100.298258,21.444581],[-100.2979,21.442092],[-100.299147,21.441696],[-100.299368,21.438366],[-100.296634,21.436961],[-100.296479,21.436043],[-100.295076,21.435033],[-100.293916,21.432786],[-100.290519,21.430748],[-100.291417,21.42781],[-100.295236,21.426666],[-100.299627,21.418792],[-100.303873,21.418236],[-100.304737,21.419123],[-100.305996,21.419208],[-100.308064,21.421503],[-100.310224,21.422566],[-100.311295,21.422212],[-100.31273,21.422665],[-100.315623,21.421152],[-100.317711,21.416828],[-100.318609,21.416918],[-100.31793,21.420967],[-100.318386,21.421621],[-100.318123,21.422511],[-100.319679,21.424395],[-100.323906,21.425111],[-100.323851,21.427613],[-100.325302,21.428495],[-100.326799,21.427691],[-100.327311,21.427628],[-100.327915,21.428388],[-100.330893,21.427409],[-100.331071,21.427739],[-100.333648,21.425681],[-100.336886,21.425026],[-100.338227,21.423866],[-100.340722,21.424375],[-100.343935,21.423174],[-100.342872,21.418372],[-100.342907,21.413096],[-100.341978,21.412497],[-100.34165,21.411547],[-100.341423,21.408677],[-100.339331,21.406181],[-100.340015,21.404555],[-100.343167,21.403058],[-100.341612,21.400101],[-100.34548,21.395718],[-100.341146,21.394874],[-100.347605,21.389786],[-100.34882,21.388279],[-100.355036,21.39135],[-100.361162,21.382497],[-100.366001,21.372673],[-100.362495,21.371041],[-100.360708,21.369547],[-100.357685,21.368734],[-100.354255,21.368686],[-100.356604,21.367964],[-100.357314,21.366723],[-100.35685,21.365984],[-100.359683,21.360975],[-100.361619,21.358568],[-100.362952,21.357949],[-100.36653,21.352395],[-100.3662,21.351255],[-100.367746,21.349749],[-100.368287,21.347691],[-100.367284,21.345564],[-100.364132,21.342843],[-100.364947,21.341827],[-100.367525,21.341266],[-100.366586,21.339632],[-100.366393,21.336752],[-100.367297,21.334768],[-100.368752,21.33369],[-100.366813,21.332716],[-100.365692,21.333896],[-100.364036,21.333848],[-100.360783,21.331639],[-100.358521,21.332163],[-100.358238,21.331378],[-100.356155,21.330886],[-100.354358,21.331023],[-100.353223,21.331558],[-100.35309,21.332222],[-100.352253,21.332291],[-100.350853,21.330633],[-100.34885,21.329846],[-100.348073,21.328036],[-100.347394,21.32789],[-100.34721,21.32595],[-100.344892,21.325088],[-100.344441,21.32352],[-100.342692,21.322289],[-100.342559,21.321583],[-100.343721,21.320869],[-100.345392,21.320777],[-100.346818,21.319549],[-100.348445,21.319517],[-100.351498,21.318118],[-100.352359,21.315849],[-100.35501,21.31727],[-100.354969,21.314984],[-100.35208,21.312743],[-100.354564,21.312575],[-100.354891,21.31066],[-100.355291,21.310305],[-100.355931,21.310645],[-100.35644,21.308923],[-100.358129,21.309346],[-100.359017,21.308666],[-100.358387,21.307009],[-100.359181,21.306366],[-100.361442,21.306827],[-100.362734,21.308676],[-100.372373,21.3006],[-100.371679,21.295316],[-100.37125,21.277971],[-100.382202,21.264489],[-100.378851,21.262175],[-100.379176,21.260622],[-100.3779,21.258098],[-100.365105,21.254148],[-100.363124,21.251896],[-100.364465,21.248806],[-100.364872,21.245137],[-100.360058,21.245287],[-100.360723,21.232549],[-100.358631,21.223664],[-100.360999,21.221035],[-100.356286,21.22163],[-100.356732,21.216393],[-100.353719,21.216833],[-100.351939,21.210803],[-100.353892,21.208802],[-100.354815,21.206417],[-100.355626,21.205614],[-100.354628,21.205106],[-100.355065,21.204376],[-100.356243,21.20513],[-100.356597,21.204239],[-100.357201,21.204036],[-100.356264,21.203002],[-100.355902,21.200192],[-100.3566,21.19487],[-100.36029,21.191134],[-100.382125,21.190653],[-100.391551,21.191323],[-100.405268,21.169587],[-100.406633,21.17084],[-100.408054,21.177319],[-100.412456,21.1812],[-100.41805,21.184323],[-100.418389,21.183892],[-100.419803,21.184993],[-100.426325,21.185871],[-100.429153,21.185306],[-100.425221,21.182876],[-100.422699,21.179085],[-100.432464,21.175428],[-100.437317,21.179779],[-100.44453,21.183211],[-100.44241,21.186758],[-100.442365,21.18927],[-100.4435,21.192086],[-100.466454,21.183875],[-100.485731,21.178797],[-100.485338,21.175504],[-100.484223,21.172173],[-100.481323,21.167292],[-100.477479,21.158888],[-100.475926,21.156317],[-100.474641,21.155188],[-100.47495,21.154366],[-100.476532,21.153932],[-100.476435,21.153457],[-100.469909,21.140024],[-100.465119,21.127838],[-100.459974,21.119436],[-100.458995,21.114957],[-100.469696,21.11165],[-100.471451,21.10836],[-100.474957,21.104657],[-100.480957,21.103556],[-100.487138,21.100062],[-100.488146,21.098874],[-100.48914,21.099249],[-100.493002,21.098943],[-100.495076,21.096939],[-100.503617,21.094921],[-100.511044,21.085683],[-100.507625,21.082842],[-100.508063,21.082399],[-100.515793,21.078577],[-100.525561,21.072154],[-100.528681,21.071123],[-100.528768,21.074411],[-100.537528,21.077608],[-100.5396,21.079078],[-100.550778,21.089303],[-100.553563,21.097112],[-100.557863,21.099241],[-100.566558,21.100976],[-100.57329,21.100644],[-100.580023,21.101157],[-100.592784,21.100982],[-100.61116,21.105974],[-100.618875,21.106802],[-100.626782,21.108931],[-100.636555,21.108584],[-100.636135,21.114633],[-100.636601,21.114877],[-100.636053,21.117025],[-100.640293,21.117665],[-100.643762,21.120389],[-100.643084,21.120864],[-100.642274,21.126694],[-100.647386,21.127943],[-100.648648,21.125513],[-100.653783,21.129598],[-100.654099,21.129216],[-100.657864,21.131996],[-100.656418,21.133602],[-100.661677,21.138101],[-100.669977,21.130898],[-100.669924,21.130171],[-100.672853,21.130493],[-100.674038,21.148069],[-100.667991,21.150207],[-100.670382,21.160501],[-100.673106,21.159848],[-100.682249,21.162652],[-100.686956,21.183412],[-100.687892,21.183692],[-100.687872,21.185641],[-100.690397,21.185707],[-100.690341,21.18792],[-100.690992,21.187956],[-100.692147,21.191627],[-100.694419,21.191562],[-100.69467,21.192556],[-100.692828,21.192651],[-100.693299,21.193759],[-100.693052,21.196011],[-100.681715,21.197644],[-100.681684,21.198203],[-100.671649,21.199328],[-100.672949,21.204565],[-100.668112,21.204551],[-100.66315,21.205867],[-100.665924,21.220429],[-100.662458,21.21961],[-100.655814,21.233466],[-100.676165,21.246462],[-100.687235,21.256757],[-100.687566,21.256202],[-100.696694,21.263801],[-100.716612,21.278908],[-100.713869,21.281903],[-100.718148,21.288381],[-100.718518,21.288142],[-100.71894,21.28963],[-100.717375,21.290702],[-100.717791,21.291398],[-100.716486,21.292377],[-100.718739,21.295719],[-100.719865,21.295189],[-100.721418,21.297874],[-100.711852,21.300791],[-100.708185,21.302537],[-100.70928,21.304592],[-100.705211,21.306037],[-100.704086,21.304563],[-100.700585,21.306304],[-100.701749,21.309095],[-100.690008,21.310098],[-100.687474,21.309604],[-100.682051,21.309662],[-100.672238,21.311806],[-100.674124,21.316021],[-100.672498,21.31576],[-100.672985,21.317134],[-100.674806,21.317431],[-100.676878,21.32173],[-100.671116,21.320682],[-100.671095,21.322536],[-100.677832,21.323738],[-100.681185,21.330767],[-100.687234,21.331679],[-100.686879,21.332881],[-100.690833,21.333429],[-100.690253,21.334904],[-100.693096,21.335551],[-100.69185,21.338544],[-100.685501,21.337357],[-100.68479,21.339917],[-100.695552,21.342063],[-100.696501,21.347392],[-100.695546,21.347257],[-100.695631,21.351006],[-100.683308,21.352931],[-100.683477,21.353571],[-100.694713,21.352796],[-100.693893,21.357151],[-100.697522,21.364777],[-100.693867,21.369799],[-100.687933,21.369314],[-100.686383,21.370921],[-100.683816,21.37068],[-100.681897,21.368182],[-100.679453,21.363184],[-100.64319,21.336246],[-100.641263,21.338667],[-100.640216,21.337975],[-100.637892,21.341134],[-100.634248,21.344651],[-100.635828,21.345693],[-100.632473,21.350439],[-100.607873,21.334285],[-100.602326,21.349691],[-100.610401,21.353794],[-100.604087,21.359118],[-100.599409,21.371017],[-100.604426,21.371874],[-100.59839,21.391396],[-100.605441,21.396462],[-100.606018,21.39772],[-100.605445,21.399588],[-100.606024,21.402183],[-100.612548,21.398254],[-100.623014,21.399491],[-100.622604,21.397509],[-100.622832,21.395102],[-100.62675,21.393049],[-100.627695,21.394938],[-100.629382,21.394975],[-100.638409,21.40072],[-100.641156,21.401558],[-100.649848,21.400336],[-100.677988,21.393473],[-100.683151,21.406981],[-100.69587,21.423802],[-100.689753,21.427927],[-100.697711,21.447428],[-100.704185,21.457367],[-100.704911,21.45738],[-100.702723,21.462482],[-100.699527,21.476806],[-100.700839,21.481784],[-100.703933,21.482603],[-100.704062,21.486861],[-100.703332,21.488626],[-100.702298,21.489539],[-100.702043,21.504933],[-100.700979,21.504844],[-100.700874,21.516758],[-100.725717,21.511769],[-100.731407,21.511333],[-100.731518,21.512054],[-100.733193,21.512032],[-100.733008,21.511588],[-100.741712,21.511149],[-100.742599,21.516956],[-100.734399,21.521772],[-100.728347,21.520448],[-100.727452,21.520628],[-100.727893,21.523303],[-100.720465,21.525165],[-100.717943,21.524582],[-100.712532,21.529938],[-100.694284,21.534815],[-100.702833,21.546126],[-100.730144,21.535535],[-100.732108,21.540958],[-100.740673,21.555242],[-100.74109,21.555296],[-100.740104,21.555629],[-100.739976,21.557635],[-100.741223,21.563429],[-100.744774,21.567035],[-100.746775,21.568118],[-100.747042,21.571916],[-100.751342,21.580604],[-100.748181,21.58056],[-100.746047,21.581745],[-100.744188,21.580365],[-100.740044,21.579575],[-100.739037,21.578252],[-100.737285,21.578993],[-100.735029,21.578975],[-100.734073,21.578544],[-100.73354,21.577503],[-100.729518,21.575045],[-100.728957,21.574269],[-100.728972,21.572047],[-100.727744,21.570697],[-100.727555,21.568026],[-100.725144,21.566622],[-100.724354,21.564353],[-100.72088,21.561491],[-100.720357,21.558059],[-100.719196,21.556061],[-100.71763,21.550232],[-100.71473,21.549522],[-100.709963,21.550168],[-100.705244,21.54824],[-100.702594,21.548679],[-100.700717,21.552549],[-100.692098,21.546369],[-100.682358,21.547724],[-100.681168,21.547505],[-100.678815,21.544537],[-100.677184,21.541423],[-100.670007,21.537537],[-100.669513,21.536599],[-100.66562,21.535223],[-100.665275,21.532327],[-100.6656,21.527821],[-100.657456,21.524718],[-100.638542,21.528293],[-100.634518,21.537713],[-100.635116,21.53922],[-100.637035,21.541345],[-100.635447,21.543192],[-100.614299,21.533135],[-100.619156,21.522602],[-100.62191,21.518986],[-100.62043,21.510232],[-100.614955,21.505789],[-100.613137,21.50718],[-100.612864,21.508511],[-100.611961,21.509359],[-100.6092,21.508427],[-100.606517,21.508902],[-100.605439,21.508545],[-100.597235,21.512018],[-100.590307,21.516355],[-100.58791,21.519903],[-100.584428,21.522306],[-100.584214,21.524334],[-100.583046,21.524587],[-100.581648,21.526201],[-100.580786,21.526078],[-100.579832,21.526788],[-100.577644,21.525439],[-100.575563,21.527647],[-100.575044,21.527742],[-100.574526,21.527017],[-100.573405,21.527475],[-100.571104,21.530063],[-100.569669,21.528992],[-100.568478,21.529863],[-100.567512,21.529103],[-100.564925,21.530815],[-100.563992,21.529655],[-100.561665,21.530133],[-100.559198,21.528583],[-100.557001,21.529278],[-100.556243,21.530688],[-100.555799,21.530331],[-100.553044,21.530538],[-100.551051,21.532126],[-100.547991,21.532734],[-100.546859,21.532205],[-100.544847,21.534599],[-100.542664,21.534752],[-100.542345,21.535712],[-100.540746,21.536663],[-100.539165,21.538523],[-100.535518,21.539012],[-100.534269,21.540156],[-100.53395,21.542327],[-100.515814,21.541747],[-100.50712,21.542566],[-100.464274,21.543168],[-100.46108,21.545335],[-100.459893,21.549783],[-100.464846,21.553622],[-100.460564,21.554976],[-100.458137,21.55488],[-100.455381,21.556256],[-100.460702,21.57121],[-100.463046,21.575671],[-100.466651,21.579382],[-100.466593,21.580401],[-100.467745,21.582087],[-100.469919,21.583827],[-100.469972,21.585315],[-100.471453,21.58757],[-100.476032,21.589875],[-100.480843,21.590858],[-100.483589,21.592347],[-100.484307,21.593498],[-100.485802,21.594404],[-100.485476,21.59632],[-100.484551,21.597618],[-100.480286,21.599293],[-100.4776,21.602799],[-100.475003,21.604183],[-100.472428,21.604347],[-100.47049,21.606465],[-100.470221,21.609685],[-100.468986,21.612777],[-100.468281,21.612865],[-100.467081,21.614234],[-100.466818,21.6154],[-100.464701,21.618491],[-100.462586,21.620787],[-100.462292,21.623328],[-100.460397,21.623991],[-100.460407,21.626612],[-100.460023,21.626531],[-100.459223,21.628619],[-100.460619,21.630872],[-100.460826,21.633762],[-100.459863,21.634911],[-100.461636,21.637345],[-100.460386,21.637885],[-100.460037,21.638978],[-100.458422,21.639091],[-100.458214,21.640606],[-100.456434,21.642311],[-100.456719,21.643359],[-100.458229,21.643779],[-100.457565,21.645674],[-100.456061,21.64645],[-100.455689,21.64801],[-100.455934,21.648926],[-100.456932,21.648962],[-100.457121,21.649933],[-100.452752,21.655171],[-100.453777,21.655954],[-100.452433,21.657977],[-100.452301,21.661226],[-100.448779,21.662424],[-100.450051,21.665378],[-100.451282,21.666349],[-100.449838,21.667752],[-100.449358,21.669123],[-100.44514,21.672267],[-100.447238,21.673551],[-100.447342,21.674923],[-100.445492,21.676098],[-100.445094,21.677086],[-100.442332,21.678758],[-100.441688,21.678714],[-100.439322,21.676566],[-100.439064,21.678324],[-100.435722,21.680702],[-100.434857,21.682813],[-100.433258,21.678404],[-100.430224,21.678709],[-100.425331,21.675634],[-100.423267,21.675109],[-100.419043,21.674737],[-100.40899,21.677298],[-100.407553,21.677215],[-100.401531,21.674583],[-100.398609,21.674655],[-100.397755,21.674875],[-100.394714,21.678155],[-100.390705,21.678838],[-100.389652,21.681337],[-100.387421,21.681193],[-100.385056,21.679221],[-100.38309,21.679285],[-100.382822,21.680851],[-100.382295,21.680951],[-100.379775,21.680938],[-100.375531,21.679821],[-100.368592,21.683953],[-100.362147,21.686357],[-100.354662,21.690553],[-100.351366,21.691671],[-100.349969,21.691556]]]]}},{"type":"Feature","properties":{"cvegeo":"11023","cve_ent":"11","cve_mun":"023","nombre":"Pénjamo"},"geometry":{"type":"MultiPolygon","crs":{"type":"name","properties":{"name":"EPSG:6365"}},"coordinates":[[[[-101.770693,20.617277],[-101.766411,20.619232],[-101.76371,20.61473],[-101.760594,20.611657],[-101.76014,20.611705],[-101.758682,20.608153],[-101.756182,20.605447],[-101.754371,20.605947],[-101.75372,20.605412],[-101.753777,20.606135],[-101.751205,20.6069],[-101.748582,20.606673],[-101.747787,20.606343],[-101.746839,20.604519],[-101.745359,20.604578],[-101.743172,20.603342],[-101.742738,20.603356],[-101.741683,20.605316],[-101.740921,20.604856],[-101.741445,20.60182],[-101.7367,20.601303],[-101.732638,20.601952],[-101.722473,20.607412],[-101.718044,20.608247],[-101.717857,20.603095],[-101.715179,20.604045],[-101.712107,20.594658],[-101.712543,20.589118],[-101.710618,20.586759],[-101.710105,20.585321],[-101.70778,20.584382],[-101.70939,20.577101],[-101.71689,20.571965],[-101.714977,20.570278],[-101.714231,20.570168],[-101.713407,20.569054],[-101.711392,20.568442],[-101.711159,20.564314],[-101.726255,20.564467],[-101.733216,20.563748],[-101.74386,20.563778],[-101.742206,20.555457],[-101.723945,20.553917],[-101.721968,20.546992],[-101.722324,20.538158],[-101.708751,20.537873],[-101.689799,20.536085],[-101.669602,20.536557],[-101.669467,20.540233],[-101.667455,20.541132],[-101.667401,20.542188],[-101.665718,20.54455],[-101.664046,20.545571],[-101.663707,20.547739],[-101.660822,20.54736],[-101.660079,20.548523],[-101.660058,20.550215],[-101.658396,20.550894],[-101.658274,20.551362],[-101.6554,20.552337],[-101.654465,20.551792],[-101.652325,20.552775],[-101.648711,20.551049],[-101.646527,20.550567],[-101.644152,20.551281],[-101.640627,20.549706],[-101.635245,20.548621],[-101.634533,20.547563],[-101.634194,20.547728],[-101.634483,20.535341],[-101.63521,20.528393],[-101.604939,20.527033],[-101.604344,20.525882],[-101.604284,20.524567],[-101.604998,20.523663],[-101.604677,20.522391],[-101.605292,20.521988],[-101.606903,20.522603],[-101.607931,20.5205],[-101.607563,20.518169],[-101.608704,20.516674],[-101.608405,20.513949],[-101.605957,20.509076],[-101.606611,20.508426],[-101.607805,20.508275],[-101.607661,20.507531],[-101.60707,20.506876],[-101.605273,20.506442],[-101.604341,20.50674],[-101.60189,20.505366],[-101.601537,20.504412],[-101.602112,20.50312],[-101.600772,20.502338],[-101.601345,20.501055],[-101.600727,20.498456],[-101.601249,20.496345],[-101.602131,20.495386],[-101.601546,20.493011],[-101.602572,20.49192],[-101.601798,20.489645],[-101.604078,20.485015],[-101.603559,20.484089],[-101.604554,20.482613],[-101.603364,20.480611],[-101.602836,20.475424],[-101.604204,20.474825],[-101.603524,20.473823],[-101.603775,20.471536],[-101.60875,20.471869],[-101.610217,20.471532],[-101.611706,20.472135],[-101.614254,20.47047],[-101.614711,20.468911],[-101.6141,20.468511],[-101.614171,20.467606],[-101.612162,20.468248],[-101.610301,20.467187],[-101.610748,20.466668],[-101.611308,20.462415],[-101.609579,20.461696],[-101.609416,20.461084],[-101.610795,20.457464],[-101.610198,20.456488],[-101.610889,20.454862],[-101.607447,20.453404],[-101.606937,20.451147],[-101.60716,20.450675],[-101.61026,20.449779],[-101.610452,20.448624],[-101.609651,20.447372],[-101.609945,20.446589],[-101.607791,20.444774],[-101.606778,20.442123],[-101.605527,20.441301],[-101.605435,20.440464],[-101.605922,20.439971],[-101.604922,20.437628],[-101.603343,20.437045],[-101.601487,20.437892],[-101.601485,20.436208],[-101.599039,20.435344],[-101.599684,20.432851],[-101.597151,20.431814],[-101.595717,20.432236],[-101.594965,20.431748],[-101.59551,20.430474],[-101.595063,20.428968],[-101.596253,20.427838],[-101.595986,20.427002],[-101.595078,20.427044],[-101.595057,20.426668],[-101.596637,20.425639],[-101.595511,20.425092],[-101.595645,20.424731],[-101.598649,20.423357],[-101.599453,20.423309],[-101.599942,20.424132],[-101.600804,20.424196],[-101.601101,20.423459],[-101.599571,20.421626],[-101.600185,20.421385],[-101.601087,20.422009],[-101.602652,20.4215],[-101.602259,20.41992],[-101.600509,20.420356],[-101.598791,20.417848],[-101.597827,20.417504],[-101.598401,20.415],[-101.600857,20.414759],[-101.601242,20.413057],[-101.602784,20.41413],[-101.603777,20.41369],[-101.603858,20.41181],[-101.602033,20.411532],[-101.602856,20.410346],[-101.602058,20.409258],[-101.602912,20.408677],[-101.603252,20.407416],[-101.60137,20.407892],[-101.600531,20.407286],[-101.600381,20.406747],[-101.601264,20.405222],[-101.600052,20.403159],[-101.600351,20.4027],[-101.6021,20.402454],[-101.603573,20.401292],[-101.603383,20.400612],[-101.601811,20.400612],[-101.601423,20.399794],[-101.602823,20.399755],[-101.604536,20.398936],[-101.60639,20.399215],[-101.607831,20.396976],[-101.610836,20.395214],[-101.61106,20.392248],[-101.612895,20.390213],[-101.61327,20.387103],[-101.614823,20.386793],[-101.616594,20.383951],[-101.617881,20.384123],[-101.619492,20.383511],[-101.619512,20.380748],[-101.620412,20.379957],[-101.618617,20.377533],[-101.620043,20.376883],[-101.621094,20.375417],[-101.622291,20.37476],[-101.622854,20.373165],[-101.623748,20.37284],[-101.625928,20.373463],[-101.628473,20.373284],[-101.632342,20.370649],[-101.633368,20.369383],[-101.634901,20.371443],[-101.637817,20.372748],[-101.638651,20.372504],[-101.638533,20.371154],[-101.639049,20.370167],[-101.638236,20.368337],[-101.638801,20.367809],[-101.640944,20.368844],[-101.642407,20.368408],[-101.643207,20.366866],[-101.642755,20.366403],[-101.641876,20.366561],[-101.642201,20.3646],[-101.641065,20.364109],[-101.642211,20.361393],[-101.641535,20.359983],[-101.642932,20.358876],[-101.64466,20.355645],[-101.643598,20.355525],[-101.642258,20.356154],[-101.641804,20.355736],[-101.64181,20.353639],[-101.643463,20.353198],[-101.644973,20.353525],[-101.645804,20.352736],[-101.646079,20.350874],[-101.645425,20.350246],[-101.643923,20.350176],[-101.643283,20.349313],[-101.640915,20.349738],[-101.640176,20.34932],[-101.640989,20.34902],[-101.641492,20.347776],[-101.641189,20.346815],[-101.6393,20.345832],[-101.63626,20.342507],[-101.63666,20.341235],[-101.6358,20.340432],[-101.635692,20.33958],[-101.638686,20.338933],[-101.639204,20.33786],[-101.637514,20.334787],[-101.636215,20.334064],[-101.6344,20.33346],[-101.628568,20.333824],[-101.628807,20.335973],[-101.629844,20.337582],[-101.62754,20.339507],[-101.622461,20.340243],[-101.6211,20.339868],[-101.620097,20.338263],[-101.620061,20.337198],[-101.621235,20.335868],[-101.624794,20.334913],[-101.625925,20.333502],[-101.62752,20.333019],[-101.626772,20.329528],[-101.625436,20.328169],[-101.621312,20.32597],[-101.62513,20.324255],[-101.625085,20.322871],[-101.626414,20.322798],[-101.627972,20.321878],[-101.629193,20.322083],[-101.628577,20.319825],[-101.629264,20.319196],[-101.628935,20.318015],[-101.627101,20.316553],[-101.630681,20.314901],[-101.631394,20.315867],[-101.631745,20.315556],[-101.632654,20.31374],[-101.631552,20.312897],[-101.63093,20.311529],[-101.633636,20.309159],[-101.629908,20.308398],[-101.629065,20.308764],[-101.6279,20.307882],[-101.628203,20.305288],[-101.627094,20.303421],[-101.627895,20.302173],[-101.628092,20.300155],[-101.629224,20.298684],[-101.628428,20.295924],[-101.633566,20.291321],[-101.634921,20.288967],[-101.634653,20.287731],[-101.632306,20.283975],[-101.628875,20.281933],[-101.623969,20.276108],[-101.623823,20.273605],[-101.625672,20.269748],[-101.625534,20.266998],[-101.628398,20.264773],[-101.632034,20.264789],[-101.632749,20.26721],[-101.632353,20.269504],[-101.63352,20.271067],[-101.634368,20.271182],[-101.637031,20.269831],[-101.638838,20.265816],[-101.640462,20.26602],[-101.641716,20.267672],[-101.642521,20.267646],[-101.6438,20.265658],[-101.643563,20.261898],[-101.644531,20.260948],[-101.646772,20.260063],[-101.648827,20.255968],[-101.650926,20.253484],[-101.648957,20.25105],[-101.646008,20.249999],[-101.644017,20.247166],[-101.64422,20.242546],[-101.646252,20.238668],[-101.647409,20.238429],[-101.648868,20.239778],[-101.652443,20.239587],[-101.654052,20.2433],[-101.654577,20.243496],[-101.658218,20.241838],[-101.660283,20.239241],[-101.663308,20.23758],[-101.663892,20.235812],[-101.663644,20.231737],[-101.667733,20.22718],[-101.667349,20.221869],[-101.667614,20.221005],[-101.66926,20.219416],[-101.669211,20.218866],[-101.666462,20.217484],[-101.66559,20.215854],[-101.666201,20.21472],[-101.668474,20.213135],[-101.673119,20.212555],[-101.675145,20.217358],[-101.676444,20.21846],[-101.678123,20.218882],[-101.685479,20.218461],[-101.686917,20.217221],[-101.689456,20.213468],[-101.688711,20.210644],[-101.692694,20.207279],[-101.689818,20.200874],[-101.690394,20.196817],[-101.6938,20.191957],[-101.697935,20.189674],[-101.701838,20.189208],[-101.703871,20.19044],[-101.704433,20.192397],[-101.70444,20.195613],[-101.706028,20.200594],[-101.710622,20.205306],[-101.713592,20.20578],[-101.715869,20.204358],[-101.720798,20.204919],[-101.723064,20.206002],[-101.72594,20.205618],[-101.726377,20.205903],[-101.726552,20.209639],[-101.727237,20.21145],[-101.731039,20.214767],[-101.731868,20.214455],[-101.73171,20.211956],[-101.732223,20.211101],[-101.737332,20.207988],[-101.742764,20.206779],[-101.743515,20.203912],[-101.748118,20.204905],[-101.752213,20.203696],[-101.75716,20.204651],[-101.757757,20.204407],[-101.758457,20.202096],[-101.759392,20.201732],[-101.760406,20.201863],[-101.76444,20.20454],[-101.767913,20.204614],[-101.77476,20.209433],[-101.776844,20.211494],[-101.778369,20.211567],[-101.780373,20.21014],[-101.782309,20.210751],[-101.783672,20.212245],[-101.784647,20.214456],[-101.784018,20.217871],[-101.785576,20.219238],[-101.786616,20.219318],[-101.791122,20.217691],[-101.794069,20.215938],[-101.797405,20.211869],[-101.799334,20.210915],[-101.800727,20.211272],[-101.802266,20.214388],[-101.803835,20.214342],[-101.808074,20.208144],[-101.808167,20.205838],[-101.809117,20.20438],[-101.816819,20.201803],[-101.821081,20.201806],[-101.822925,20.202341],[-101.824861,20.201838],[-101.825505,20.202799],[-101.824731,20.203878],[-101.821422,20.204743],[-101.820216,20.205606],[-101.819257,20.20762],[-101.819646,20.208666],[-101.820916,20.210121],[-101.828444,20.214931],[-101.829904,20.21963],[-101.828927,20.221558],[-101.830488,20.222178],[-101.8315,20.224027],[-101.833866,20.22479],[-101.842156,20.220908],[-101.84424,20.219333],[-101.849541,20.217652],[-101.851767,20.216114],[-101.854596,20.21271],[-101.856053,20.211901],[-101.869296,20.210649],[-101.871598,20.210989],[-101.872063,20.210301],[-101.871301,20.208058],[-101.872,20.20455],[-101.874768,20.201992],[-101.877672,20.201341],[-101.879662,20.201778],[-101.880489,20.201497],[-101.881429,20.199998],[-101.878336,20.191436],[-101.879194,20.189182],[-101.880858,20.188132],[-101.88222,20.188224],[-101.883673,20.19016],[-101.887381,20.188473],[-101.888912,20.188913],[-101.88812,20.191829],[-101.885849,20.194034],[-101.887193,20.198375],[-101.890728,20.202673],[-101.894243,20.204022],[-101.89851,20.204009],[-101.901435,20.201849],[-101.904707,20.203008],[-101.906959,20.201428],[-101.907968,20.200046],[-101.909309,20.19451],[-101.909991,20.193831],[-101.91728,20.194819],[-101.918923,20.196193],[-101.919439,20.197629],[-101.918015,20.200902],[-101.918389,20.201889],[-101.918068,20.20295],[-101.915519,20.204034],[-101.91585,20.206459],[-101.915222,20.206666],[-101.911418,20.203396],[-101.910035,20.203034],[-101.909338,20.203405],[-101.908945,20.206573],[-101.907186,20.209933],[-101.907341,20.214107],[-101.909613,20.216479],[-101.915702,20.219197],[-101.91778,20.219331],[-101.918913,20.21886],[-101.921929,20.215627],[-101.926426,20.21226],[-101.928747,20.208353],[-101.929748,20.207963],[-101.931295,20.208468],[-101.931334,20.209791],[-101.929702,20.211522],[-101.929418,20.212822],[-101.929392,20.213785],[-101.930583,20.2164],[-101.928612,20.216899],[-101.928426,20.217714],[-101.931352,20.22177],[-101.932545,20.226286],[-101.937154,20.225532],[-101.938697,20.225967],[-101.939873,20.227082],[-101.93901,20.232659],[-101.936199,20.237346],[-101.938081,20.239268],[-101.938129,20.241383],[-101.936999,20.24268],[-101.93246,20.243103],[-101.932459,20.244826],[-101.934379,20.24927],[-101.941335,20.252186],[-101.944945,20.255077],[-101.946289,20.257254],[-101.946393,20.260449],[-101.94523,20.262268],[-101.943595,20.267137],[-101.943941,20.268291],[-101.947725,20.270765],[-101.949743,20.270313],[-101.951088,20.270948],[-101.9508,20.272308],[-101.947436,20.27412],[-101.946762,20.275843],[-101.945801,20.276749],[-101.941475,20.279468],[-101.938592,20.280011],[-101.936862,20.281461],[-101.936765,20.283275],[-101.937725,20.285089],[-101.939551,20.28518],[-101.942338,20.284002],[-101.945318,20.284003],[-101.946759,20.285092],[-101.947143,20.286362],[-101.945316,20.288628],[-101.943297,20.289806],[-101.94022,20.293976],[-101.935318,20.29479],[-101.934548,20.295878],[-101.934547,20.297691],[-101.940602,20.299235],[-101.943581,20.300778],[-101.945888,20.300235],[-101.949541,20.298423],[-101.950502,20.298876],[-101.952327,20.301416],[-101.956555,20.303865],[-101.959919,20.305136],[-101.959918,20.306587],[-101.959053,20.307493],[-101.955689,20.308762],[-101.956745,20.311936],[-101.956264,20.312933],[-101.953572,20.312933],[-101.95117,20.311572],[-101.950016,20.311481],[-101.948958,20.315107],[-101.957031,20.31783],[-101.95953,20.319826],[-101.960876,20.319554],[-101.962414,20.318013],[-101.963472,20.318557],[-101.962991,20.320099],[-101.955683,20.326626],[-101.951548,20.329345],[-101.948087,20.330251],[-101.947317,20.330976],[-101.94722,20.333334],[-101.944046,20.337957],[-101.943949,20.339408],[-101.944717,20.342129],[-101.945871,20.343127],[-101.949139,20.3434],[-101.95135,20.344307],[-101.95385,20.344036],[-101.957696,20.344763],[-101.96053,20.344355],[-101.962337,20.344689],[-101.964094,20.349861],[-101.966685,20.353129],[-101.9678,20.359288],[-101.968991,20.36026],[-101.970807,20.360263],[-101.974587,20.358238],[-101.9762,20.358001],[-101.980879,20.358565],[-101.987067,20.360362],[-101.989701,20.359614],[-101.989944,20.360789],[-101.99639,20.359643],[-101.997295,20.35892],[-101.996947,20.357354],[-101.998919,20.356755],[-101.999225,20.358276],[-102.000039,20.358123],[-101.999401,20.354717],[-102.003158,20.354451],[-102.00261,20.353792],[-102.003177,20.353485],[-102.009887,20.353332],[-102.01248,20.352144],[-102.013702,20.350632],[-102.013835,20.34791],[-102.010292,20.341088],[-102.009533,20.338229],[-102.005601,20.334891],[-102.004903,20.333066],[-102.006035,20.328253],[-102.007291,20.32673],[-102.013799,20.32793],[-102.015797,20.3293],[-102.014891,20.332155],[-102.017204,20.336085],[-102.016558,20.339377],[-102.017306,20.341767],[-102.018056,20.342678],[-102.021024,20.343026],[-102.02332,20.343935],[-102.025235,20.347982],[-102.023398,20.353146],[-102.02317,20.358565],[-102.021827,20.362984],[-102.017906,20.370899],[-102.011452,20.378558],[-102.010064,20.381856],[-102.010163,20.385333],[-102.013716,20.388813],[-102.013969,20.391059],[-102.013289,20.392979],[-102.01359,20.393898],[-102.016043,20.394556],[-102.018202,20.393516],[-102.018655,20.392581],[-102.018932,20.386009],[-102.022008,20.381206],[-102.022651,20.38089],[-102.026992,20.380922],[-102.036664,20.378565],[-102.044879,20.379348],[-102.051859,20.378742],[-102.056195,20.376906],[-102.060147,20.377009],[-102.065033,20.374922],[-102.066795,20.374769],[-102.070174,20.375897],[-102.071783,20.378084],[-102.073473,20.379173],[-102.081134,20.380194],[-102.086769,20.38476],[-102.089922,20.384732],[-102.09401,20.383743],[-102.096412,20.384257],[-102.097018,20.386974],[-102.096899,20.38922],[-102.09449,20.38977],[-102.091411,20.388819],[-102.090523,20.389433],[-102.089556,20.3916],[-102.087316,20.393998],[-102.088455,20.395622],[-102.087311,20.395516],[-102.086204,20.396472],[-102.086531,20.398926],[-102.085742,20.401746],[-102.084612,20.401634],[-102.084533,20.405009],[-102.082894,20.40538],[-102.0805,20.404048],[-102.079711,20.405005],[-102.080879,20.406963],[-102.078238,20.406833],[-102.077397,20.407778],[-102.077961,20.407715],[-102.077534,20.409244],[-102.07574,20.409191],[-102.074771,20.40864],[-102.071108,20.408916],[-102.071201,20.412631],[-102.071851,20.413533],[-102.071345,20.414466],[-102.073653,20.41508],[-102.074944,20.414599],[-102.075508,20.415517],[-102.076062,20.415307],[-102.076227,20.41653],[-102.075368,20.417283],[-102.075699,20.419063],[-102.078394,20.419608],[-102.078556,20.420576],[-102.079332,20.420917],[-102.078439,20.422867],[-102.077899,20.422114],[-102.07754,20.42272],[-102.075078,20.423515],[-102.074069,20.424853],[-102.074938,20.425842],[-102.07576,20.425476],[-102.076107,20.425785],[-102.075933,20.427456],[-102.076616,20.428159],[-102.075771,20.428151],[-102.075324,20.428887],[-102.073812,20.428424],[-102.073422,20.429975],[-102.072326,20.430496],[-102.071437,20.433592],[-102.069874,20.433539],[-102.069476,20.434505],[-102.067757,20.435319],[-102.068212,20.43635],[-102.066437,20.436967],[-102.067083,20.437678],[-102.067973,20.437622],[-102.068023,20.438563],[-102.066137,20.439028],[-102.0662,20.440787],[-102.064897,20.440793],[-102.06536,20.439738],[-102.064513,20.439602],[-102.064175,20.44072],[-102.062281,20.442102],[-102.061841,20.444798],[-102.061074,20.445183],[-102.060753,20.444343],[-102.059772,20.444141],[-102.058384,20.445336],[-102.057731,20.445242],[-102.058073,20.446696],[-102.055801,20.448246],[-102.056811,20.450512],[-102.056301,20.452031],[-102.051808,20.452413],[-102.051304,20.454525],[-102.050043,20.454098],[-102.049651,20.452859],[-102.048321,20.453452],[-102.04759,20.453222],[-102.046413,20.454597],[-102.045592,20.454827],[-102.046079,20.455781],[-102.044661,20.455716],[-102.043995,20.456592],[-102.045311,20.458521],[-102.045412,20.461328],[-102.044621,20.461927],[-102.044723,20.463568],[-102.045333,20.463931],[-102.043888,20.46503],[-102.042659,20.468309],[-102.043436,20.470802],[-102.045144,20.471655],[-102.044601,20.472817],[-102.042883,20.473049],[-102.042146,20.474222],[-102.04385,20.479224],[-102.04609,20.481689],[-102.046027,20.482614],[-102.044572,20.483845],[-102.043893,20.486487],[-102.039991,20.488203],[-102.038747,20.491381],[-102.037752,20.492216],[-102.035406,20.49306],[-102.032562,20.495464],[-102.030223,20.495971],[-102.029684,20.496708],[-102.028195,20.496542],[-102.028078,20.497769],[-102.029105,20.498115],[-102.028973,20.499673],[-102.028473,20.499941],[-102.028605,20.501357],[-102.027347,20.500816],[-102.026574,20.501147],[-102.025524,20.506108],[-102.022339,20.506652],[-102.02065,20.508175],[-102.020157,20.5101],[-102.020778,20.510232],[-102.020529,20.512351],[-102.019972,20.513545],[-102.020435,20.514873],[-102.019074,20.516041],[-102.01879,20.517757],[-102.016743,20.519246],[-102.015943,20.521186],[-102.013899,20.523581],[-102.012586,20.523697],[-102.011507,20.525327],[-102.0108,20.525301],[-102.010092,20.526059],[-102.009625,20.527336],[-102.010073,20.529978],[-102.008687,20.533167],[-102.010169,20.534582],[-102.013533,20.540088],[-102.014142,20.542596],[-102.012594,20.544466],[-102.011195,20.544988],[-102.006814,20.544835],[-102.004927,20.545515],[-102.004025,20.545264],[-102.003548,20.547249],[-102.003083,20.547215],[-101.998814,20.54557],[-101.998556,20.543513],[-101.999215,20.542711],[-101.998778,20.541311],[-101.996962,20.541263],[-101.995556,20.540508],[-101.994085,20.540894],[-101.993472,20.541599],[-101.994263,20.542412],[-101.993972,20.544334],[-101.992814,20.542131],[-101.991841,20.541972],[-101.989168,20.544645],[-101.987913,20.54528],[-101.98722,20.544407],[-101.987806,20.543729],[-101.987514,20.541951],[-101.9884,20.540912],[-101.988431,20.539637],[-101.987201,20.537054],[-101.983955,20.535009],[-101.982902,20.536913],[-101.982091,20.536907],[-101.98126,20.537887],[-101.981573,20.538876],[-101.98041,20.539975],[-101.980286,20.540997],[-101.978862,20.542838],[-101.976246,20.543416],[-101.974082,20.541942],[-101.975271,20.548716],[-101.975017,20.549829],[-101.969334,20.559084],[-101.968923,20.56213],[-101.944356,20.563832],[-101.928883,20.567718],[-101.930426,20.559832],[-101.929518,20.557541],[-101.929932,20.553151],[-101.930652,20.550953],[-101.930837,20.545604],[-101.899412,20.558952],[-101.894957,20.563098],[-101.892028,20.556195],[-101.893377,20.556213],[-101.890148,20.546955],[-101.885928,20.545895],[-101.882955,20.545778],[-101.88218,20.545073],[-101.878987,20.546212],[-101.876426,20.54612],[-101.873148,20.547871],[-101.868147,20.545714],[-101.867349,20.546138],[-101.868222,20.54202],[-101.863257,20.540853],[-101.862817,20.541891],[-101.858161,20.540058],[-101.85481,20.543001],[-101.854611,20.543774],[-101.85575,20.547057],[-101.854632,20.548349],[-101.854186,20.550292],[-101.851541,20.555903],[-101.851051,20.560971],[-101.84911,20.570156],[-101.849586,20.570317],[-101.849339,20.57418],[-101.848146,20.574351],[-101.848544,20.571702],[-101.844351,20.573577],[-101.842527,20.572119],[-101.83533,20.572802],[-101.834542,20.570544],[-101.824564,20.574457],[-101.825477,20.577167],[-101.812316,20.57873],[-101.812852,20.583685],[-101.809713,20.582945],[-101.807991,20.583243],[-101.807383,20.58456],[-101.807893,20.586539],[-101.808825,20.586904],[-101.809401,20.588127],[-101.808164,20.590877],[-101.80845,20.595255],[-101.803445,20.595382],[-101.805542,20.599139],[-101.805192,20.600377],[-101.806873,20.603732],[-101.805971,20.603763],[-101.807203,20.607204],[-101.797009,20.613342],[-101.79521,20.613734],[-101.794617,20.61722],[-101.793112,20.617379],[-101.790562,20.618598],[-101.785847,20.618833],[-101.776167,20.622726],[-101.770693,20.617277]]]]}},{"type":"Feature","properties":{"cvegeo":"11043","cve_ent":"11","cve_mun":"043","nombre":"Victoria"},"geometry":{"type":"MultiPolygon","crs":{"type":"name","properties":{"name":"EPSG:6365"}},"coordinates":[[[[-100.220812,21.664588],[-100.210677,21.658867],[-100.20613,21.657534],[-100.20108,21.652633],[-100.194447,21.64738],[-100.192182,21.646891],[-100.190186,21.647205],[-100.18476,21.650673],[-100.184122,21.650716],[-100.183214,21.649362],[-100.181492,21.649524],[-100.179635,21.65079],[-100.177441,21.648649],[-100.167838,21.636024],[-100.167149,21.634118],[-100.171095,21.631394],[-100.172483,21.629331],[-100.171727,21.627469],[-100.171369,21.623413],[-100.172191,21.622152],[-100.172545,21.617889],[-100.17409,21.615174],[-100.174451,21.610019],[-100.172151,21.606195],[-100.172073,21.605152],[-100.171098,21.604123],[-100.171443,21.601266],[-100.170302,21.600886],[-100.167632,21.601321],[-100.161508,21.604811],[-100.16064,21.605996],[-100.160287,21.60791],[-100.158122,21.611125],[-100.157522,21.613436],[-100.154366,21.617354],[-100.151077,21.618208],[-100.150178,21.618884],[-100.148057,21.617724],[-100.147285,21.617937],[-100.12493,21.594115],[-100.124978,21.593466],[-100.112454,21.587293],[-100.07608,21.558057],[-100.062276,21.523305],[-100.064097,21.513271],[-100.058048,21.495666],[-100.06105,21.491351],[-100.067166,21.490707],[-100.066798,21.483567],[-100.074211,21.475136],[-100.081404,21.478021],[-100.08803,21.468729],[-100.088961,21.46843],[-100.089896,21.466171],[-100.092059,21.463602],[-100.096358,21.462021],[-100.098117,21.46284],[-100.099493,21.464802],[-100.103305,21.464921],[-100.105799,21.465898],[-100.104125,21.46443],[-100.086036,21.453385],[-100.090322,21.444739],[-100.088707,21.43206],[-100.08879,21.422165],[-100.087532,21.415172],[-100.083298,21.402906],[-100.105331,21.409323],[-100.131961,21.407208],[-100.133579,21.404841],[-100.132734,21.403513],[-100.133362,21.401841],[-100.133223,21.400204],[-100.118597,21.3917],[-100.122463,21.38876],[-100.119954,21.388536],[-100.11649,21.378303],[-100.105198,21.371364],[-100.107227,21.368605],[-100.110776,21.367945],[-100.112188,21.366231],[-100.11765,21.364518],[-100.117391,21.354057],[-100.122502,21.352891],[-100.12403,21.354376],[-100.128947,21.341397],[-100.127773,21.339123],[-100.128967,21.338964],[-100.128971,21.33503],[-100.134695,21.331739],[-100.135023,21.330738],[-100.135938,21.330964],[-100.137345,21.329926],[-100.139166,21.329706],[-100.140392,21.330282],[-100.142216,21.327481],[-100.146659,21.324789],[-100.148862,21.324679],[-100.150158,21.322149],[-100.150255,21.321351],[-100.148393,21.320559],[-100.148116,21.31822],[-100.145089,21.318407],[-100.144818,21.31767],[-100.147286,21.316842],[-100.149178,21.314737],[-100.14768,21.31116],[-100.150289,21.310955],[-100.152509,21.303679],[-100.151676,21.302762],[-100.149772,21.302239],[-100.149191,21.300813],[-100.147244,21.298675],[-100.146133,21.292868],[-100.144957,21.291817],[-100.141292,21.291144],[-100.140257,21.290417],[-100.140467,21.289742],[-100.139432,21.289305],[-100.138006,21.289556],[-100.136311,21.288849],[-100.135296,21.287747],[-100.135073,21.286223],[-100.133175,21.283759],[-100.133369,21.283076],[-100.137144,21.281227],[-100.137192,21.280794],[-100.134484,21.269197],[-100.133323,21.267758],[-100.129857,21.269479],[-100.129397,21.267246],[-100.125731,21.258371],[-100.136411,21.251639],[-100.137533,21.249747],[-100.136744,21.249295],[-100.138417,21.248131],[-100.14023,21.247288],[-100.141866,21.247446],[-100.142833,21.246161],[-100.148454,21.245892],[-100.149267,21.244973],[-100.149359,21.244584],[-100.148074,21.244438],[-100.14693,21.242879],[-100.147993,21.241681],[-100.147564,21.239428],[-100.15056,21.237216],[-100.150754,21.236465],[-100.149834,21.236143],[-100.149569,21.23403],[-100.146746,21.231796],[-100.146903,21.230647],[-100.145947,21.22972],[-100.146058,21.228235],[-100.148755,21.226833],[-100.147401,21.216704],[-100.141839,21.21872],[-100.13409,21.218816],[-100.130263,21.215542],[-100.131205,21.213622],[-100.130453,21.213162],[-100.130277,21.208156],[-100.136234,21.205932],[-100.137477,21.206407],[-100.137493,21.200322],[-100.140655,21.199856],[-100.139396,21.198092],[-100.137774,21.196874],[-100.139488,21.196463],[-100.140563,21.195625],[-100.140811,21.194128],[-100.140375,21.19254],[-100.138488,21.191019],[-100.137835,21.189624],[-100.142031,21.18735],[-100.14065,21.184262],[-100.146753,21.183582],[-100.147442,21.184515],[-100.149747,21.185763],[-100.150508,21.186031],[-100.150951,21.185432],[-100.15064,21.184384],[-100.151709,21.183409],[-100.151828,21.182405],[-100.146805,21.164104],[-100.153781,21.162032],[-100.152474,21.156117],[-100.155358,21.149564],[-100.161948,21.145301],[-100.163028,21.141132],[-100.163451,21.136505],[-100.1741,21.131686],[-100.188323,21.131204],[-100.194115,21.126464],[-100.196059,21.125619],[-100.197046,21.12626],[-100.204849,21.122147],[-100.20691,21.107405],[-100.234906,21.117207],[-100.240088,21.120495],[-100.242879,21.123979],[-100.242201,21.125375],[-100.243463,21.126752],[-100.245434,21.127032],[-100.250169,21.132809],[-100.253156,21.134658],[-100.256556,21.135998],[-100.255689,21.14179],[-100.258768,21.142854],[-100.261968,21.14674],[-100.269859,21.15199],[-100.272001,21.155253],[-100.273817,21.160167],[-100.277245,21.163568],[-100.281694,21.166038],[-100.291086,21.168273],[-100.303527,21.184175],[-100.300955,21.185973],[-100.30075,21.188054],[-100.299602,21.188043],[-100.297105,21.190212],[-100.307689,21.190015],[-100.307948,21.198142],[-100.313952,21.200672],[-100.314714,21.205293],[-100.321746,21.208645],[-100.324153,21.208981],[-100.324968,21.209546],[-100.332758,21.210224],[-100.337007,21.219536],[-100.338352,21.219403],[-100.339658,21.218422],[-100.337352,21.210965],[-100.338709,21.210894],[-100.338633,21.209486],[-100.343434,21.211909],[-100.343489,21.216577],[-100.347621,21.214777],[-100.351714,21.211025],[-100.353719,21.216833],[-100.356732,21.216393],[-100.356286,21.22163],[-100.360999,21.221035],[-100.358631,21.223664],[-100.360723,21.232549],[-100.360058,21.245287],[-100.364872,21.245137],[-100.364465,21.248806],[-100.363124,21.251896],[-100.365105,21.254148],[-100.3779,21.258098],[-100.379202,21.260505],[-100.378724,21.262112],[-100.382202,21.264489],[-100.37125,21.277971],[-100.371679,21.295316],[-100.372373,21.3006],[-100.362734,21.308676],[-100.361442,21.306827],[-100.359181,21.306366],[-100.358387,21.307009],[-100.359017,21.308666],[-100.358129,21.309346],[-100.35644,21.308923],[-100.355931,21.310645],[-100.355291,21.310305],[-100.354891,21.31066],[-100.354564,21.312575],[-100.352281,21.312763],[-100.354969,21.314984],[-100.35501,21.31727],[-100.352359,21.315849],[-100.351498,21.318118],[-100.348445,21.319517],[-100.346818,21.319549],[-100.345392,21.320777],[-100.343721,21.320869],[-100.342559,21.321583],[-100.342692,21.322289],[-100.344441,21.32352],[-100.344892,21.325088],[-100.34721,21.32595],[-100.347394,21.32789],[-100.348073,21.328036],[-100.34885,21.329846],[-100.350853,21.330633],[-100.352253,21.332291],[-100.35309,21.332222],[-100.353223,21.331558],[-100.354358,21.331023],[-100.356155,21.330886],[-100.358238,21.331378],[-100.358521,21.332163],[-100.360783,21.331639],[-100.364036,21.333848],[-100.365692,21.333896],[-100.366813,21.332716],[-100.368752,21.33369],[-100.367297,21.334768],[-100.366393,21.336752],[-100.366571,21.339874],[-100.367525,21.341266],[-100.365406,21.341644],[-100.364025,21.342569],[-100.365119,21.34411],[-100.367284,21.345564],[-100.368287,21.347691],[-100.367859,21.349632],[-100.366084,21.351451],[-100.366266,21.352678],[-100.363081,21.357773],[-100.361619,21.358568],[-100.359683,21.360975],[-100.356984,21.365771],[-100.357314,21.366723],[-100.356754,21.36772],[-100.354255,21.368686],[-100.357685,21.368734],[-100.360708,21.369547],[-100.366001,21.372673],[-100.365248,21.374631],[-100.361162,21.382497],[-100.355036,21.39135],[-100.348862,21.388303],[-100.347316,21.390053],[-100.341146,21.394874],[-100.34548,21.395718],[-100.341612,21.400101],[-100.343167,21.403058],[-100.339959,21.404287],[-100.339331,21.406181],[-100.341423,21.408677],[-100.341292,21.410269],[-100.34321,21.414636],[-100.342823,21.41469],[-100.342872,21.418372],[-100.344106,21.423198],[-100.341385,21.424275],[-100.338406,21.42389],[-100.336886,21.425026],[-100.333648,21.425681],[-100.331212,21.427661],[-100.327915,21.428388],[-100.326799,21.427691],[-100.325302,21.428495],[-100.323851,21.427613],[-100.323924,21.425393],[-100.319657,21.424551],[-100.318123,21.422511],[-100.318386,21.421621],[-100.31793,21.420967],[-100.318609,21.416918],[-100.317711,21.416828],[-100.315623,21.421152],[-100.31273,21.422665],[-100.311295,21.422212],[-100.310224,21.422566],[-100.308064,21.421503],[-100.305996,21.419208],[-100.304737,21.419123],[-100.303873,21.418236],[-100.299627,21.418792],[-100.295236,21.426666],[-100.291417,21.42781],[-100.290519,21.430748],[-100.293916,21.432786],[-100.296895,21.437145],[-100.299461,21.438151],[-100.299147,21.441696],[-100.298075,21.44202],[-100.298258,21.444581],[-100.296527,21.444511],[-100.295945,21.443572],[-100.29573,21.444551],[-100.289552,21.44272],[-100.275539,21.447177],[-100.272395,21.446621],[-100.269601,21.44425],[-100.263209,21.450105],[-100.262044,21.45333],[-100.264698,21.455538],[-100.265403,21.45918],[-100.255378,21.46295],[-100.249555,21.466637],[-100.246487,21.46697],[-100.245263,21.468112],[-100.24348,21.467868],[-100.24258,21.466721],[-100.241894,21.466577],[-100.235488,21.470536],[-100.231544,21.469562],[-100.229626,21.469904],[-100.228569,21.468726],[-100.226424,21.468742],[-100.218698,21.498921],[-100.219832,21.499156],[-100.220344,21.497521],[-100.223203,21.496779],[-100.225539,21.491821],[-100.22684,21.491824],[-100.233304,21.486539],[-100.234489,21.486241],[-100.234039,21.486801],[-100.235645,21.487628],[-100.237536,21.487006],[-100.239485,21.488325],[-100.240602,21.490706],[-100.243557,21.493047],[-100.243937,21.4948],[-100.242989,21.497034],[-100.242137,21.497604],[-100.242615,21.498492],[-100.241691,21.498799],[-100.242345,21.499259],[-100.243502,21.5023],[-100.243212,21.503137],[-100.244043,21.505007],[-100.243427,21.506049],[-100.243874,21.506001],[-100.247654,21.510983],[-100.235809,21.511849],[-100.225806,21.516389],[-100.238529,21.521762],[-100.230795,21.536612],[-100.239236,21.548039],[-100.239301,21.548872],[-100.234156,21.548341],[-100.233756,21.549484],[-100.234418,21.550441],[-100.233469,21.551434],[-100.233251,21.552795],[-100.230609,21.553055],[-100.23007,21.554737],[-100.229328,21.554728],[-100.228481,21.555788],[-100.227904,21.557537],[-100.228541,21.559244],[-100.229803,21.560315],[-100.222989,21.56072],[-100.216067,21.558263],[-100.213972,21.563221],[-100.213451,21.566409],[-100.214198,21.567778],[-100.221256,21.572516],[-100.214844,21.576187],[-100.217588,21.577838],[-100.212158,21.58629],[-100.210972,21.586429],[-100.209717,21.585536],[-100.20754,21.58635],[-100.206521,21.586224],[-100.203728,21.58996],[-100.203842,21.590868],[-100.205431,21.592971],[-100.209347,21.594044],[-100.211489,21.595558],[-100.211855,21.597132],[-100.212874,21.596651],[-100.212808,21.597143],[-100.213991,21.598266],[-100.21321,21.598693],[-100.210098,21.603704],[-100.208884,21.604359],[-100.209226,21.60621],[-100.207402,21.608728],[-100.208047,21.609825],[-100.207676,21.610408],[-100.203779,21.611046],[-100.202996,21.61037],[-100.201999,21.611648],[-100.201407,21.614409],[-100.195861,21.618319],[-100.196736,21.61882],[-100.20602,21.612997],[-100.211859,21.61633],[-100.218134,21.620875],[-100.22819,21.631499],[-100.224022,21.63359],[-100.219939,21.630778],[-100.218331,21.630859],[-100.21777,21.6316],[-100.216745,21.631214],[-100.21626,21.632539],[-100.217336,21.633745],[-100.21667,21.634828],[-100.217457,21.635666],[-100.21747,21.637364],[-100.219396,21.63946],[-100.218868,21.641791],[-100.220432,21.642925],[-100.220964,21.64462],[-100.221964,21.645704],[-100.220962,21.646678],[-100.223044,21.649004],[-100.223501,21.650418],[-100.222981,21.651646],[-100.224219,21.652806],[-100.224509,21.654103],[-100.224508,21.655709],[-100.223613,21.65645],[-100.224107,21.659086],[-100.223433,21.659776],[-100.223768,21.660693],[-100.222792,21.664781],[-100.223184,21.665635],[-100.222275,21.665652],[-100.220812,21.664588]]]]}},{"type":"Feature","properties":{"cvegeo":"11031","cve_ent":"11","cve_mun":"031","nombre":"San Francisco del Rincón"},"geometry":{"type":"MultiPolygon","crs":{"type":"name","properties":{"name":"EPSG:6365"}},"coordinates":[[[[-101.835351,21.055352],[-101.833483,21.053238],[-101.831859,21.053408],[-101.831645,21.05397],[-101.830494,21.053851],[-101.829187,21.052794],[-101.829101,21.046155],[-101.825977,21.045619],[-101.823084,21.046266],[-101.822854,21.046956],[-101.821818,21.047042],[-101.820869,21.046916],[-101.819145,21.045206],[-101.822341,21.037994],[-101.82108,21.035949],[-101.800673,21.043659],[-101.793325,21.045278],[-101.78544,21.048922],[-101.779879,21.042521],[-101.782592,21.032467],[-101.782197,21.030973],[-101.781395,21.031066],[-101.779711,21.028358],[-101.779556,21.026591],[-101.782121,21.022416],[-101.783832,21.01625],[-101.775132,21.014914],[-101.75943,21.009575],[-101.752554,21.007996],[-101.747828,21.0071],[-101.74452,21.00816],[-101.744832,21.006582],[-101.730414,21.005253],[-101.732884,21.002112],[-101.73417,20.999452],[-101.735829,20.987737],[-101.735512,20.985601],[-101.73589,20.984175],[-101.738373,20.981823],[-101.735239,20.983059],[-101.725354,20.982331],[-101.711118,20.982982],[-101.709923,20.991523],[-101.699929,20.992158],[-101.701516,20.996814],[-101.701406,20.997663],[-101.668373,20.994209],[-101.671418,20.951037],[-101.703569,20.954465],[-101.712637,20.954533],[-101.715417,20.940914],[-101.717831,20.925396],[-101.717686,20.915633],[-101.722071,20.910208],[-101.722405,20.909047],[-101.718784,20.908282],[-101.718124,20.909315],[-101.71884,20.907326],[-101.717891,20.907178],[-101.716267,20.909781],[-101.710252,20.907038],[-101.700188,20.905173],[-101.697008,20.894048],[-101.704517,20.839661],[-101.705187,20.831807],[-101.708662,20.810573],[-101.703276,20.809998],[-101.705444,20.804778],[-101.704691,20.804166],[-101.713729,20.803884],[-101.717243,20.802843],[-101.718132,20.80195],[-101.719373,20.798138],[-101.721352,20.797692],[-101.723212,20.795578],[-101.745311,20.793857],[-101.764361,20.796769],[-101.770751,20.799644],[-101.789806,20.811313],[-101.803293,20.820903],[-101.809826,20.824236],[-101.804639,20.833912],[-101.807812,20.836166],[-101.808271,20.835282],[-101.808956,20.835828],[-101.810733,20.836032],[-101.813109,20.835638],[-101.831606,20.836271],[-101.845731,20.836146],[-101.846796,20.839734],[-101.848084,20.837591],[-101.850552,20.840578],[-101.852512,20.840509],[-101.854968,20.838491],[-101.855102,20.836225],[-101.852485,20.831891],[-101.854127,20.830375],[-101.856406,20.826858],[-101.859566,20.83612],[-101.861801,20.836169],[-101.861095,20.846142],[-101.903019,20.826249],[-101.903094,20.830732],[-101.899468,20.83734],[-101.885404,20.873287],[-101.885868,20.88798],[-101.887053,20.901557],[-101.886651,20.903978],[-101.885567,20.905285],[-101.882135,20.914492],[-101.872552,20.944114],[-101.864165,20.967289],[-101.863324,20.968858],[-101.860372,20.970656],[-101.862688,20.973084],[-101.861981,20.973892],[-101.86119,20.977749],[-101.861291,20.980364],[-101.862951,20.981949],[-101.861856,20.983293],[-101.861328,20.985157],[-101.859355,20.98503],[-101.85654,20.997022],[-101.872059,21.003058],[-101.873623,21.004191],[-101.874444,21.009671],[-101.873731,21.010523],[-101.873522,21.020495],[-101.869771,21.019975],[-101.869522,21.020468],[-101.869488,21.038213],[-101.867841,21.038163],[-101.8649,21.039216],[-101.864894,21.040532],[-101.862393,21.038787],[-101.855253,21.038026],[-101.847796,21.03876],[-101.84415,21.039909],[-101.842527,21.045357],[-101.83922,21.044506],[-101.837283,21.046986],[-101.835876,21.047808],[-101.836515,21.049744],[-101.835253,21.050689],[-101.83497,21.051566],[-101.835665,21.055568],[-101.835351,21.055352]]]]}},{"type":"Feature","properties":{"cvegeo":"11037","cve_ent":"11","cve_mun":"037","nombre":"Silao de la Victoria"},"geometry":{"type":"MultiPolygon","crs":{"type":"name","properties":{"name":"EPSG:6365"}},"coordinates":[[[[-101.47051,21.152461],[-101.464656,21.151494],[-101.460427,21.15213],[-101.457141,21.151349],[-101.454173,21.151764],[-101.452481,21.151409],[-101.452712,21.149776],[-101.451588,21.148559],[-101.444646,21.146852],[-101.443738,21.140062],[-101.442684,21.138921],[-101.440047,21.140679],[-101.438444,21.140368],[-101.436921,21.138605],[-101.434777,21.137286],[-101.435654,21.13521],[-101.435007,21.134481],[-101.436059,21.13325],[-101.43624,21.131946],[-101.435481,21.131124],[-101.433972,21.130656],[-101.434183,21.129718],[-101.4331,21.128546],[-101.431673,21.128158],[-101.429581,21.124736],[-101.436333,21.098953],[-101.430499,21.097745],[-101.429694,21.096887],[-101.427565,21.097649],[-101.426309,21.096568],[-101.426182,21.094665],[-101.424663,21.094436],[-101.422875,21.095473],[-101.422703,21.096246],[-101.423293,21.0973],[-101.422538,21.098132],[-101.421311,21.098061],[-101.42045,21.097307],[-101.418654,21.097708],[-101.416383,21.096515],[-101.413074,21.097926],[-101.412199,21.09863],[-101.412216,21.100374],[-101.410018,21.101456],[-101.409417,21.102516],[-101.407776,21.10283],[-101.407222,21.10367],[-101.406284,21.103825],[-101.406019,21.102776],[-101.403662,21.101993],[-101.40548,21.100811],[-101.404525,21.10062],[-101.40324,21.099135],[-101.401382,21.098676],[-101.401868,21.097256],[-101.403582,21.09691],[-101.404814,21.095313],[-101.4042,21.093545],[-101.402658,21.092484],[-101.402269,21.090137],[-101.40115,21.089471],[-101.399901,21.087548],[-101.401404,21.086655],[-101.401142,21.086004],[-101.404833,21.086104],[-101.402017,21.071586],[-101.398658,21.068958],[-101.374002,21.054065],[-101.367887,21.045381],[-101.358156,21.038811],[-101.355528,21.037549],[-101.354337,21.037635],[-101.35459,21.036658],[-101.34958,21.03379],[-101.348447,21.032603],[-101.354682,21.019393],[-101.355907,21.01842],[-101.356354,21.017364],[-101.357092,21.017139],[-101.358508,21.014928],[-101.359516,21.014313],[-101.359147,21.015859],[-101.359971,21.014931],[-101.361076,21.015225],[-101.359806,21.013957],[-101.357463,21.013308],[-101.35457,21.011396],[-101.353983,21.0115],[-101.352718,21.009539],[-101.350853,21.008271],[-101.34712,21.006789],[-101.347251,21.004435],[-101.346351,21.003206],[-101.348232,21.001668],[-101.348026,21.001372],[-101.342106,20.998881],[-101.341873,20.998259],[-101.340867,20.997977],[-101.339301,20.996537],[-101.339626,20.996333],[-101.334234,20.993353],[-101.332671,20.993114],[-101.335308,20.990897],[-101.334928,20.988996],[-101.339618,20.952515],[-101.358408,20.954344],[-101.361682,20.949388],[-101.360728,20.948059],[-101.35625,20.945704],[-101.350673,20.945034],[-101.351095,20.94308],[-101.340546,20.945213],[-101.340151,20.944854],[-101.34136,20.933908],[-101.342708,20.927694],[-101.348783,20.928139],[-101.349008,20.927285],[-101.350892,20.927412],[-101.346719,20.91766],[-101.343448,20.917405],[-101.343172,20.92311],[-101.330513,20.921913],[-101.325623,20.922229],[-101.326214,20.920941],[-101.327059,20.920744],[-101.327777,20.919807],[-101.327979,20.916911],[-101.326144,20.916099],[-101.322616,20.91627],[-101.321856,20.910667],[-101.326778,20.910697],[-101.327226,20.909891],[-101.327393,20.906455],[-101.329464,20.906246],[-101.33115,20.904817],[-101.329951,20.903537],[-101.329005,20.903575],[-101.328418,20.902672],[-101.326726,20.902004],[-101.324276,20.902511],[-101.324912,20.898028],[-101.325695,20.896383],[-101.317832,20.89504],[-101.318404,20.884254],[-101.321389,20.88445],[-101.323387,20.880916],[-101.32711,20.878503],[-101.3279,20.875627],[-101.330321,20.875088],[-101.330709,20.871543],[-101.339424,20.870142],[-101.346939,20.861748],[-101.349773,20.861167],[-101.35303,20.844706],[-101.355341,20.84425],[-101.358819,20.840004],[-101.362937,20.840347],[-101.363473,20.842862],[-101.364528,20.842904],[-101.364827,20.844047],[-101.366773,20.846178],[-101.3706,20.846449],[-101.371066,20.840905],[-101.408571,20.843797],[-101.409617,20.832419],[-101.410601,20.800975],[-101.41121,20.80068],[-101.423417,20.800792],[-101.423264,20.80261],[-101.437142,20.801153],[-101.455478,20.799979],[-101.460091,20.805858],[-101.459741,20.808336],[-101.460108,20.811389],[-101.461176,20.811945],[-101.464031,20.821834],[-101.464278,20.824533],[-101.463872,20.824682],[-101.462748,20.830166],[-101.462991,20.83076],[-101.46179,20.834106],[-101.459893,20.847457],[-101.50066,20.851507],[-101.50443,20.851388],[-101.501593,20.859872],[-101.502768,20.859788],[-101.504267,20.861918],[-101.50772,20.861899],[-101.507775,20.863576],[-101.508355,20.863565],[-101.508531,20.866951],[-101.497906,20.866944],[-101.49754,20.869456],[-101.498111,20.874664],[-101.497695,20.890993],[-101.499508,20.891088],[-101.499159,20.902686],[-101.499447,20.906603],[-101.500146,20.906631],[-101.500213,20.909329],[-101.501283,20.909427],[-101.501516,20.911685],[-101.507372,20.912151],[-101.507727,20.913524],[-101.499982,20.912964],[-101.500026,20.914144],[-101.498663,20.914082],[-101.498778,20.916038],[-101.519613,20.917811],[-101.520644,20.933111],[-101.519167,20.939183],[-101.534279,20.940897],[-101.540604,20.942204],[-101.540581,20.944237],[-101.549194,20.945065],[-101.548769,20.948758],[-101.55282,20.951719],[-101.552308,20.954924],[-101.552694,20.956934],[-101.552039,20.956584],[-101.551727,20.957982],[-101.559627,20.957429],[-101.560642,20.949995],[-101.564085,20.950428],[-101.563883,20.957906],[-101.565881,20.957208],[-101.566809,20.96039],[-101.568261,20.960293],[-101.568539,20.961493],[-101.563438,20.963578],[-101.562069,20.978999],[-101.580484,20.975062],[-101.58176,20.976895],[-101.577709,21.001975],[-101.570522,21.001096],[-101.569015,21.002239],[-101.568105,21.005459],[-101.567859,21.010458],[-101.577885,21.011774],[-101.575313,21.016812],[-101.572126,21.015779],[-101.571276,21.018367],[-101.570509,21.01819],[-101.569677,21.019582],[-101.576163,21.021557],[-101.575358,21.02447],[-101.574391,21.024065],[-101.574133,21.0279],[-101.573114,21.029543],[-101.563205,21.025767],[-101.546593,21.024233],[-101.545496,21.014113],[-101.542205,21.014307],[-101.542169,21.015492],[-101.535238,21.016391],[-101.536134,21.018793],[-101.529603,21.015276],[-101.528559,21.016833],[-101.522829,21.015632],[-101.522845,21.014151],[-101.499367,21.010496],[-101.498742,21.018424],[-101.499604,21.018491],[-101.49925,21.022644],[-101.497818,21.022679],[-101.497324,21.027319],[-101.485796,21.026393],[-101.483856,21.044134],[-101.488465,21.044392],[-101.486603,21.063061],[-101.484735,21.090471],[-101.482603,21.107351],[-101.483134,21.10778],[-101.482809,21.108239],[-101.482507,21.107806],[-101.481711,21.111163],[-101.482452,21.112351],[-101.481419,21.113141],[-101.481373,21.114081],[-101.480635,21.114313],[-101.48027,21.117318],[-101.479746,21.117928],[-101.480359,21.118716],[-101.479872,21.119429],[-101.480288,21.119964],[-101.479992,21.120509],[-101.479556,21.12037],[-101.478003,21.127867],[-101.477306,21.128949],[-101.47714,21.130688],[-101.47765,21.131079],[-101.475823,21.132453],[-101.47643,21.132918],[-101.476431,21.133797],[-101.474764,21.141616],[-101.474371,21.141819],[-101.474684,21.141996],[-101.472524,21.152246],[-101.471015,21.152595],[-101.47051,21.152461]]]]}},{"type":"Feature","properties":{"cvegeo":"11021","cve_ent":"11","cve_mun":"021","nombre":"Moroleón"},"geometry":{"type":"MultiPolygon","crs":{"type":"name","properties":{"name":"EPSG:6365"}},"coordinates":[[[[-101.251239,20.161564],[-101.245793,20.160425],[-101.243375,20.15861],[-101.243219,20.154987],[-101.242035,20.155092],[-101.241979,20.151291],[-101.240946,20.151458],[-101.238926,20.153467],[-101.237507,20.154157],[-101.237035,20.155576],[-101.239884,20.159633],[-101.237195,20.160131],[-101.236609,20.158823],[-101.234527,20.158326],[-101.232997,20.157311],[-101.230513,20.154607],[-101.229424,20.152655],[-101.229163,20.150404],[-101.226356,20.148209],[-101.222879,20.147038],[-101.219247,20.1478],[-101.212891,20.145122],[-101.210162,20.144664],[-101.208268,20.143056],[-101.209044,20.145128],[-101.203932,20.147355],[-101.203625,20.1495],[-101.202513,20.150238],[-101.201558,20.147561],[-101.198187,20.144836],[-101.198035,20.143923],[-101.195721,20.141916],[-101.191922,20.139615],[-101.191538,20.138539],[-101.184825,20.139347],[-101.184396,20.137627],[-101.183549,20.13719],[-101.18409,20.135845],[-101.180886,20.134326],[-101.182052,20.132079],[-101.178809,20.126875],[-101.180219,20.126407],[-101.180412,20.125449],[-101.17802,20.12163],[-101.179448,20.12096],[-101.180465,20.122726],[-101.179943,20.122882],[-101.180503,20.124032],[-101.181645,20.123607],[-101.181276,20.122759],[-101.182149,20.122357],[-101.181806,20.121485],[-101.183865,20.118317],[-101.18327,20.114388],[-101.18436,20.113547],[-101.184068,20.111883],[-101.184919,20.112001],[-101.185109,20.111521],[-101.184833,20.106318],[-101.189658,20.10284],[-101.191718,20.10474],[-101.195868,20.104461],[-101.199789,20.106099],[-101.20068,20.10586],[-101.199204,20.101165],[-101.199743,20.091458],[-101.198684,20.091097],[-101.198743,20.091757],[-101.197618,20.092505],[-101.196181,20.092201],[-101.195358,20.091434],[-101.196281,20.087439],[-101.195294,20.086266],[-101.19281,20.085828],[-101.193882,20.082236],[-101.192505,20.0791],[-101.196025,20.076546],[-101.19579,20.07308],[-101.196227,20.072347],[-101.204988,20.070611],[-101.202644,20.062652],[-101.202152,20.05721],[-101.202078,20.053688],[-101.20323,20.046318],[-101.210194,20.047436],[-101.211843,20.037677],[-101.20801,20.036911],[-101.208087,20.036554],[-101.206716,20.036278],[-101.206793,20.035761],[-101.204708,20.03489],[-101.203608,20.034722],[-101.202618,20.035366],[-101.20227,20.036464],[-101.201381,20.035726],[-101.201521,20.034948],[-101.200097,20.034556],[-101.199588,20.035477],[-101.193243,20.034474],[-101.192903,20.037845],[-101.193258,20.039601],[-101.19217,20.047468],[-101.193386,20.049034],[-101.19479,20.049185],[-101.194564,20.050676],[-101.195674,20.051291],[-101.194264,20.054263],[-101.197537,20.054614],[-101.198132,20.057251],[-101.197281,20.057423],[-101.182694,20.053274],[-101.18137,20.053372],[-101.181017,20.052078],[-101.17683,20.050568],[-101.16934,20.045765],[-101.167482,20.042776],[-101.16664,20.042466],[-101.167068,20.045235],[-101.164674,20.046204],[-101.159997,20.041981],[-101.160352,20.0402],[-101.179319,20.029571],[-101.182295,20.026861],[-101.186941,20.027572],[-101.191143,20.027301],[-101.193614,20.026527],[-101.196282,20.024861],[-101.201532,20.025739],[-101.203056,20.007224],[-101.213476,20.010809],[-101.220726,20.011436],[-101.220941,20.012387],[-101.226286,20.019486],[-101.229988,20.022936],[-101.230774,20.02512],[-101.230121,20.026689],[-101.230357,20.027266],[-101.238346,20.032119],[-101.247234,20.027738],[-101.247256,20.025935],[-101.250766,20.023264],[-101.249966,20.02842],[-101.250603,20.028888],[-101.25274,20.033615],[-101.253031,20.035496],[-101.256708,20.034845],[-101.261067,20.032411],[-101.270856,20.031106],[-101.27179,20.030325],[-101.277238,20.029237],[-101.280972,20.027544],[-101.28317,20.030713],[-101.291666,20.036065],[-101.291214,20.047413],[-101.301109,20.042904],[-101.303764,20.042308],[-101.302697,20.046802],[-101.304317,20.048434],[-101.304441,20.05086],[-101.305125,20.051815],[-101.310071,20.051437],[-101.31539,20.048928],[-101.318298,20.048671],[-101.319642,20.049583],[-101.321601,20.05823],[-101.321437,20.060059],[-101.322371,20.061603],[-101.323238,20.06503],[-101.324692,20.067555],[-101.325036,20.071246],[-101.324666,20.073845],[-101.324497,20.074176],[-101.323172,20.07341],[-101.321916,20.078423],[-101.322769,20.079187],[-101.323546,20.079067],[-101.324335,20.080723],[-101.324255,20.084057],[-101.322774,20.085478],[-101.311671,20.087059],[-101.311409,20.090794],[-101.310385,20.091801],[-101.310595,20.092884],[-101.314283,20.092646],[-101.315573,20.097466],[-101.310918,20.100139],[-101.307277,20.097961],[-101.306477,20.098258],[-101.303593,20.100097],[-101.303112,20.101807],[-101.301817,20.103126],[-101.301444,20.105219],[-101.302273,20.107572],[-101.288108,20.113979],[-101.289578,20.119239],[-101.290504,20.119977],[-101.288656,20.124071],[-101.285032,20.124584],[-101.283861,20.123584],[-101.282792,20.123406],[-101.282062,20.122216],[-101.281794,20.123302],[-101.280572,20.123972],[-101.276816,20.123331],[-101.275743,20.124564],[-101.275711,20.126243],[-101.271687,20.126882],[-101.269594,20.129738],[-101.269529,20.132662],[-101.268845,20.133055],[-101.268867,20.134115],[-101.268101,20.13394],[-101.268045,20.137979],[-101.26712,20.138853],[-101.268862,20.139949],[-101.268093,20.14437],[-101.268367,20.146209],[-101.266017,20.14603],[-101.264012,20.144803],[-101.262419,20.146049],[-101.263077,20.146939],[-101.262698,20.147439],[-101.264536,20.148197],[-101.266362,20.150145],[-101.266033,20.150069],[-101.266504,20.151615],[-101.266078,20.151689],[-101.265814,20.155262],[-101.258867,20.155891],[-101.257221,20.15806],[-101.252775,20.15916],[-101.253243,20.160063],[-101.252884,20.161424],[-101.252207,20.161861],[-101.251239,20.161564]]]]}},{"type":"Feature","properties":{"cvegeo":"11006","cve_ent":"11","cve_mun":"006","nombre":"Atarjea"},"geometry":{"type":"MultiPolygon","crs":{"type":"name","properties":{"name":"EPSG:6365"}},"coordinates":[[[[-99.781891,21.396345],[-99.779101,21.394928],[-99.779037,21.390255],[-99.78026,21.389355],[-99.779838,21.387001],[-99.777013,21.385182],[-99.77616,21.383349],[-99.775456,21.379112],[-99.775989,21.378741],[-99.775388,21.376795],[-99.775496,21.374969],[-99.781616,21.367993],[-99.785636,21.365629],[-99.792104,21.360215],[-99.794522,21.357399],[-99.792133,21.343907],[-99.777565,21.343235],[-99.784308,21.332518],[-99.784786,21.331301],[-99.784878,21.327869],[-99.787791,21.329622],[-99.784003,21.32015],[-99.77996,21.313063],[-99.772186,21.309261],[-99.772394,21.308202],[-99.767945,21.304801],[-99.766907,21.303458],[-99.765723,21.30335],[-99.765339,21.301435],[-99.757894,21.29214],[-99.752425,21.291783],[-99.734161,21.301444],[-99.733804,21.303982],[-99.734251,21.308281],[-99.737253,21.312885],[-99.715169,21.313758],[-99.713497,21.31477],[-99.710735,21.315049],[-99.707565,21.314546],[-99.7014,21.310542],[-99.698323,21.30965],[-99.690269,21.307964],[-99.685586,21.308304],[-99.671303,21.301194],[-99.678013,21.288813],[-99.698244,21.26817],[-99.699076,21.266698],[-99.698438,21.258312],[-99.698908,21.258193],[-99.698489,21.254722],[-99.698706,21.240752],[-99.691876,21.234142],[-99.687855,21.22578],[-99.695549,21.228228],[-99.738483,21.235818],[-99.738264,21.235209],[-99.741115,21.232371],[-99.741078,21.231355],[-99.745411,21.227865],[-99.745247,21.226975],[-99.746496,21.225295],[-99.748602,21.223992],[-99.749994,21.22383],[-99.750671,21.222245],[-99.753892,21.220685],[-99.758106,21.216403],[-99.762129,21.215464],[-99.764341,21.213609],[-99.768451,21.211672],[-99.768631,21.210585],[-99.769604,21.209625],[-99.771293,21.209447],[-99.771529,21.208352],[-99.773246,21.207066],[-99.775834,21.207282],[-99.775395,21.204905],[-99.777068,21.196154],[-99.800052,21.179878],[-99.80493,21.178031],[-99.805958,21.176913],[-99.806817,21.177044],[-99.808021,21.176253],[-99.807433,21.175309],[-99.815064,21.167009],[-99.81802,21.166866],[-99.81723,21.165629],[-99.830426,21.157507],[-99.838422,21.157916],[-99.841707,21.158892],[-99.848136,21.163509],[-99.849045,21.163646],[-99.849268,21.164206],[-99.852639,21.164952],[-99.859035,21.164571],[-99.86046,21.166047],[-99.863397,21.166239],[-99.863508,21.166689],[-99.86604,21.167769],[-99.871647,21.169713],[-99.879328,21.168038],[-99.88155,21.168723],[-99.88342,21.168626],[-99.885288,21.17019],[-99.888194,21.169607],[-99.88796,21.17097],[-99.888373,21.17104],[-99.888605,21.173787],[-99.893416,21.176547],[-99.893494,21.177147],[-99.894014,21.17689],[-99.895214,21.177579],[-99.899347,21.183897],[-99.904222,21.185323],[-99.90367,21.185541],[-99.895205,21.20444],[-99.894579,21.212461],[-99.890891,21.228379],[-99.88914,21.234542],[-99.884162,21.247726],[-99.884698,21.248414],[-99.883654,21.248731],[-99.882831,21.250536],[-99.881271,21.251042],[-99.881305,21.252851],[-99.879957,21.254659],[-99.880699,21.256342],[-99.880577,21.257674],[-99.879821,21.25775],[-99.878895,21.258772],[-99.879101,21.260346],[-99.878679,21.261295],[-99.877315,21.261616],[-99.877002,21.264148],[-99.874704,21.269636],[-99.87517,21.270829],[-99.874329,21.272393],[-99.874485,21.273255],[-99.873434,21.27467],[-99.873783,21.276275],[-99.871848,21.282149],[-99.872413,21.283676],[-99.871655,21.288274],[-99.871936,21.289255],[-99.873305,21.28908],[-99.8695,21.306534],[-99.859262,21.340312],[-99.829739,21.377375],[-99.830886,21.379164],[-99.829978,21.379614],[-99.831042,21.382039],[-99.830407,21.382207],[-99.830019,21.383433],[-99.830847,21.383639],[-99.829479,21.384188],[-99.827224,21.384032],[-99.826488,21.383426],[-99.825192,21.383925],[-99.821718,21.382541],[-99.821,21.383182],[-99.819351,21.382922],[-99.818426,21.38394],[-99.812775,21.383163],[-99.803467,21.389558],[-99.8026,21.389521],[-99.799877,21.391524],[-99.798633,21.393069],[-99.797132,21.393484],[-99.79694,21.394792],[-99.7941,21.395847],[-99.784877,21.396656],[-99.781891,21.396345]]]]}},{"type":"Feature","properties":{"cvegeo":"11029","cve_ent":"11","cve_mun":"029","nombre":"San Diego de la Unión"},"geometry":{"type":"MultiPolygon","crs":{"type":"name","properties":{"name":"EPSG:6365"}},"coordinates":[[[[-100.835008,21.609821],[-100.816561,21.602653],[-100.814578,21.601378],[-100.809496,21.59205],[-100.805869,21.59386],[-100.792464,21.594822],[-100.783863,21.592028],[-100.776176,21.58863],[-100.773295,21.588122],[-100.771858,21.592986],[-100.773005,21.595358],[-100.768723,21.594051],[-100.76798,21.592655],[-100.766247,21.592226],[-100.766586,21.590877],[-100.765175,21.590288],[-100.764532,21.588279],[-100.763467,21.588414],[-100.762024,21.585051],[-100.755198,21.583526],[-100.75157,21.580766],[-100.747042,21.571916],[-100.746775,21.568118],[-100.744774,21.567035],[-100.741223,21.563429],[-100.739976,21.557635],[-100.740104,21.555629],[-100.74109,21.555296],[-100.740673,21.555242],[-100.732183,21.541161],[-100.730144,21.535535],[-100.702833,21.546126],[-100.694284,21.534815],[-100.712532,21.529938],[-100.717943,21.524582],[-100.720465,21.525165],[-100.727758,21.523336],[-100.727452,21.520628],[-100.728347,21.520448],[-100.734399,21.521772],[-100.742599,21.516956],[-100.741712,21.511149],[-100.733008,21.511588],[-100.733193,21.512032],[-100.731518,21.512054],[-100.731407,21.511333],[-100.725873,21.51166],[-100.700874,21.516758],[-100.700979,21.504844],[-100.702043,21.504933],[-100.702298,21.489539],[-100.703332,21.488626],[-100.704062,21.486861],[-100.703933,21.482603],[-100.700839,21.481784],[-100.699527,21.476806],[-100.702723,21.462482],[-100.704911,21.45738],[-100.704185,21.457392],[-100.697711,21.447428],[-100.689753,21.427927],[-100.69587,21.423802],[-100.683151,21.406981],[-100.677988,21.393473],[-100.649848,21.400336],[-100.641156,21.401558],[-100.638409,21.40072],[-100.629382,21.394975],[-100.627942,21.395024],[-100.626897,21.39317],[-100.626415,21.393093],[-100.622832,21.395102],[-100.622604,21.397509],[-100.623014,21.399491],[-100.612548,21.398254],[-100.606105,21.402165],[-100.605445,21.399588],[-100.606018,21.39772],[-100.605441,21.396462],[-100.59839,21.391396],[-100.604426,21.371874],[-100.599409,21.371017],[-100.60402,21.358981],[-100.610325,21.35385],[-100.602326,21.349691],[-100.607873,21.334285],[-100.632473,21.350439],[-100.635916,21.345751],[-100.634248,21.344651],[-100.637892,21.341134],[-100.640216,21.337975],[-100.641263,21.338667],[-100.643055,21.336272],[-100.678078,21.362057],[-100.679693,21.363456],[-100.681778,21.367962],[-100.683816,21.37068],[-100.686244,21.370908],[-100.687933,21.369314],[-100.693867,21.369799],[-100.697522,21.364777],[-100.693893,21.357151],[-100.694713,21.352796],[-100.683488,21.35357],[-100.683308,21.352931],[-100.695631,21.351006],[-100.695546,21.347257],[-100.696501,21.347392],[-100.695552,21.342063],[-100.68479,21.339917],[-100.685501,21.337357],[-100.69185,21.338544],[-100.693096,21.335551],[-100.690142,21.335186],[-100.690833,21.333429],[-100.686869,21.332907],[-100.687324,21.331706],[-100.681185,21.330767],[-100.677832,21.323738],[-100.671095,21.322536],[-100.671116,21.320682],[-100.676878,21.32173],[-100.674806,21.317431],[-100.672985,21.317134],[-100.672498,21.31576],[-100.674124,21.316021],[-100.672124,21.311883],[-100.678387,21.310763],[-100.681792,21.309646],[-100.688332,21.309594],[-100.690008,21.310098],[-100.701749,21.309095],[-100.700585,21.306304],[-100.704086,21.304563],[-100.705063,21.306041],[-100.70928,21.304592],[-100.708185,21.302537],[-100.711741,21.300847],[-100.721418,21.297874],[-100.72569,21.295668],[-100.728396,21.296183],[-100.727648,21.294938],[-100.729493,21.2943],[-100.7309,21.296443],[-100.732447,21.295271],[-100.732043,21.294482],[-100.732606,21.29422],[-100.738638,21.301045],[-100.741359,21.31022],[-100.739624,21.311766],[-100.742731,21.314058],[-100.743516,21.315241],[-100.743001,21.315738],[-100.748594,21.318992],[-100.758309,21.318461],[-100.761161,21.321522],[-100.76567,21.319417],[-100.766442,21.319978],[-100.767635,21.321762],[-100.76807,21.325959],[-100.766839,21.326409],[-100.765658,21.328492],[-100.763299,21.329094],[-100.759272,21.332014],[-100.769119,21.336021],[-100.778717,21.327762],[-100.783224,21.325683],[-100.789836,21.320885],[-100.798312,21.316502],[-100.796813,21.32203],[-100.798463,21.321404],[-100.800367,21.325115],[-100.803592,21.32588],[-100.806609,21.319376],[-100.812802,21.319824],[-100.813056,21.32156],[-100.817856,21.325618],[-100.821495,21.323904],[-100.821562,21.32245],[-100.822692,21.3214],[-100.820581,21.321143],[-100.818535,21.317578],[-100.820098,21.317476],[-100.824365,21.314994],[-100.824762,21.316204],[-100.827345,21.316056],[-100.829422,21.317336],[-100.828945,21.317754],[-100.829671,21.317477],[-100.830137,21.317884],[-100.830176,21.320534],[-100.829087,21.320962],[-100.828581,21.321905],[-100.8296,21.323895],[-100.832574,21.325001],[-100.83486,21.326702],[-100.838601,21.327859],[-100.84736,21.323742],[-100.850478,21.320446],[-100.85159,21.320863],[-100.853458,21.322609],[-100.855143,21.326129],[-100.85715,21.327101],[-100.856245,21.332016],[-100.857711,21.332623],[-100.858605,21.334208],[-100.873034,21.331374],[-100.871678,21.32463],[-100.872518,21.324398],[-100.879216,21.323834],[-100.893761,21.325415],[-100.893599,21.323276],[-100.899749,21.324052],[-100.901727,21.331556],[-100.90337,21.341827],[-100.908454,21.342298],[-100.90866,21.339933],[-100.923419,21.341181],[-100.923234,21.339159],[-100.92539,21.331013],[-100.92105,21.322449],[-100.916683,21.317336],[-100.924686,21.312273],[-100.930719,21.310061],[-100.938118,21.308347],[-100.946252,21.305341],[-100.954611,21.305332],[-100.955914,21.306388],[-100.957133,21.306053],[-100.957064,21.305526],[-100.95977,21.305974],[-100.961852,21.306735],[-100.964881,21.30917],[-100.966222,21.310958],[-100.970766,21.311852],[-100.976313,21.314801],[-100.977015,21.316132],[-100.975044,21.317538],[-100.974894,21.318268],[-100.988649,21.336241],[-100.992685,21.340402],[-100.993446,21.342765],[-100.994548,21.344021],[-100.994142,21.345402],[-100.993381,21.346017],[-100.994299,21.347898],[-100.998111,21.350056],[-101.009345,21.343066],[-101.006501,21.338324],[-101.006242,21.338537],[-101.003559,21.333293],[-101.003742,21.33296],[-101.005363,21.333236],[-101.005237,21.332255],[-101.006488,21.331395],[-101.006982,21.332713],[-101.016124,21.32913],[-101.017907,21.329291],[-101.018041,21.328634],[-101.018929,21.32852],[-101.017493,21.320946],[-101.019464,21.321038],[-101.02744,21.324069],[-101.040518,21.326025],[-101.039129,21.330759],[-101.038898,21.3356],[-101.040544,21.340146],[-101.039717,21.344348],[-101.040556,21.347716],[-101.039035,21.348946],[-101.03777,21.354997],[-101.037873,21.356511],[-101.041387,21.365567],[-101.036417,21.378763],[-101.025895,21.402157],[-101.023704,21.421529],[-101.030415,21.441701],[-101.039555,21.44547],[-101.030276,21.474991],[-101.024304,21.478051],[-101.022297,21.478111],[-101.020027,21.479204],[-101.01887,21.480705],[-101.026107,21.488796],[-101.009204,21.493722],[-101.004329,21.539628],[-100.983383,21.537436],[-100.965632,21.54483],[-100.933903,21.561855],[-100.930078,21.598695],[-100.872573,21.594328],[-100.857612,21.61896],[-100.835008,21.609821]]]]}},{"type":"Feature","properties":{"cvegeo":"11020","cve_ent":"11","cve_mun":"020","nombre":"León"},"geometry":{"type":"MultiPolygon","crs":{"type":"name","properties":{"name":"EPSG:6365"}},"coordinates":[[[[-101.64379,21.330122],[-101.642272,21.329345],[-101.639559,21.329053],[-101.636841,21.32577],[-101.634765,21.325741],[-101.633575,21.326796],[-101.632355,21.327123],[-101.630225,21.326351],[-101.630018,21.325477],[-101.616241,21.324414],[-101.615354,21.32118],[-101.615354,21.317994],[-101.612602,21.31487],[-101.610965,21.314155],[-101.60975,21.314789],[-101.606832,21.313249],[-101.604361,21.3134],[-101.602884,21.312852],[-101.602501,21.313637],[-101.601379,21.313802],[-101.601521,21.314455],[-101.589992,21.311844],[-101.588724,21.310901],[-101.586872,21.310498],[-101.586118,21.309958],[-101.58619,21.308643],[-101.585023,21.30619],[-101.586434,21.301378],[-101.586069,21.297518],[-101.584491,21.294609],[-101.583039,21.294219],[-101.582601,21.29292],[-101.579829,21.290049],[-101.575903,21.28732],[-101.574714,21.287062],[-101.57332,21.287626],[-101.562896,21.283154],[-101.559916,21.281075],[-101.558871,21.279719],[-101.558951,21.277995],[-101.557738,21.275939],[-101.55271,21.274548],[-101.549308,21.272968],[-101.548398,21.273181],[-101.547964,21.27171],[-101.543744,21.27074],[-101.537315,21.272479],[-101.537398,21.257116],[-101.528214,21.255447],[-101.527739,21.245429],[-101.523297,21.245516],[-101.522083,21.231815],[-101.51829,21.229128],[-101.512748,21.228385],[-101.511251,21.226725],[-101.501554,21.233136],[-101.502046,21.236163],[-101.501562,21.237518],[-101.502724,21.238441],[-101.502952,21.240043],[-101.500084,21.243723],[-101.500879,21.245813],[-101.505649,21.244625],[-101.501367,21.251461],[-101.49915,21.252737],[-101.498385,21.255111],[-101.497275,21.255177],[-101.489426,21.252514],[-101.488917,21.251173],[-101.488211,21.251012],[-101.484003,21.251877],[-101.479465,21.254276],[-101.472068,21.256208],[-101.468414,21.259011],[-101.461944,21.256324],[-101.459251,21.25478],[-101.457768,21.253128],[-101.454794,21.251735],[-101.449388,21.25166],[-101.447416,21.252637],[-101.444643,21.253043],[-101.444004,21.25389],[-101.443124,21.254017],[-101.441767,21.252279],[-101.440148,21.251874],[-101.438719,21.249545],[-101.435722,21.246922],[-101.433335,21.244003],[-101.431676,21.239976],[-101.43246,21.239671],[-101.431448,21.235595],[-101.430352,21.236049],[-101.429881,21.235234],[-101.426965,21.227811],[-101.422918,21.228064],[-101.41872,21.226396],[-101.418488,21.226794],[-101.412541,21.227075],[-101.412988,21.225032],[-101.412656,21.223178],[-101.410856,21.221884],[-101.411469,21.219435],[-101.409709,21.216809],[-101.407854,21.216053],[-101.406673,21.21492],[-101.397598,21.215209],[-101.39402,21.214549],[-101.393029,21.213285],[-101.391348,21.212876],[-101.383819,21.192072],[-101.383637,21.191059],[-101.385993,21.188775],[-101.385333,21.188765],[-101.383041,21.186301],[-101.380115,21.184184],[-101.377791,21.183235],[-101.376921,21.181101],[-101.372598,21.179699],[-101.37225,21.177028],[-101.377729,21.169035],[-101.379473,21.167669],[-101.379745,21.165485],[-101.384213,21.15991],[-101.384123,21.15931],[-101.386502,21.155425],[-101.388263,21.15373],[-101.386585,21.151848],[-101.384471,21.151267],[-101.383969,21.150269],[-101.385055,21.149139],[-101.384817,21.147809],[-101.387569,21.147431],[-101.387,21.146372],[-101.387176,21.144933],[-101.385856,21.143512],[-101.386881,21.140289],[-101.386697,21.138488],[-101.388257,21.138064],[-101.388436,21.136913],[-101.387967,21.136575],[-101.387743,21.134673],[-101.388663,21.132667],[-101.389566,21.132157],[-101.393147,21.132546],[-101.393879,21.130281],[-101.395009,21.128949],[-101.398209,21.131851],[-101.400927,21.130961],[-101.400614,21.128781],[-101.400935,21.12871],[-101.402331,21.129812],[-101.405134,21.130927],[-101.40634,21.131981],[-101.406872,21.133277],[-101.40868,21.13402],[-101.409309,21.133679],[-101.409373,21.134448],[-101.410098,21.134896],[-101.411019,21.134698],[-101.411605,21.136172],[-101.416224,21.134215],[-101.416597,21.133208],[-101.418503,21.133133],[-101.420806,21.13145],[-101.420121,21.131301],[-101.421581,21.130158],[-101.42294,21.131782],[-101.422809,21.132778],[-101.424582,21.134961],[-101.424612,21.135911],[-101.427488,21.137871],[-101.428369,21.137507],[-101.429569,21.138702],[-101.43109,21.138611],[-101.432383,21.139517],[-101.434777,21.137286],[-101.438284,21.140179],[-101.439778,21.140648],[-101.442533,21.138758],[-101.443738,21.140062],[-101.444408,21.146794],[-101.451588,21.148559],[-101.452712,21.149776],[-101.452481,21.151409],[-101.454173,21.151764],[-101.457141,21.151349],[-101.460586,21.152118],[-101.464656,21.151494],[-101.471015,21.152595],[-101.472358,21.152203],[-101.476624,21.132894],[-101.47598,21.132651],[-101.477425,21.131291],[-101.477306,21.128949],[-101.478003,21.127867],[-101.479484,21.120678],[-101.48013,21.120084],[-101.479755,21.119519],[-101.480339,21.119222],[-101.479746,21.117928],[-101.480673,21.115598],[-101.480375,21.114402],[-101.481373,21.114081],[-101.481273,21.113362],[-101.482452,21.112351],[-101.481679,21.111299],[-101.482497,21.107807],[-101.482809,21.108239],[-101.483134,21.10778],[-101.482755,21.107572],[-101.484735,21.090471],[-101.486603,21.063061],[-101.488465,21.044392],[-101.483856,21.044134],[-101.485796,21.026393],[-101.497324,21.027319],[-101.497764,21.022926],[-101.499238,21.022801],[-101.499602,21.018506],[-101.498745,21.018454],[-101.499378,21.010614],[-101.522845,21.014151],[-101.522832,21.015614],[-101.528559,21.016833],[-101.529603,21.015276],[-101.536134,21.018793],[-101.535234,21.016392],[-101.542169,21.015492],[-101.542205,21.014307],[-101.545484,21.01404],[-101.546553,21.023956],[-101.563205,21.025767],[-101.566612,21.026812],[-101.570934,21.02921],[-101.57132,21.028718],[-101.573113,21.029545],[-101.574132,21.027901],[-101.574347,21.024314],[-101.57535,21.024501],[-101.576163,21.021557],[-101.569677,21.019582],[-101.570509,21.01819],[-101.571276,21.018367],[-101.572126,21.015779],[-101.575313,21.016812],[-101.577885,21.011774],[-101.567845,21.010516],[-101.568078,21.00557],[-101.568926,21.002447],[-101.570522,21.001096],[-101.577636,21.002017],[-101.581777,20.976969],[-101.580502,20.975052],[-101.562098,20.978991],[-101.563422,20.963584],[-101.568603,20.961666],[-101.568469,20.960532],[-101.566809,20.96039],[-101.565881,20.957208],[-101.563883,20.957906],[-101.564104,20.950449],[-101.560642,20.949995],[-101.559732,20.95734],[-101.551727,20.957982],[-101.552039,20.956584],[-101.552694,20.956934],[-101.552308,20.954924],[-101.55282,20.951719],[-101.54881,20.948788],[-101.549194,20.945065],[-101.540581,20.944237],[-101.540918,20.942261],[-101.561328,20.944346],[-101.56397,20.921355],[-101.565142,20.921464],[-101.566411,20.910342],[-101.567482,20.905219],[-101.586222,20.908278],[-101.581498,20.917315],[-101.580299,20.921852],[-101.589468,20.924208],[-101.588728,20.93827],[-101.593652,20.937703],[-101.592312,20.937821],[-101.595065,20.925731],[-101.595984,20.925476],[-101.641292,20.929046],[-101.646623,20.891469],[-101.661941,20.897951],[-101.664104,20.89841],[-101.667206,20.895509],[-101.666381,20.895263],[-101.666668,20.894427],[-101.666166,20.894384],[-101.67006,20.890756],[-101.665113,20.884972],[-101.665222,20.882093],[-101.668255,20.881834],[-101.669415,20.882506],[-101.668615,20.883922],[-101.668586,20.885279],[-101.669215,20.886201],[-101.671797,20.886165],[-101.675804,20.884655],[-101.680798,20.876968],[-101.685583,20.870799],[-101.687744,20.866476],[-101.688287,20.866667],[-101.689446,20.864598],[-101.691451,20.865142],[-101.695954,20.874955],[-101.688543,20.893019],[-101.697008,20.894048],[-101.70053,20.905283],[-101.710252,20.907038],[-101.716122,20.910055],[-101.71767,20.907144],[-101.71884,20.907326],[-101.717988,20.909303],[-101.718568,20.90824],[-101.722405,20.909047],[-101.722243,20.910026],[-101.717686,20.915633],[-101.717831,20.925396],[-101.712813,20.954481],[-101.703569,20.954465],[-101.671725,20.951071],[-101.668378,20.994143],[-101.701507,20.997676],[-101.699965,20.992262],[-101.709889,20.991794],[-101.710811,20.982996],[-101.725354,20.982331],[-101.735239,20.983059],[-101.738373,20.981823],[-101.73589,20.984175],[-101.735512,20.985601],[-101.735829,20.987737],[-101.734272,20.999201],[-101.732968,21.002017],[-101.730284,21.005073],[-101.744832,21.006582],[-101.74452,21.00816],[-101.747584,21.007245],[-101.752554,21.007996],[-101.759375,21.009559],[-101.775128,21.014946],[-101.783832,21.01625],[-101.782121,21.022416],[-101.779556,21.026591],[-101.779711,21.028358],[-101.781202,21.031114],[-101.782367,21.031233],[-101.782636,21.032356],[-101.779939,21.042273],[-101.785927,21.049486],[-101.786963,21.049864],[-101.78815,21.049351],[-101.789988,21.052717],[-101.800308,21.050399],[-101.800804,21.050575],[-101.801318,21.053657],[-101.800914,21.053945],[-101.801431,21.055297],[-101.802603,21.055171],[-101.802,21.053679],[-101.803166,21.052017],[-101.808921,21.051952],[-101.807919,21.055701],[-101.808018,21.057898],[-101.807161,21.05942],[-101.807016,21.065457],[-101.807832,21.066916],[-101.807719,21.068247],[-101.805824,21.070888],[-101.804912,21.076497],[-101.802836,21.076421],[-101.801261,21.077114],[-101.801335,21.077804],[-101.800118,21.078386],[-101.800497,21.080864],[-101.800933,21.081563],[-101.805491,21.08319],[-101.805515,21.085559],[-101.808374,21.085899],[-101.8101,21.092101],[-101.811755,21.095901],[-101.810343,21.099768],[-101.810936,21.100572],[-101.81084,21.102306],[-101.809377,21.1048],[-101.809235,21.109948],[-101.813523,21.108903],[-101.817659,21.107046],[-101.820268,21.118666],[-101.822514,21.120732],[-101.824408,21.120542],[-101.826775,21.122079],[-101.829891,21.119104],[-101.830846,21.119373],[-101.831358,21.128015],[-101.832092,21.128342],[-101.832858,21.129671],[-101.833448,21.137273],[-101.828769,21.13767],[-101.827386,21.136801],[-101.824532,21.136623],[-101.824043,21.136042],[-101.822423,21.135915],[-101.82164,21.136718],[-101.820443,21.136583],[-101.817924,21.137339],[-101.814363,21.140577],[-101.813562,21.140317],[-101.811826,21.141237],[-101.810567,21.142556],[-101.810332,21.146108],[-101.811151,21.147479],[-101.810121,21.148546],[-101.810656,21.149453],[-101.814195,21.148377],[-101.815698,21.149527],[-101.813753,21.151979],[-101.813842,21.153327],[-101.812235,21.15492],[-101.810583,21.156275],[-101.808716,21.156537],[-101.804776,21.158501],[-101.805458,21.16457],[-101.80501,21.165631],[-101.804009,21.166348],[-101.787271,21.156382],[-101.783037,21.157779],[-101.781973,21.160042],[-101.781109,21.160528],[-101.782084,21.163177],[-101.781996,21.165893],[-101.783682,21.171179],[-101.783058,21.17314],[-101.781145,21.175997],[-101.781335,21.18108],[-101.780055,21.182558],[-101.779774,21.184238],[-101.781157,21.187413],[-101.780665,21.191423],[-101.778906,21.193039],[-101.777059,21.193892],[-101.775683,21.195941],[-101.774435,21.196584],[-101.773647,21.223489],[-101.7712,21.234731],[-101.765949,21.242231],[-101.754586,21.243889],[-101.758035,21.248515],[-101.761108,21.251294],[-101.762589,21.251872],[-101.76455,21.25355],[-101.76627,21.255486],[-101.766887,21.256953],[-101.768197,21.257732],[-101.765749,21.260095],[-101.763717,21.259505],[-101.759403,21.260613],[-101.757814,21.263683],[-101.759911,21.26601],[-101.759717,21.267622],[-101.756715,21.269799],[-101.752215,21.270138],[-101.749571,21.271994],[-101.742652,21.271438],[-101.742288,21.270202],[-101.740081,21.269989],[-101.738535,21.26916],[-101.73707,21.270072],[-101.735788,21.277292],[-101.709377,21.280726],[-101.707172,21.276475],[-101.704337,21.276305],[-101.702005,21.275463],[-101.700752,21.276856],[-101.698934,21.277772],[-101.698842,21.280797],[-101.69773,21.283845],[-101.695976,21.285131],[-101.694521,21.287675],[-101.686675,21.29406],[-101.683306,21.292091],[-101.681455,21.291988],[-101.678098,21.29052],[-101.676216,21.288355],[-101.671794,21.287117],[-101.671108,21.288182],[-101.669388,21.287905],[-101.668321,21.286836],[-101.667232,21.286636],[-101.666268,21.286651],[-101.665954,21.287836],[-101.664925,21.28763],[-101.664759,21.287004],[-101.662853,21.28658],[-101.660888,21.28716],[-101.659449,21.288195],[-101.659742,21.2898],[-101.658484,21.289568],[-101.657942,21.290374],[-101.65757,21.292089],[-101.655799,21.294756],[-101.650487,21.297884],[-101.647857,21.297557],[-101.643177,21.299336],[-101.642469,21.300863],[-101.64126,21.304083],[-101.641195,21.30714],[-101.641968,21.308893],[-101.640787,21.310532],[-101.641009,21.314737],[-101.641687,21.318348],[-101.643136,21.322005],[-101.645938,21.325419],[-101.646151,21.326318],[-101.64581,21.328201],[-101.643944,21.32964],[-101.643978,21.330172],[-101.64379,21.330122]]]]}}]}